municipio,uf,cargo,numero,candidato,partido,votos,situacao,vagas_partido
Águas Vermelhas,MG,Deputado Federal,2222,NIKOLAS FERREIRA DE OLIVEIRA,PL,564,,
Águas Vermelhas,MG,Deputado Federal,2200,JOSE VITOR DE RESENDE AGUIAR,PL,0,,
Águas Vermelhas,MG,Deputado Federal,2240,EMIDIO ALVES MADEIRA JUNIOR,PL,1,,
Águas Vermelhas,MG,Deputado Federal,2277,EROS FERREIRA BIONDINI,PL,8,,
Águas Vermelhas,MG,Deputado Federal,2280,VINICIUS ABREU DINIZ,PL,0,,
Águas Vermelhas,MG,Deputado Federal,2227,IGOR PEREIRA DOS SANTOS,PL,8,,
Águas Vermelhas,MG,Deputado Federal,2260,MARCOS VINICIUS DA SILVA BIZARRO,PL,0,,
Águas Vermelhas,MG,Deputado Federal,2270,GREYCE DE QUEIROZ ELIAS,PL,2583,,
Águas Vermelhas,MG,Deputado Federal,2250,LAFAYETTE LUIZ DOORGAL DE ANDRADA,PL,2,,
Águas Vermelhas,MG,Deputado Federal,2252,FREDERICO DE CASTRO ESCALEIRA,PL,2,,
Águas Vermelhas,MG,Deputado Federal,2212,CRISTIANO CAPOREZZO ARAUJO PIRES FERREIRA,PL,1,,
Águas Vermelhas,MG,Deputado Federal,2215,ROSANGELA DE OLIVEIRA CAMPOS REIS,PL,0,,
Águas Vermelhas,MG,Deputado Federal,2244,MARCELO HENRIQUE TEIXEIRA DIAS,PL,3,,
Águas Vermelhas,MG,Deputado Federal,2225,FABIO AUGUSTO RAMALHO DOS SANTOS,PL,0,,
Águas Vermelhas,MG,Deputado Federal,2275,THIAGO MARTINS MILHIM,PL,3,,
Águas Vermelhas,MG,Deputado Federal,2232,IONE MARIA MOREIRA DIAS BARBOSA,PL,0,,
Águas Vermelhas,MG,Deputado Federal,2204,RODRIGO RODRIGUES TAVARES,PL,11,,
Águas Vermelhas,MG,Deputado Federal,2233,LINCOLN DINIZ PORTELA,PL,0,,
Águas Vermelhas,MG,Deputado Federal,2219,LUIZ GONZAGA RIBEIRO,PL,3,,
Águas Vermelhas,MG,Deputado Federal,2299,GERALDO JUNIO DO AMARAL,PL,0,,
Águas Vermelhas,MG,Deputado Federal,2245,CARLOS ALBERTO DE MELLO,PL,0,,
Águas Vermelhas,MG,Deputado Federal,2234,IRLAN CHAVES DE OLIVEIRA MELO,PL,7,,
Águas Vermelhas,MG,Deputado Federal,2255,CLAUDIA ARAUJO ROMUALDO,PL,0,,
Águas Vermelhas,MG,Deputado Federal,2290,CHARLLES THOMACELLI EVANGELISTA,PL,0,,
Águas Vermelhas,MG,Deputado Federal,2288,HERMANO BERNARDES DE ANDRADE FREITAS,PL,0,,
Águas Vermelhas,MG,Deputado Federal,2211,WILI DOS SANTOS,PL,2,,
Águas Vermelhas,MG,Deputado Federal,2210,MAURICIO LUIZ DE SOUZA,PL,2,,
Águas Vermelhas,MG,Deputado Federal,2235,SERGIO ANTONIO CARVALHO DE AZEVEDO,PL,1,,
Águas Vermelhas,MG,Deputado Federal,2231,CLEUSA BERNADETH LARA CORREA,PL,1,,
Águas Vermelhas,MG,Deputado Federal,2236,FABIANO LOPES FERREIRA CAZECA,PL,3,,
Águas Vermelhas,MG,Deputado Federal,2202,GLADSTON GABRIEL DA SILVA,PL,0,,
Águas Vermelhas,MG,Deputado Federal,2278,ANDRE NUNES COSTA,PL,9,,
Águas Vermelhas,MG,Deputado Federal,2230,GLAUCIA MARIA SANTIAGO RODRIGUES,PL,1,,
Águas Vermelhas,MG,Deputado Federal,2223,FARLEY FREDERICO DE OLIVEIRA SOUZA,PL,1,,
Águas Vermelhas,MG,Deputado Federal,2256,REGINALDO FERREIRA TIAGO,PL,6,,
Águas Vermelhas,MG,Deputado Federal,2216,VITOR PENIDO DE BARROS,PL,0,,
Águas Vermelhas,MG,Deputado Federal,2221,CAROLINE FIGUEIREDO COSTA,PL,2,,
Águas Vermelhas,MG,Deputado Federal,2203,CRISTIANO GERALDO DA SILVA,PL,0,,
Águas Vermelhas,MG,Deputado Federal,2201,SIMONIA MARIA DE JESUS MAGALHAES,PL,0,,
Águas Vermelhas,MG,Deputado Federal,2272,PERICLES D'AVILA BARTHOLOMEU,PL,0,,
Águas Vermelhas,MG,Deputado Federal,2226,CARLA SOARES DE ANDRADE,PL,0,,
Águas Vermelhas,MG,Deputado Federal,2242,EVANDRO ALESSIO RODRIGUES PEREIRA,PL,0,,
Águas Vermelhas,MG,Deputado Federal,2269,EDSON MOREIRA DA SILVA,PL,0,,
Águas Vermelhas,MG,Deputado Federal,2282,ANIELE ANDRADE FONSECA MENDES,PL,0,,
Águas Vermelhas,MG,Deputado Federal,2258,GILSON DANIEL DE OLIVEIRA,PL,0,,
Águas Vermelhas,MG,Deputado Federal,2206,LAIZA LIMA AVELAR DO ESPÍRITO SANTO,PL,0,,
Águas Vermelhas,MG,Deputado Federal,2207,LETICIA MIRANDA SANTIAGO DE JESUS,PL,0,,
Águas Vermelhas,MG,Deputado Federal,2214,MARLISE BARROSO DE OLIVEIRA,PL,0,,
Águas Vermelhas,MG,Deputado Federal,2262,CIBELLE RODOVALHO GUERRA ALCANTARA,PL,0,,
Águas Vermelhas,MG,Deputado Federal,2217,IVANEIDE GONCALVES PIMENTA,PL,1,,
Águas Vermelhas,MG,Deputado Federal,2266,SUELI CAMPOS MEDEIROS,PL,0,,
Águas Vermelhas,MG,Deputado Federal,2298,SILVANA EPIFANIO DE ARAUJO,PL,0,,
Águas Vermelhas,MG,Deputado Federal,1331,ANA ELISA SANTOS SILVA,PT,219,,
Águas Vermelhas,MG,Deputado Federal,1312,REGINALDO LAZARO DE OLIVEIRA LOPES,PT,45,,
Águas Vermelhas,MG,Deputado Federal,1313,ROGERIO CORREIA DE MOURA BAPTISTA,PT,27,,
Águas Vermelhas,MG,Deputado Federal,1314,ANA CRISTINA DE LIMA PIMENTEL,PT,2,,
Águas Vermelhas,MG,Deputado Federal,1307,GLEIDE ANDRADE DE OLIVEIRA,PT,3,,
Águas Vermelhas,MG,Deputado Federal,1378,PAULO JOSE CARLOS GUEDES,PT,205,,
Águas Vermelhas,MG,Deputado Federal,1300,PEDRO FARAH ROUSSEFF,PT,14,,
Águas Vermelhas,MG,Deputado Federal,1339,MIGUEL ANGELO MONTEIRO ANDRADE,PT,185,,
Águas Vermelhas,MG,Deputado Federal,1334,DANDARA TONANTZIN SILVA CASTRO,PT,5,,
Águas Vermelhas,MG,Deputado Federal,1390,ISABELLA GONÇALVES MIRANDA,PT,12,,
Águas Vermelhas,MG,Deputado Federal,1315,JOAO CARLOS SIQUEIRA,PT,236,,
Águas Vermelhas,MG,Deputado Federal,1363,JOSE LEONARDO COSTA MONTEIRO,PT,85,,
Águas Vermelhas,MG,Deputado Federal,1350,GILMAR ALVES MACHADO,PT,0,,
Águas Vermelhas,MG,Deputado Federal,1333,JOÃO GABRIEL FASSBENDER BARRETO PRATES,PT,3,,
Águas Vermelhas,MG,Deputado Federal,1310,ADRIANA CRISTINA ARAUJO,PT,2,,
Águas Vermelhas,MG,Deputado Federal,1388,IARA DE FATIMA PIMENTEL VELOSO,PT,0,,
Águas Vermelhas,MG,Deputado Federal,1368,JOAO BATISTA DOS MARES GUIA,PT,0,,
Águas Vermelhas,MG,Deputado Federal,1311,EDINALDO SOARES DE SOUZA,PT,4,,
Águas Vermelhas,MG,Deputado Federal,1344,VALCIR DA SILVA,PT,0,,
Águas Vermelhas,MG,Deputado Federal,1355,MARILDA APARECIDA SIMEAO,PT,1,,
Águas Vermelhas,MG,Deputado Federal,1345,JOAQUIM FLORISVALDO TEÓFILO,PT,3,,
Águas Vermelhas,MG,Deputado Federal,1330,LUNNA DA SILVA,PT,1,,
Águas Vermelhas,MG,Deputado Federal,1321,ADEMIR DE OLIVEIRA PINTO,PT,0,,
Águas Vermelhas,MG,Deputado Federal,1391,JOANA D ARC CARVALHO GUIMARÃES,PT,0,,
Águas Vermelhas,MG,Deputado Federal,1377,VIVIANE ROBERTA DOS SANTOS,PT,0,,
Águas Vermelhas,MG,Deputado Federal,1351,NANCI RAMOS DE MENEZES,PT,0,,
Águas Vermelhas,MG,Deputado Federal,1366,JOELMA DA SILVA ALMEIDA,PT,0,,
Águas Vermelhas,MG,Deputado Federal,1325,LUIS DO NASCIMENTO,PT,0,,
Águas Vermelhas,MG,Deputado Federal,1338,JOSE GERALDO DOS SANTOS,PT,0,,
Águas Vermelhas,MG,Deputado Federal,1326,AMANTINO SOUZA DE ANDRADE,PT,0,,
Águas Vermelhas,MG,Deputado Federal,1327,ALAIR DIMAS,PT,0,,
Águas Vermelhas,MG,Deputado Federal,1362,IRNAC VALADARES SILVA,PT,0,,
Águas Vermelhas,MG,Deputado Federal,1308,MARCIO SOARES,PT,0,,
Águas Vermelhas,MG,Deputado Federal,6510,WADSON NATHANIEL RIBEIRO,PCDOB,0,,
Águas Vermelhas,MG,Deputado Federal,6515,TELMA MARIA DE OLIVEIRA,PCDOB,0,,
Águas Vermelhas,MG,Deputado Federal,4350,LOHANNA SOUZA FRANÇA MOREIRA DE OLIVEIRA,PV,15,,
Águas Vermelhas,MG,Deputado Federal,4321,RUY ADRIANO BORGES MUNIZ,PV,0,,
Águas Vermelhas,MG,Deputado Federal,4333,ANDERSON ADAUTO PEREIRA,PV,0,,
Águas Vermelhas,MG,Deputado Federal,4377,FABIANO DA SILVA MORETI,PV,0,,
Águas Vermelhas,MG,Deputado Federal,4310,CLAYSON FELIZOLA DOS REIS,PV,1,,
Águas Vermelhas,MG,Deputado Federal,4300,ANTONIO CARLOS JACOB,PV,0,,
Águas Vermelhas,MG,Deputado Federal,4340,TALES BANDEIRA ARRUDAS,PV,2,,
Águas Vermelhas,MG,Deputado Federal,4343,HELEN MARCIA SOARES,PV,0,,
Águas Vermelhas,MG,Deputado Federal,4399,FERNANDO MARIANO FERREIRA,PV,0,,
Águas Vermelhas,MG,Deputado Federal,4334,ADRIANA HELENA MARQUES BUZELIN,PV,0,,
Águas Vermelhas,MG,Deputado Federal,4388,LIDIANE CRISTINA LOURENCO,PV,0,,
Águas Vermelhas,MG,Deputado Federal,2929,LOURDES FRANCISCO DA COSTA,PCO,0,,
Águas Vermelhas,MG,Deputado Federal,2999,AGNALDO TIMOTEO PEREIRA LIRIO,PCO,0,,
Águas Vermelhas,MG,Deputado Federal,1122,ANTÔNIO PINHEIRO NETO,PP,13,,
Águas Vermelhas,MG,Deputado Federal,1111,DIMAS FABIANO TOLEDO JUNIOR,PP,11,,
Águas Vermelhas,MG,Deputado Federal,1100,MOACIR MARTINS DA COSTA JUNIOR,PP,2,,
Águas Vermelhas,MG,Deputado Federal,1193,PEDRO DOSHIKAZU PIANCHÃO AIHARA,PP,1,,
Águas Vermelhas,MG,Deputado Federal,1199,ANA PAULA PROCOPIO JUNQUEIRA,PP,2,,
Águas Vermelhas,MG,Deputado Federal,1123,LUCIANA DE OLIVEIRA RAMPI,PP,12,,
Águas Vermelhas,MG,Deputado Federal,1178,FERNANDO PEREIRA DA SILVA,PP,12,,
Águas Vermelhas,MG,Deputado Federal,1131,VINICIUS DE RESENDE,PP,1,,
Águas Vermelhas,MG,Deputado Federal,1125,JULIO CESAR DE ARAUJO,PP,0,,
Águas Vermelhas,MG,Deputado Federal,1133,ELIO ANTONIO LACERDA,PP,0,,
Águas Vermelhas,MG,Deputado Federal,1130,ERIKA GUERRIERI BARBOSA,PP,0,,
Águas Vermelhas,MG,Deputado Federal,1107,NARCISO JOSE GONCALVES,PP,0,,
Águas Vermelhas,MG,Deputado Federal,1155,FLAVIA APARECIDA MARTINS NEVES DO VAL,PP,0,,
Águas Vermelhas,MG,Deputado Federal,1144,LEILA CORDEIRO DA CRUZ,PP,0,,
Águas Vermelhas,MG,Deputado Federal,1113,CLAUDIO MOREIRA RIBEIRO,PP,1,,
Águas Vermelhas,MG,Deputado Federal,1188,CLARY ANNY BATISTA DA SILVEIRA LEMOS,PP,0,,
Águas Vermelhas,MG,Deputado Federal,1177,ADAO NUNES DE SOUZA,PP,0,,
Águas Vermelhas,MG,Deputado Federal,1117,NATHANIELLE DE OLIVEIRA GONCALVES ALMEIDA,PP,0,,
Águas Vermelhas,MG,Deputado Federal,1135,JOAO PAULO FERREIRA ALBANO,PP,0,,
Águas Vermelhas,MG,Deputado Federal,1124,LEONORA ROSA,PP,0,,
Águas Vermelhas,MG,Deputado Federal,1115,SHIRLEY ROSA DOS SANTOS,PP,0,,
Águas Vermelhas,MG,Deputado Federal,1170,CELSO ROBERTO VAZ,PP,3,,
Águas Vermelhas,MG,Deputado Federal,4450,RODRIGO BATISTA DE CASTRO,UNIÃO,0,,
Águas Vermelhas,MG,Deputado Federal,4444,MARCELO EDUARDO FREITAS,UNIÃO,21,,
Águas Vermelhas,MG,Deputado Federal,4445,RAFAEL TADEU SIMÕES,UNIÃO,0,,
Águas Vermelhas,MG,Deputado Federal,4433,SAMUEL JOSÉ RODRIGUES DE VIANA,UNIÃO,14,,
Águas Vermelhas,MG,Deputado Federal,4400,LUIZ FERNANDO RAMOS FARIA,UNIÃO,0,,
Águas Vermelhas,MG,Deputado Federal,4477,JOSÉ SILVA SOARES,UNIÃO,18,,
Águas Vermelhas,MG,Deputado Federal,4455,IGOR TARCIANO TIMO,UNIÃO,1,,
Águas Vermelhas,MG,Deputado Federal,4440,LIA EUNICE VALECHI DA SILVA,UNIÃO,0,,
Águas Vermelhas,MG,Deputado Federal,4410,GILBERTO DA VEIGA PINTO,UNIÃO,0,,
Águas Vermelhas,MG,Deputado Federal,4411,MARIA JOSÉ MENDES DA CRUZ,UNIÃO,0,,
Águas Vermelhas,MG,Deputado Federal,4484,JOÃO BATISTA DA SILVA,UNIÃO,0,,
Águas Vermelhas,MG,Deputado Federal,4401,JOSE GERALDO DA CUNHA,UNIÃO,0,,
Águas Vermelhas,MG,Deputado Federal,4499,FREDERICO LUCAS MEIRELES ASSUNÇÃO,UNIÃO,1,,
Águas Vermelhas,MG,Deputado Federal,4422,ANTÔNIO DE MIRANDA SILVA,UNIÃO,0,,
Águas Vermelhas,MG,Deputado Federal,4480,ANDREA DE FATIMA MACHADO ADJUTO,UNIÃO,0,,
Águas Vermelhas,MG,Deputado Federal,4405,CONCEIÇÃO APARECIDA DUARTE ARRUDA SEBASTIÃO,UNIÃO,0,,
Águas Vermelhas,MG,Deputado Federal,4404,ELEONORA MAIRA MOREIRA JUSTINIANO,UNIÃO,0,,
Águas Vermelhas,MG,Deputado Federal,4470,RICARDO LUIZ DE OLIVEIRA,UNIÃO,0,,
Águas Vermelhas,MG,Deputado Federal,4420,TEREZA CRISTINA LEITE NAVARRO VIEIRA,UNIÃO,0,,
Águas Vermelhas,MG,Deputado Federal,4431,MARIENE PATRÍCIA RODRIGUES,UNIÃO,0,,
Águas Vermelhas,MG,Deputado Federal,4488,JERUSA DRUMMOND BRANDÃO,UNIÃO,0,,
Águas Vermelhas,MG,Deputado Federal,4412,AMANDA DAS NEVES CUNHA DA PAIXÃO,UNIÃO,0,,
Águas Vermelhas,MG,Deputado Federal,4447,BIANCA NUNES LEÃO,UNIÃO,1,,
Águas Vermelhas,MG,Deputado Federal,4441,RODRIGO SANTIAGO OSSI,UNIÃO,0,,
Águas Vermelhas,MG,Deputado Federal,4430,MARIA DAS GRAÇAS DA SILVA,UNIÃO,0,,
Águas Vermelhas,MG,Deputado Federal,4456,JOSILAINE OLIVEIRA MELO PORTO,UNIÃO,0,,
Águas Vermelhas,MG,Deputado Federal,4466,DAYVID TIONAS DA SILVA,UNIÃO,0,,
Águas Vermelhas,MG,Deputado Federal,4434,SYLVIO MENICUCCI ABREU FRANKLIN DE MIRANDA,UNIÃO,0,,
Águas Vermelhas,MG,Deputado Federal,4414,ISÁ BATISTA DE SOUZA,UNIÃO,0,,
Águas Vermelhas,MG,Deputado Federal,4407,CLESLE GAMA SIQUEIRA,UNIÃO,0,,
Águas Vermelhas,MG,Deputado Federal,4490,ALDERICO CUSTÓDIO DA SILVA JÚNIOR,UNIÃO,0,,
Águas Vermelhas,MG,Deputado Federal,1666,FLÁVIA SILVESTRE OLIVEIRA,PSTU,0,,
Águas Vermelhas,MG,Deputado Federal,1600,RAIR ANICIO JUNIOR,PSTU,0,,
Águas Vermelhas,MG,Deputado Federal,1616,VALDIR CARLOS PONTES,PSTU,0,,
Águas Vermelhas,MG,Deputado Federal,4545,PAULO ABI-ACKEL,PSDB,2,,
Águas Vermelhas,MG,Deputado Federal,4530,THIAGO MARISCAL DOS SANTOS,PSDB,0,,
Águas Vermelhas,MG,Deputado Federal,4535,DANIEL FIORAVANTE BARBOSA,PSDB,0,,
Águas Vermelhas,MG,Deputado Federal,4577,JOAO LEITE DA SILVA NETO,PSDB,0,,
Águas Vermelhas,MG,Deputado Federal,4501,GLORIA DE FATIMA LOPES PENA,PSDB,0,,
Águas Vermelhas,MG,Deputado Federal,4520,CAIO HEITOR DUARTE,PSDB,0,,
Águas Vermelhas,MG,Deputado Federal,4500,VICTOR MARTINS DE ASSIS,PSDB,0,,
Águas Vermelhas,MG,Deputado Federal,4550,ROGERIO FERREIRA DA SILVA,PSDB,0,,
Águas Vermelhas,MG,Deputado Federal,4512,WELLINGTON LUIZ DA CONCEIÇÃO,PSDB,0,,
Águas Vermelhas,MG,Deputado Federal,4555,RODRIGO FERNANDES DA COSTA,PSDB,0,,
Águas Vermelhas,MG,Deputado Federal,4554,PEDRINHO DA MATA,PSDB,0,,
Águas Vermelhas,MG,Deputado Federal,4514,SOELSON BARBOSA ARAUJO,PSDB,0,,
Águas Vermelhas,MG,Deputado Federal,4511,JOAO PAULO LADEIRA SOARES,PSDB,0,,
Águas Vermelhas,MG,Deputado Federal,4560,MARIA SUELI TEIXEIRA SILVA,PSDB,0,,
Águas Vermelhas,MG,Deputado Federal,4567,CARLOS EDUARDO FONSECA,PSDB,0,,
Águas Vermelhas,MG,Deputado Federal,4570,LEONARDO JOSE DE MATTOS,PSDB,0,,
Águas Vermelhas,MG,Deputado Federal,4505,GILVAN MASFERRER,PSDB,0,,
Águas Vermelhas,MG,Deputado Federal,4566,SEBASTIAO PINHEIRO COSTA,PSDB,0,,
Águas Vermelhas,MG,Deputado Federal,4588,ELY MANOEL DUARTE MACHADO,PSDB,0,,
Águas Vermelhas,MG,Deputado Federal,4546,ADRIANA LIMA,PSDB,0,,
Águas Vermelhas,MG,Deputado Federal,4544,COSME DE ALMEIDA OLIVEIRA,PSDB,0,,
Águas Vermelhas,MG,Deputado Federal,4580,SERGIO APARECIDO ALVES BENTO,PSDB,0,,
Águas Vermelhas,MG,Deputado Federal,4522,JULIO MENDONCA MUNDIM,PSDB,0,,
Águas Vermelhas,MG,Deputado Federal,4565,JUSSARA SENA SILVA,PSDB,0,,
Águas Vermelhas,MG,Deputado Federal,4533,ERICA HELENA DOS SANTOS,PSDB,0,,
Águas Vermelhas,MG,Deputado Federal,4526,ALEKSANDRE ROCHA VIANA,PSDB,0,,
Águas Vermelhas,MG,Deputado Federal,4578,BEATRIZ DOS SANTOS SOUZA,PSDB,0,,
Águas Vermelhas,MG,Deputado Federal,4503,PRISCILA MICHELLE RODRIGUES DE SOUZA,PSDB,0,,
Águas Vermelhas,MG,Deputado Federal,4531,STÉFANY PRISCILA LOPES BARBOSA DE ANDRADE,PSDB,0,,
Águas Vermelhas,MG,Deputado Federal,4513,LAIZA PAMELA DO CARMO RIBEIRO,PSDB,0,,
Águas Vermelhas,MG,Deputado Federal,4564,BENEDITO DA COSTA FILHO,PSDB,0,,
Águas Vermelhas,MG,Deputado Federal,4540,GLEICY KERLLY DE SOUZA SULZ SANTOS,PSDB,0,,
Águas Vermelhas,MG,Deputado Federal,4575,HELENO JOSE DE BRITO ANTUNES,PSDB,0,,
Águas Vermelhas,MG,Deputado Federal,2300,JOAO PEDRO MARTINS FLECHA DE LIMA,CIDADANIA,0,,
Águas Vermelhas,MG,Deputado Federal,2312,EDUARDO DA SILVA SANTOS,CIDADANIA,1,,
Águas Vermelhas,MG,Deputado Federal,2323,KATHLEEN CAMPOS REIS DE SOUZA,CIDADANIA,0,,
Águas Vermelhas,MG,Deputado Federal,1000,GLEIDSON GONTIJO AZEVEDO,REPUBLICANOS,8,,
Águas Vermelhas,MG,Deputado Federal,1077,BRUNO SOUZA FARIAS,REPUBLICANOS,23,,
Águas Vermelhas,MG,Deputado Federal,1010,GILBERTO APARECIDO ABRAMO,REPUBLICANOS,283,,
Águas Vermelhas,MG,Deputado Federal,1015,EUCLYDES MARCOS PETTERSEN NETO,REPUBLICANOS,3,,
Águas Vermelhas,MG,Deputado Federal,1089,EDUARDO COSENTINO DA CUNHA,REPUBLICANOS,8,,
Águas Vermelhas,MG,Deputado Federal,1005,EMERSON ROCHA DE AZEVEDO,REPUBLICANOS,0,,
Águas Vermelhas,MG,Deputado Federal,1011,DENIVAL RODRIGUES DOS SANTOS,REPUBLICANOS,1,,
Águas Vermelhas,MG,Deputado Federal,1038,RAPHAEL CASTRO MOTA,REPUBLICANOS,0,,
Águas Vermelhas,MG,Deputado Federal,1007,AYERTON ROMANO SILVA JUNIOR,REPUBLICANOS,0,,
Águas Vermelhas,MG,Deputado Federal,1080,FABIO FERREIRA DURAES,REPUBLICANOS,0,,
Águas Vermelhas,MG,Deputado Federal,1090,EDVANIO ROSA CARNEIRO,REPUBLICANOS,0,,
Águas Vermelhas,MG,Deputado Federal,1040,COSME FERREIRA DO NASCIMENTO,REPUBLICANOS,0,,
Águas Vermelhas,MG,Deputado Federal,1008,MARCOS EDUARDO DE ANDRADE,REPUBLICANOS,0,,
Águas Vermelhas,MG,Deputado Federal,1069,MAURO DA SILVEIRA CHAVES,REPUBLICANOS,0,,
Águas Vermelhas,MG,Deputado Federal,1023,DANIELA DE CASSIA LINHARES,REPUBLICANOS,2,,
Águas Vermelhas,MG,Deputado Federal,1078,MAYCON PEREIRA DE MATOS,REPUBLICANOS,0,,
Águas Vermelhas,MG,Deputado Federal,1020,JAIME DANIEL DOS SANTOS,REPUBLICANOS,0,,
Águas Vermelhas,MG,Deputado Federal,1027,JOICE MARTINS SILVA QUIRINO,REPUBLICANOS,0,,
Águas Vermelhas,MG,Deputado Federal,1024,GLEITON PEREIRA SANTANA,REPUBLICANOS,0,,
Águas Vermelhas,MG,Deputado Federal,1035,RODRIGO SAMPAIO MELO,REPUBLICANOS,0,,
Águas Vermelhas,MG,Deputado Federal,1030,EDIMILSON PEREIRA LIMA,REPUBLICANOS,1,,
Águas Vermelhas,MG,Deputado Federal,1002,ANDREA ROCHA CARVALHO,REPUBLICANOS,0,,
Águas Vermelhas,MG,Deputado Federal,1034,MARILAINE ISABEL CLARA DE SOUSA,REPUBLICANOS,0,,
Águas Vermelhas,MG,Deputado Federal,1050,CIBELE MACHADO,REPUBLICANOS,0,,
Águas Vermelhas,MG,Deputado Federal,1003,HERCULANO ANGHINETTI,REPUBLICANOS,0,,
Águas Vermelhas,MG,Deputado Federal,1088,ALEX APARECIDO FERNANDES ROSSETI,REPUBLICANOS,0,,
Águas Vermelhas,MG,Deputado Federal,1099,MARCIA APARECIDA SANTOS DO CARMO,REPUBLICANOS,0,,
Águas Vermelhas,MG,Deputado Federal,1055,NATALIA OLIVEIRA DOS SANTOS,REPUBLICANOS,0,,
Águas Vermelhas,MG,Deputado Federal,1033,FERNANDA CAROLINA SOUSA DOS SANTOS SOARES,REPUBLICANOS,1,,
Águas Vermelhas,MG,Deputado Federal,1056,WEVERTON MARIANO BARBOSA,REPUBLICANOS,0,,
Águas Vermelhas,MG,Deputado Federal,1006,JOSE EUSTAQUIO MESQUITA,REPUBLICANOS,0,,
Águas Vermelhas,MG,Deputado Federal,1081,JOSE GERALDO CALDEIRA,REPUBLICANOS,0,,
Águas Vermelhas,MG,Deputado Federal,1029,JULIENE DE ALMEIDA OLIVEIRA,REPUBLICANOS,0,,
Águas Vermelhas,MG,Deputado Federal,1051,MARCILENE SILVA DE JESUS,REPUBLICANOS,0,,
Águas Vermelhas,MG,Deputado Federal,1085,ROSA DARC GOMES ANDRADE SOUZA,REPUBLICANOS,0,,
Águas Vermelhas,MG,Deputado Federal,1025,MARISTELA RODRIGUES GOMES,REPUBLICANOS,0,,
Águas Vermelhas,MG,Deputado Federal,1098,ANGELA CRISTINA SOUZA SILVA,REPUBLICANOS,0,,
Águas Vermelhas,MG,Deputado Federal,1047,VALERIA DOMINGUES OLIVEIRA SANTOS,REPUBLICANOS,0,,
Águas Vermelhas,MG,Deputado Federal,1071,RENATO HERBERT OLIVEIRA,REPUBLICANOS,0,,
Águas Vermelhas,MG,Deputado Federal,1004,ANA LÚCIA TEIXEIRA DE JESUS,REPUBLICANOS,0,,
Águas Vermelhas,MG,Deputado Federal,1060,REGILAINE ALVES DE CARVALHO,REPUBLICANOS,0,,
Águas Vermelhas,MG,Deputado Federal,1044,ROBERTO SILVA SOARES,REPUBLICANOS,0,,
Águas Vermelhas,MG,Deputado Federal,1018,DULCE JOANE SOUSA MONTE,REPUBLICANOS,1,,
Águas Vermelhas,MG,Deputado Federal,1026,DARIO JOSÉ DA SILVA FERREIRA,REPUBLICANOS,0,,
Águas Vermelhas,MG,Deputado Federal,1009,DALMO DE ASSIS PEREIRA,REPUBLICANOS,0,,
Águas Vermelhas,MG,Deputado Federal,2020,NELI PEREIRA DE AQUINO,PODE,5,,
Águas Vermelhas,MG,Deputado Federal,2030,FRANCO CARTAFINA GOMES,PODE,0,,
Águas Vermelhas,MG,Deputado Federal,2010,RONALDO CESAR VILELA TANNUS,PODE,0,,
Águas Vermelhas,MG,Deputado Federal,2022,FELIPE RIBEIRO SILVA,PODE,0,,
Águas Vermelhas,MG,Deputado Federal,2090,PEDRO HENRIQUE VELOSO CUNHA,PODE,2,,
Águas Vermelhas,MG,Deputado Federal,2040,JOSE ROBERTO GARIFF GUIMARAES,PODE,0,,
Águas Vermelhas,MG,Deputado Federal,2002,RAFAEL DE FREITAS FARIA,PODE,0,,
Águas Vermelhas,MG,Deputado Federal,2046,TALES MARCELO ALVES,PODE,5,,
Águas Vermelhas,MG,Deputado Federal,2021,SERGIO SILVEIRA SOARES,PODE,0,,
Águas Vermelhas,MG,Deputado Federal,2056,CLAUDIO ANTONIO DE SOUZA,PODE,0,,
Águas Vermelhas,MG,Deputado Federal,2000,IGOR DE ALVARENGA OLIVEIRA ICASSATTI ROJAS,PODE,45,,
Águas Vermelhas,MG,Deputado Federal,2026,RUBEM RODRIGUES DE OLIVEIRA JUNIOR,PODE,0,,
Águas Vermelhas,MG,Deputado Federal,2012,ENRICO VIDAL MARTINS LOPES DE OLIVEIRA,PODE,0,,
Águas Vermelhas,MG,Deputado Federal,2060,FANNY FERREIRA MELO,PODE,0,,
Águas Vermelhas,MG,Deputado Federal,2055,WILSON MELO JUNIOR,PODE,0,,
Águas Vermelhas,MG,Deputado Federal,2031,ALBERTO VENEROSO FERREIRA,PODE,0,,
Águas Vermelhas,MG,Deputado Federal,2011,RICARDO DE JESUS BATISTA,PODE,0,,
Águas Vermelhas,MG,Deputado Federal,2077,WESLEY MOREIRA DE PINHO,PODE,0,,
Águas Vermelhas,MG,Deputado Federal,2007,MARIA TEREZINHA GRACIANO DA SILVA,PODE,0,,
Águas Vermelhas,MG,Deputado Federal,2050,ADAIR EVANGELISTA DA LUZ,PODE,0,,
Águas Vermelhas,MG,Deputado Federal,2070,HUGO CARLOS RODRIGUES,PODE,3,,
Águas Vermelhas,MG,Deputado Federal,2080,HÉRIKA FRANCISCO DE ALMEIDA JARDIM,PODE,0,,
Águas Vermelhas,MG,Deputado Federal,2033,IGOR GUILHERME NOGUEIRA DE OLIVEIRA,PODE,0,,
Águas Vermelhas,MG,Deputado Federal,2088,DARLING CARDOSO FERREIRA,PODE,0,,
Águas Vermelhas,MG,Deputado Federal,2008,RENATA DO COUTO ROSA RIBEIRO,PODE,0,,
Águas Vermelhas,MG,Deputado Federal,2038,MARIO KNICHALLA NETO,PODE,0,,
Águas Vermelhas,MG,Deputado Federal,2044,WEDERSON RODRIGUES,PODE,0,,
Águas Vermelhas,MG,Deputado Federal,2078,LUIS AUGUSTO MENDES MACHADO DE SOUZA,PODE,0,,
Águas Vermelhas,MG,Deputado Federal,2091,LUCAS SANTOS GUIMARÃES,PODE,0,,
Águas Vermelhas,MG,Deputado Federal,2099,JOSÉ DO CARMO DE LIMA BARBOSA,PODE,0,,
Águas Vermelhas,MG,Deputado Federal,2023,SHEILA SIMAO DE SOUZA CRUZ,PODE,0,,
Águas Vermelhas,MG,Deputado Federal,2003,WANDERSON MATOZINHO DE SOUZA,PODE,0,,
Águas Vermelhas,MG,Deputado Federal,2045,ANTONIO ROBERTO MENDES,PODE,0,,
Águas Vermelhas,MG,Deputado Federal,2014,JAKSON CAETANO DA SILVEIRA ALMEIDA,PODE,0,,
Águas Vermelhas,MG,Deputado Federal,2009,TAÍRIS MARIA FERREIRA,PODE,0,,
Águas Vermelhas,MG,Deputado Federal,2032,LEONARDO FRANCO FARIAS NEGREIROS,PODE,0,,
Águas Vermelhas,MG,Deputado Federal,2034,ANDREA LIMA ROCHA,PODE,0,,
Águas Vermelhas,MG,Deputado Federal,2098,MARILDA RAFAEL DA SILVA CORDEIRO,PODE,0,,
Águas Vermelhas,MG,Deputado Federal,2001,CARLOS EDUARDO SAMPAIO FONSECA,PODE,0,,
Águas Vermelhas,MG,Deputado Federal,2029,GERALDO JORGE DA SILVA JUNIOR,PODE,0,,
Águas Vermelhas,MG,Deputado Federal,2006,JUAREZ CARVALHO DE OLIVEIRA,PODE,0,,
Águas Vermelhas,MG,Deputado Federal,2069,CIRES BREIDE DE MELO MARTINS,PODE,0,,
Águas Vermelhas,MG,Deputado Federal,2027,MARIA APARECIDA SIQUEIRA,PODE,0,,
Águas Vermelhas,MG,Deputado Federal,2035,YERKIS CUNHA DE SOUZA,PODE,0,,
Águas Vermelhas,MG,Deputado Federal,2048,DENISE SILVA DE OLIVEIRA,PODE,0,,
Águas Vermelhas,MG,Deputado Federal,2036,SIDNEY DIAS DOS REIS,PODE,0,,
Águas Vermelhas,MG,Deputado Federal,2096,FABIO PIRES DA SILVA,PODE,0,,
Águas Vermelhas,MG,Deputado Federal,2024,MARIA DE FATIMA DE JESUS,PODE,0,,
Águas Vermelhas,MG,Deputado Federal,2065,DOMENICA GOMES LIMA,PODE,0,,
Águas Vermelhas,MG,Deputado Federal,2066,GISLENE DA CONSOLACAO GOMES,PODE,0,,
Águas Vermelhas,MG,Deputado Federal,2097,ANGELITA REZENDE ALVES VIEIRA,PODE,0,,
Águas Vermelhas,MG,Deputado Federal,2095,EDER BATISTA BALBINO,PODE,0,,
Águas Vermelhas,MG,Deputado Federal,2061,CLENILSOM TADEU SENA,PODE,0,,
Águas Vermelhas,MG,Deputado Federal,1510,NEWTON CARDOSO JUNIOR,MDB,381,,
Águas Vermelhas,MG,Deputado Federal,1590,JOSE EUSTAQUIO DE FARIA JUNIOR,MDB,0,,
Águas Vermelhas,MG,Deputado Federal,1555,ELIZETE LOIDE GONÇALVES TAVARES,MDB,0,,
Águas Vermelhas,MG,Deputado Federal,1544,MONICA VALLONE ESPOSITO MARCHI,MDB,0,,
Águas Vermelhas,MG,Deputado Federal,1522,ULISSES SUAID PORTO GUIMARÃES BORGES,MDB,0,,
Águas Vermelhas,MG,Deputado Federal,1569,HITLER VAGNER CANDIDO DE OLIVEIRA,MDB,0,,
Águas Vermelhas,MG,Deputado Federal,1515,PAULO EDUARDO ROCHA BRANT,MDB,1,,
Águas Vermelhas,MG,Deputado Federal,1516,ADRIANA PEREIRA RODRIGUES ALMEIDA,MDB,0,,
Águas Vermelhas,MG,Deputado Federal,1511,GILBERTO REZENDE SOBRINHO,MDB,5,,
Águas Vermelhas,MG,Deputado Federal,1500,ALINE RISI DOS SANTOS,MDB,0,,
Águas Vermelhas,MG,Deputado Federal,1547,WILLIAN DE OLIVEIRA BRAGA,MDB,0,,
Águas Vermelhas,MG,Deputado Federal,1580,GABRIELA ANANDA NEVES BORGES,MDB,0,,
Águas Vermelhas,MG,Deputado Federal,1519,LUCIANA APARECIDA DE CARVALHO,MDB,0,,
Águas Vermelhas,MG,Deputado Federal,1526,RODRIGO ALVES MENESES,MDB,0,,
Águas Vermelhas,MG,Deputado Federal,1567,ELIOMAR DIAS CABRAL,MDB,0,,
Águas Vermelhas,MG,Deputado Federal,1523,GILSON CLAUDIO AMORIM,MDB,0,,
Águas Vermelhas,MG,Deputado Federal,1512,MILTON PEREIRA DA CRUZ JUNIOR,MDB,2,,
Águas Vermelhas,MG,Deputado Federal,1502,ZACARIAS ABRAO PIVA,MDB,0,,
Águas Vermelhas,MG,Deputado Federal,1520,BERNARDO DE OLIVEIRA OTOCH CHAVES,MDB,1,,
Águas Vermelhas,MG,Deputado Federal,1540,POLYANA APARECIDA GERMANO,MDB,0,,
Águas Vermelhas,MG,Deputado Federal,1533,JEFFERSON DOS SANTOS PEREIRA,MDB,0,,
Águas Vermelhas,MG,Deputado Federal,1531,DARLEM LEMOS RAMALHO,MDB,0,,
Águas Vermelhas,MG,Deputado Federal,1507,DARCI TAVARES,MDB,0,,
Águas Vermelhas,MG,Deputado Federal,1551,MARIA DORILEIA DA SILVA,MDB,1,,
Águas Vermelhas,MG,Deputado Federal,1565,EDER AUGUSTO COSTA,MDB,0,,
Águas Vermelhas,MG,Deputado Federal,1577,ALEX DE SOUZA FREITAS,MDB,0,,
Águas Vermelhas,MG,Deputado Federal,1578,ALAERTE ANTUNES DA SILVA,MDB,0,,
Águas Vermelhas,MG,Deputado Federal,1501,ARNALDO GONTIJO DE FREITAS,MDB,0,,
Águas Vermelhas,MG,Deputado Federal,1589,VANDERSON PERES DOS SANTOS,MDB,0,,
Águas Vermelhas,MG,Deputado Federal,1505,SARA PEREIRA DE ALMEIDA EVANGELISTA,MDB,0,,
Águas Vermelhas,MG,Deputado Federal,1560,MARY APARECIDA CAMARGOS,MDB,0,,
Águas Vermelhas,MG,Deputado Federal,1579,ALESSANDRO SILVA TOMAZ,MDB,0,,
Águas Vermelhas,MG,Deputado Federal,1598,WESLEY DAIMLER FREIRE MARQUES,MDB,0,,
Águas Vermelhas,MG,Deputado Federal,1541,SHILMA NUNES GUALBERTO,MDB,0,,
Águas Vermelhas,MG,Deputado Federal,1588,ADRIANA PAULA PEREIRA,MDB,0,,
Águas Vermelhas,MG,Deputado Federal,1556,STEFANIO RODRIGUES PIRES,MDB,0,,
Águas Vermelhas,MG,Deputado Federal,1566,ROGERIO CAMPOS MACHADO,MDB,0,,
Águas Vermelhas,MG,Deputado Federal,1530,EDUARDO FRANCISCO DE OLIVEIRA,MDB,0,,
Águas Vermelhas,MG,Deputado Federal,1559,MARCIO ANTONIO DOS SANTOS,MDB,0,,
Águas Vermelhas,MG,Deputado Federal,1599,KÁTIA FLÁVIA MOTA PEREIRA,MDB,0,,
Águas Vermelhas,MG,Deputado Federal,1524,ELIANE EUDES DE OLIVEIRA,MDB,0,,
Águas Vermelhas,MG,Deputado Federal,1542,FABIO RODRIGUES DA SILVA,MDB,0,,
Águas Vermelhas,MG,Deputado Federal,1550,GUILHERME HENRIQUE FERREIRA SANTOS,MDB,0,,
Águas Vermelhas,MG,Deputado Federal,1517,FLAVIA ALVES NOUJEIMI,MDB,0,,
Águas Vermelhas,MG,Deputado Federal,1521,DANIELA DA SILVA PERDIGAO FERNANDES FELICIANO,MDB,0,,
Águas Vermelhas,MG,Deputado Federal,1514,NATALI EVANGELINA OLIVEIRA REIS,MDB,0,,
Águas Vermelhas,MG,Deputado Federal,1570,REGINALDO SANTOS DA COSTA,MDB,0,,
Águas Vermelhas,MG,Deputado Federal,1525,RAFAEL CAMILO DE SOUZA LELIS,MDB,0,,
Águas Vermelhas,MG,Deputado Federal,1532,EDGARD RODRIGUES DOS SANTOS,MDB,0,,
Águas Vermelhas,MG,Deputado Federal,1535,RODRIGO NASCIMENTO SILVA,MDB,0,,
Águas Vermelhas,MG,Deputado Federal,1587,LUIZA ABIBE SUMINAMI,MDB,0,,
Águas Vermelhas,MG,Deputado Federal,1527,JOÃO BATISTA FERREIRA RIBEIRO,MDB,0,,
Águas Vermelhas,MG,Deputado Federal,3030,BRAULIO ALVES SILVA LARA,NOVO,0,,
Águas Vermelhas,MG,Deputado Federal,3000,BARBARA BARROS BOTEGA,NOVO,0,,
Águas Vermelhas,MG,Deputado Federal,3077,FLÁVIO DE CASTRO BARBOSA,NOVO,0,,
Águas Vermelhas,MG,Deputado Federal,3007,MÁRCIO ALMEIDA BERNARDINO,NOVO,11,,
Águas Vermelhas,MG,Deputado Federal,3050,HERMINIO BERNARDO DA SILVA,NOVO,0,,
Águas Vermelhas,MG,Deputado Federal,3017,TOMAZ DE AQUINO RESENDE,NOVO,0,,
Águas Vermelhas,MG,Deputado Federal,3040,SAMIRA POLLY DO AMOR DIVINO MACHADO,NOVO,0,,
Águas Vermelhas,MG,Deputado Federal,3060,PAULO EUGÊNIO DE FARIA VILELA,NOVO,0,,
Águas Vermelhas,MG,Deputado Federal,3091,FREDERICO LOPES DOS SANTOS BARBEITOS,NOVO,0,,
Águas Vermelhas,MG,Deputado Federal,3005,CAIO CESAR COIMBRA,NOVO,0,,
Águas Vermelhas,MG,Deputado Federal,3037,ALTIVO DUARTE MACHADO VASCONCELOS,NOVO,0,,
Águas Vermelhas,MG,Deputado Federal,3026,ADRIANA CRISTINA FRANÇA AGUIAR GOMES,NOVO,0,,
Águas Vermelhas,MG,Deputado Federal,3023,MARCO AURÉLIO ROCHA,NOVO,0,,
Águas Vermelhas,MG,Deputado Federal,3033,WARLEY DE ARAÚJO MÓL,NOVO,0,,
Águas Vermelhas,MG,Deputado Federal,3036,TIRZAH TEIXEIRA DE FREITAS,NOVO,0,,
Águas Vermelhas,MG,Deputado Federal,3008,ALEXANDRE DE GODOI,NOVO,0,,
Águas Vermelhas,MG,Deputado Federal,3055,MATHEUS BIANCARDINE MOTA,NOVO,0,,
Águas Vermelhas,MG,Deputado Federal,3012,PEDRO TAVARES LIMA,NOVO,0,,
Águas Vermelhas,MG,Deputado Federal,3051,ÁTILA FERREIRA VIEIRA,NOVO,0,,
Águas Vermelhas,MG,Deputado Federal,3013,ABIGAIL DOS PASSOS DE CARVALHO,NOVO,0,,
Águas Vermelhas,MG,Deputado Federal,3002,MARIANA ALVES DE ASSIS RIBEIRO,NOVO,0,,
Águas Vermelhas,MG,Deputado Federal,3035,GUADALUPE MACHADO DIAS,NOVO,0,,
Águas Vermelhas,MG,Deputado Federal,3003,IGOR CRISTIANO SOARES MARQUES,NOVO,1,,
Águas Vermelhas,MG,Deputado Federal,3011,BELISA AZEVEDO DE OLIVEIRA,NOVO,0,,
Águas Vermelhas,MG,Deputado Federal,3009,CARLA BOTREL CONSENTINO,NOVO,0,,
Águas Vermelhas,MG,Deputado Federal,3034,JOSÉ SHAKSPEARE GOMES,NOVO,0,,
Águas Vermelhas,MG,Deputado Federal,3076,MARCOS PAULO SILVEIRA CARVALHO ABREU,NOVO,0,,
Águas Vermelhas,MG,Deputado Federal,3006,MIRIAM CHRISTO GUIMARÃES GUZELLA,NOVO,0,,
Águas Vermelhas,MG,Deputado Federal,3020,MÁRIO JOSÉ DE SOUSA JÚNIOR,NOVO,0,,
Águas Vermelhas,MG,Deputado Federal,3032,LUCAS GABRIEL EVARISTO GOMES,NOVO,0,,
Águas Vermelhas,MG,Deputado Federal,3081,GABRIEL DE PAULA SERPA,NOVO,0,,
Águas Vermelhas,MG,Deputado Federal,3080,WALTER OLIVEIRA SOARES,NOVO,0,,
Águas Vermelhas,MG,Deputado Federal,3046,GEDEON BATISTA DE ANDRADE,NOVO,0,,
Águas Vermelhas,MG,Deputado Federal,3014,THIAGO MARTINS DE LISBOA,NOVO,0,,
Águas Vermelhas,MG,Deputado Federal,3058,ADRIANA OLIVEIRA DINIZ,NOVO,0,,
Águas Vermelhas,MG,Deputado Federal,3031,DANILO AUGUSTO ROCHA E SILVA,NOVO,0,,
Águas Vermelhas,MG,Deputado Federal,3015,HENRIQUE BARBOSA DE SOUZA,NOVO,0,,
Águas Vermelhas,MG,Deputado Federal,3073,EGMAR GONÇALVES DA SILVA,NOVO,0,,
Águas Vermelhas,MG,Deputado Federal,3025,JACQUELINE QUEIROZ SILVA CORDOVA,NOVO,0,,
Águas Vermelhas,MG,Deputado Federal,3090,ALAN DE CARVALHO BERNARDES,NOVO,0,,
Águas Vermelhas,MG,Deputado Federal,3052,CRISTINA REGINA GOMES DA FONSECA,NOVO,0,,
Águas Vermelhas,MG,Deputado Federal,3028,JHONATA SILVA DE SOUZA,NOVO,0,,
Águas Vermelhas,MG,Deputado Federal,3070,AILTON ALVES DE ARAÚJO,NOVO,0,,
Águas Vermelhas,MG,Deputado Federal,3021,SÁRVIA PASTOR DE BARROS LIMA,NOVO,0,,
Águas Vermelhas,MG,Deputado Federal,3022,MARCUS VINÍCIUS SOARES DANTAS,NOVO,0,,
Águas Vermelhas,MG,Deputado Federal,3027,MARIA EUGÊNIA MACHADO MULLER GARCIA,NOVO,0,,
Águas Vermelhas,MG,Deputado Federal,3053,RÔMULO BULDRINI FILOGÔNIO,NOVO,0,,
Águas Vermelhas,MG,Deputado Federal,3019,MARIA RODRIGUES FERNANDES,NOVO,0,,
Águas Vermelhas,MG,Deputado Federal,3047,PLÍNIO VICENTIN JUNIOR,NOVO,0,,
Águas Vermelhas,MG,Deputado Federal,3038,EDUARDO SENA PROENÇA,NOVO,0,,
Águas Vermelhas,MG,Deputado Federal,3054,ARIEVLIS OSÓRIO SILVEIRA,NOVO,0,,
Águas Vermelhas,MG,Deputado Federal,3063,MARIA DE LOURDES DE OLIVEIRA ALVES,NOVO,0,,
Águas Vermelhas,MG,Deputado Federal,3082,EDILSON GOMES REIS,NOVO,0,,
Águas Vermelhas,MG,Deputado Federal,3333,ROMILSON LIBERATO DA SILVA,MOBILIZA,0,,
Águas Vermelhas,MG,Deputado Federal,3314,VANDERLEI PASSOS DA SILVA,MOBILIZA,0,,
Águas Vermelhas,MG,Deputado Federal,3322,ANTONIO OTAVIO DA SILVA,MOBILIZA,0,,
Águas Vermelhas,MG,Deputado Federal,3377,ANGELITA MOREIRA ROCHA,MOBILIZA,0,,
Águas Vermelhas,MG,Deputado Federal,3345,HÉLIO PINHEIRO DA SILVA,MOBILIZA,0,,
Águas Vermelhas,MG,Deputado Federal,3300,FABIO ANTONIO DE CARVALHO JUNIOR,MOBILIZA,0,,
Águas Vermelhas,MG,Deputado Federal,3340,VALTAIR CORREA,MOBILIZA,0,,
Águas Vermelhas,MG,Deputado Federal,3312,ALEXSSANDER MACHADO FONTOURA VIEIRA,MOBILIZA,0,,
Águas Vermelhas,MG,Deputado Federal,3325,JOSE RAIMUNDO CORDEIRO,MOBILIZA,0,,
Águas Vermelhas,MG,Deputado Federal,3334,VENICIO ROCHA,MOBILIZA,0,,
Águas Vermelhas,MG,Deputado Federal,3316,MARIO JUSTINO DA SILVA,MOBILIZA,0,,
Águas Vermelhas,MG,Deputado Federal,3330,JOMAR BATISTA GAVIAO DE CARVALHO,MOBILIZA,0,,
Águas Vermelhas,MG,Deputado Federal,3399,EDUARDO JACOB DE SOUZA,MOBILIZA,0,,
Águas Vermelhas,MG,Deputado Federal,3366,MARILDA MACIEL PASSOS,MOBILIZA,0,,
Águas Vermelhas,MG,Deputado Federal,3360,RONALDO GOMES DE ANDRADE,MOBILIZA,0,,
Águas Vermelhas,MG,Deputado Federal,3394,RUTE DA SILVA TEIXEIRA,MOBILIZA,0,,
Águas Vermelhas,MG,Deputado Federal,3388,NEUDITE NOGUEIRA SILVA,MOBILIZA,0,,
Águas Vermelhas,MG,Deputado Federal,3370,JOEL PEREIRA DA SILVA,MOBILIZA,0,,
Águas Vermelhas,MG,Deputado Federal,3343,JOSE JARBAS PIMENTA,MOBILIZA,0,,
Águas Vermelhas,MG,Deputado Federal,3379,SERGIO CABRAL DA SILVA,MOBILIZA,0,,
Águas Vermelhas,MG,Deputado Federal,3320,JOAQUIM EUSTAQUIO COELHO,MOBILIZA,0,,
Águas Vermelhas,MG,Deputado Federal,3391,JACQUELINE LUCY DOS SANTOS,MOBILIZA,0,,
Águas Vermelhas,MG,Deputado Federal,3328,JOSE MAURICIO CORREIA,MOBILIZA,0,,
Águas Vermelhas,MG,Deputado Federal,3337,CLAUDIA RIBEIRO DE SOUZA,MOBILIZA,0,,
Águas Vermelhas,MG,Deputado Federal,3351,MARIA APARECIDA DA CUNHA SANGUINETE,MOBILIZA,0,,
Águas Vermelhas,MG,Deputado Federal,3365,VITORIA CAROLINA VIEGA DA COSTA SANTOS,MOBILIZA,0,,
Águas Vermelhas,MG,Deputado Federal,7070,LUIS HENRIQUE DE OLIVEIRA RESENDE,AVANTE,1,,
Águas Vermelhas,MG,Deputado Federal,7077,IGOR MASCARENHAS ETO,AVANTE,156,,
Águas Vermelhas,MG,Deputado Federal,7090,BERNARDO MUCIDA OLIVEIRA,AVANTE,0,,
Águas Vermelhas,MG,Deputado Federal,7000,ADRIANO ZAGO,AVANTE,0,,
Águas Vermelhas,MG,Deputado Federal,7050,WAGNER MARIANO JUNIOR,AVANTE,0,,
Águas Vermelhas,MG,Deputado Federal,7078,JOAO VIANEI DE CARVALHO,AVANTE,0,,
Águas Vermelhas,MG,Deputado Federal,7038,PAULO CESAR LANDIM MIRANDA,AVANTE,0,,
Águas Vermelhas,MG,Deputado Federal,7019,EMANUELLE DOS SANTOS BRITO,AVANTE,0,,
Águas Vermelhas,MG,Deputado Federal,7030,LINDOMAR GOMES DA SILVA,AVANTE,0,,
Águas Vermelhas,MG,Deputado Federal,7012,JUNIA CELIA DE MEDEIROS,AVANTE,25,,
Águas Vermelhas,MG,Deputado Federal,7098,ALESSANDRO GERALDO DIAS,AVANTE,0,,
Águas Vermelhas,MG,Deputado Federal,7099,EMERSON AMARAL DE REZENDE,AVANTE,0,,
Águas Vermelhas,MG,Deputado Federal,7040,LAZARO ALVES MOTA,AVANTE,0,,
Águas Vermelhas,MG,Deputado Federal,7066,LUIZ FERNANDO PEREIRA SOUZA,AVANTE,0,,
Águas Vermelhas,MG,Deputado Federal,7005,FREDERICO SILVA SANTOS,AVANTE,0,,
Águas Vermelhas,MG,Deputado Federal,7020,CLEBER APARECIDO CORREA,AVANTE,0,,
Águas Vermelhas,MG,Deputado Federal,7075,ANA LUIZA GUIMARAES DE OLIVEIRA,AVANTE,0,,
Águas Vermelhas,MG,Deputado Federal,7018,LUCIANA MORAIS PEREIRA SCHETTINI,AVANTE,0,,
Águas Vermelhas,MG,Deputado Federal,7037,NAIDE APARECIDA SANTOS ROBERTO,AVANTE,0,,
Águas Vermelhas,MG,Deputado Federal,7002,GABRIEL VAZ DE OLIVEIRA,AVANTE,0,,
Águas Vermelhas,MG,Deputado Federal,7045,REGINALDO ROSA DOS SANTOS,AVANTE,0,,
Águas Vermelhas,MG,Deputado Federal,7025,GUILHERME BUENO LEMOS,AVANTE,0,,
Águas Vermelhas,MG,Deputado Federal,7024,RILTON RAMOS HILDEBRANDO,AVANTE,12,,
Águas Vermelhas,MG,Deputado Federal,7010,ANDRÉIA BARROSO DA SILVA,AVANTE,0,,
Águas Vermelhas,MG,Deputado Federal,7033,MARIA VANUZIA MENDES SANTOS,AVANTE,0,,
Águas Vermelhas,MG,Deputado Federal,7080,LEIRIANE CRISTINE SOUZA CARLOS,AVANTE,0,,
Águas Vermelhas,MG,Deputado Federal,7001,MARCELO EMILIANO JUNIO VELOSO,AVANTE,0,,
Águas Vermelhas,MG,Deputado Federal,7097,FABIO LUIZ DOS SANTOS,AVANTE,0,,
Águas Vermelhas,MG,Deputado Federal,7023,ADRIANE APARECIDA CARRARO ALVES,AVANTE,1,,
Águas Vermelhas,MG,Deputado Federal,7089,NEUZA APARECIDA FERREIRA ALVES,AVANTE,0,,
Águas Vermelhas,MG,Deputado Federal,7044,VITAL HONORATO DA SILVA,AVANTE,0,,
Águas Vermelhas,MG,Deputado Federal,7009,JORGE TEIXEIRA RAMOS,AVANTE,0,,
Águas Vermelhas,MG,Deputado Federal,7014,TALITA KARLA GONCALVES VAZ,AVANTE,0,,
Águas Vermelhas,MG,Deputado Federal,7055,LAUDIVIO ALVARENGA CARVALHO,AVANTE,0,,
Águas Vermelhas,MG,Deputado Federal,7081,RAFAEL PACHECO TERRA,AVANTE,0,,
Águas Vermelhas,MG,Deputado Federal,7072,ROBERTO RIBEIRO DOS SANTOS,AVANTE,0,,
Águas Vermelhas,MG,Deputado Federal,7071,ANDREIA ILIDIA DA SILVA,AVANTE,0,,
Águas Vermelhas,MG,Deputado Federal,7017,FABIO RODRIGUES DE PASSOS,AVANTE,0,,
Águas Vermelhas,MG,Deputado Federal,7015,WEBSON ROBSON DA SILVA,AVANTE,0,,
Águas Vermelhas,MG,Deputado Federal,7035,NESTOR RAMOS CUSTODIO,AVANTE,0,,
Águas Vermelhas,MG,Deputado Federal,7013,ANTONIO CARLOS VIEIRA,AVANTE,1,,
Águas Vermelhas,MG,Deputado Federal,7060,WAGNER ANASTACIO DE LANA,AVANTE,0,,
Águas Vermelhas,MG,Deputado Federal,7007,KAIO LUCIO BAHIA,AVANTE,1,,
Águas Vermelhas,MG,Deputado Federal,7056,CAROLINA GILBERTI CHAVES,AVANTE,1,,
Águas Vermelhas,MG,Deputado Federal,7094,GUSTAVO LOPES PIRES DE SOUZA,AVANTE,0,,
Águas Vermelhas,MG,Deputado Federal,7088,MICHELLE RODRIGUES DE OLIVEIRA,AVANTE,0,,
Águas Vermelhas,MG,Deputado Federal,7021,ANA PAULA DE PAIVA,AVANTE,0,,
Águas Vermelhas,MG,Deputado Federal,7003,STHEFANIE EDUARDA CARVALHO DOS SANTOS,AVANTE,0,,
Águas Vermelhas,MG,Deputado Federal,7004,ANDREIA DE FREITAS RIBEIRO DE ASSIS,AVANTE,0,,
Águas Vermelhas,MG,Deputado Federal,7067,JULIO CESAR DE CASTRO CAMELO,AVANTE,0,,
Águas Vermelhas,MG,Deputado Federal,7087,ATALIBA SANTANA PEREIRA DA SILVA,AVANTE,0,,
Águas Vermelhas,MG,Deputado Federal,1234,MARIO LUCIO HERINGER,PDT,1492,,
Águas Vermelhas,MG,Deputado Federal,1212,CAIO LUCIUS VALACE DE OLIVEIRA SILVA,PDT,1,,
Águas Vermelhas,MG,Deputado Federal,1200,ALEX TADEU DO AMARAL RIBEIRO,PDT,0,,
Águas Vermelhas,MG,Deputado Federal,1213,WALDINEI CHICARELI DE ANDRADE,PDT,2,,
Águas Vermelhas,MG,Deputado Federal,1245,THIAGO LEAO PINHEIRO,PDT,0,,
Águas Vermelhas,MG,Deputado Federal,1232,MARCIO MACHADO LADEIRA,PDT,0,,
Águas Vermelhas,MG,Deputado Federal,1211,RICARDO MARUM FILHO,PDT,1,,
Águas Vermelhas,MG,Deputado Federal,1222,BRUNO GATTI BAVUZO COELHO PEREIRA,PDT,1,,
Águas Vermelhas,MG,Deputado Federal,1233,ADRIANA SILVA MARTINS BARROS,PDT,3,,
Águas Vermelhas,MG,Deputado Federal,1208,RODRIGO DA SILVA REIS,PDT,1,,
Águas Vermelhas,MG,Deputado Federal,1231,JACQUELINE CALIXTO BARBOSA DE JESUS,PDT,8,,
Águas Vermelhas,MG,Deputado Federal,1250,FABIO DE LIMA BOERI,PDT,0,,
Águas Vermelhas,MG,Deputado Federal,1230,LILIANE FRANCA DA SILVA,PDT,3,,
Águas Vermelhas,MG,Deputado Federal,1236,ANDERSON BRITO PEREIRA,PDT,2,,
Águas Vermelhas,MG,Deputado Federal,1210,EDNA DIAS SANTOS,PDT,3,,
Águas Vermelhas,MG,Deputado Federal,1299,CRISTIANO CARNEIRO DE SOUZA,PDT,0,,
Águas Vermelhas,MG,Deputado Federal,1220,CRISTIANE PEREIRA ANDRE DE JESUS,PDT,0,,
Águas Vermelhas,MG,Deputado Federal,1223,JACKSON INACIO DE OLIVEIRA,PDT,3,,
Águas Vermelhas,MG,Deputado Federal,1221,CELTON ROCHA MESQUITA,PDT,0,,
Águas Vermelhas,MG,Deputado Federal,1278,IZABEL CRISTINA DE ALMEIDA,PDT,1,,
Águas Vermelhas,MG,Deputado Federal,1239,CESAR ANTONIO PEREIRA,PDT,1,,
Águas Vermelhas,MG,Deputado Federal,1277,ERASMO RODRIGUES DINIZ,PDT,0,,
Águas Vermelhas,MG,Deputado Federal,1237,JOSENI AGANETTI DUARTE,PDT,3,,
Águas Vermelhas,MG,Deputado Federal,1207,ELISETE INACIO DOS SANTOS,PDT,0,,
Águas Vermelhas,MG,Deputado Federal,1238,FABIO LUCIO MACIEL,PDT,1,,
Águas Vermelhas,MG,Deputado Federal,1215,DERALDO ROSA,PDT,0,,
Águas Vermelhas,MG,Deputado Federal,1262,FRANCISCA MARIA DA SILVA,PDT,0,,
Águas Vermelhas,MG,Deputado Federal,1214,ROBERTO FERNANDES PACHECO,PDT,1,,
Águas Vermelhas,MG,Deputado Federal,1272,GUILHERME ALMEIDA DE MORAES,PDT,0,,
Águas Vermelhas,MG,Deputado Federal,1224,SAMARA COSTA BRAGA,PDT,0,,
Águas Vermelhas,MG,Deputado Federal,1202,ELMINA FERREIRA,PDT,0,,
Águas Vermelhas,MG,Deputado Federal,1252,BETHANIA REIS DE SOUZA GRACIOLI,PDT,0,,
Águas Vermelhas,MG,Deputado Federal,1288,JOSE LUIZ DE SOUZA,PDT,0,,
Águas Vermelhas,MG,Deputado Federal,1289,NELIO DE OLIVEIRA COSTA,PDT,0,,
Águas Vermelhas,MG,Deputado Federal,1229,UCHARLES PEREIRA DA SILVA,PDT,2,,
Águas Vermelhas,MG,Deputado Federal,1255,RONILDO LUIZ DOS REIS DA SILVA,PDT,0,,
Águas Vermelhas,MG,Deputado Federal,1244,FRANK RAMOS DE FARIA,PDT,0,,
Águas Vermelhas,MG,Deputado Federal,1240,ILTON SARAIVA DA SILVA FILHO,PDT,0,,
Águas Vermelhas,MG,Deputado Federal,1226,EDUARDO KALIL,PDT,0,,
Águas Vermelhas,MG,Deputado Federal,1219,CUSTODIO HIPOLITO,PDT,0,,
Águas Vermelhas,MG,Deputado Federal,1204,ESTER KELLY SILVA DA PENHA,PDT,0,,
Águas Vermelhas,MG,Deputado Federal,1258,ALTAMIRO ALVES DE SOUZA,PDT,0,,
Águas Vermelhas,MG,Deputado Federal,1228,RAQUEL SOARES PEIXOTO,PDT,0,,
Águas Vermelhas,MG,Deputado Federal,1251,NATALIA CRISTINA DE JESUS,PDT,0,,
Águas Vermelhas,MG,Deputado Federal,1218,JÚLIO CÉSAR GAMA,PDT,0,,
Águas Vermelhas,MG,Deputado Federal,1260,RONALD PAES DIAS JUNIOR,PDT,0,,
Águas Vermelhas,MG,Deputado Federal,1269,SIMONE DOS SANTOS PEREIRA,PDT,0,,
Águas Vermelhas,MG,Deputado Federal,1205,LUIZA GABRIELA SALES FERREIRA,PDT,0,,
Águas Vermelhas,MG,Deputado Federal,1217,MARCOS ANTONIO DOS REIS,PDT,0,,
Águas Vermelhas,MG,Deputado Federal,1271,THAIANE CAROLINA GONÇALVES DE SOUZA,PDT,0,,
Águas Vermelhas,MG,Deputado Federal,1216,AUREO MAURÍCIO DUARTE,PDT,0,,
Águas Vermelhas,MG,Deputado Federal,1266,RONALDO DORNELAS,PDT,0,,
Águas Vermelhas,MG,Deputado Federal,1242,LORENA DE AREDE TEIXEIRA DA COSTA,PDT,0,,
Águas Vermelhas,MG,Deputado Federal,2533,FREDERICO BORGES DA COSTA,PRD,1,,
Águas Vermelhas,MG,Deputado Federal,2521,MICHELLY CAROLINE LUIZ PEREIRA DE SIQUEIRA,PRD,0,,
Águas Vermelhas,MG,Deputado Federal,2531,ERIVELTON MARTINS JAYME DA SILVA,PRD,0,,
Águas Vermelhas,MG,Deputado Federal,2525,SERGIO AUGUSTO SANTOS RODRIGUES,PRD,0,,
Águas Vermelhas,MG,Deputado Federal,2512,RONCALI COELHO SOARES,PRD,0,,
Águas Vermelhas,MG,Deputado Federal,2510,ERIKA DE OLIVEIRA SANTOS,PRD,0,,
Águas Vermelhas,MG,Deputado Federal,2500,APARECIDA ADRIANA LUCIO,PRD,0,,
Águas Vermelhas,MG,Deputado Federal,2540,AILTON JOÃO DOS SANTOS,PRD,0,,
Águas Vermelhas,MG,Deputado Federal,2526,MARCO ANTONIO GOMES,PRD,0,,
Águas Vermelhas,MG,Deputado Federal,2522,CARLOS RODRIGO FERREIRA DA SILVA,PRD,0,,
Águas Vermelhas,MG,Deputado Federal,2520,MARISTELA APARECIDA DUTRA,PRD,0,,
Águas Vermelhas,MG,Deputado Federal,2552,LEONARDO RODRIGUES DA SILVA NETO,PRD,0,,
Águas Vermelhas,MG,Deputado Federal,2580,BEATRIZ FARIAS MARQUES,PRD,0,,
Águas Vermelhas,MG,Deputado Federal,2511,CARLOS ALBERTO COSTA,PRD,0,,
Águas Vermelhas,MG,Deputado Federal,2550,MARCELIA PRISCA DE CARVALHO FERREIRA,PRD,0,,
Águas Vermelhas,MG,Deputado Federal,2566,WANDERSON FERREIRA,PRD,0,,
Águas Vermelhas,MG,Deputado Federal,2508,LILIANA ROSA MORAES PACHECO,PRD,0,,
Águas Vermelhas,MG,Deputado Federal,2577,LUCIENE REGINA DE MELO,PRD,0,,
Águas Vermelhas,MG,Deputado Federal,2543,CARLOS PAVANELLI BATISTA,PRD,0,,
Águas Vermelhas,MG,Deputado Federal,2551,ADENY BOTELHO DE OLIVEIRA,PRD,0,,
Águas Vermelhas,MG,Deputado Federal,2576,REGIANE LUCAS MOREIRA,PRD,0,,
Águas Vermelhas,MG,Deputado Federal,2504,LUAN FELIPE RAMOS GONÇALVES,PRD,0,,
Águas Vermelhas,MG,Deputado Federal,7700,OLAVO KEESEN,SOLIDARIEDADE,0,,
Águas Vermelhas,MG,Deputado Federal,7777,PEDRO HENRIQUE SOARES BRAGA,SOLIDARIEDADE,1,,
Águas Vermelhas,MG,Deputado Federal,7711,RUDSON FELIPE DA PAIXÃO,SOLIDARIEDADE,0,,
Águas Vermelhas,MG,Deputado Federal,7722,OTÁVIO AUGUSTO CAMPOS DOS SANTOS,SOLIDARIEDADE,0,,
Águas Vermelhas,MG,Deputado Federal,7765,CHAFIC LAYS,SOLIDARIEDADE,0,,
Águas Vermelhas,MG,Deputado Federal,7712,ADRIANA MARIA MORAIS DE FREITAS,SOLIDARIEDADE,0,,
Águas Vermelhas,MG,Deputado Federal,7707,ANDREI LISBOA COLARES,SOLIDARIEDADE,1,,
Águas Vermelhas,MG,Deputado Federal,7733,ROSANA MARIA VIOL FARIA,SOLIDARIEDADE,0,,
Águas Vermelhas,MG,Deputado Federal,7738,LUIZ ANTÔNIO MOREIRA,SOLIDARIEDADE,0,,
Águas Vermelhas,MG,Deputado Federal,7778,RUBENS DE PAIVA,SOLIDARIEDADE,0,,
Águas Vermelhas,MG,Deputado Federal,7774,BEN-HUR ABRAHÃO SOARES ANIBAL,SOLIDARIEDADE,0,,
Águas Vermelhas,MG,Deputado Federal,7770,VALDIR CONCEICAO SANTOS,SOLIDARIEDADE,0,,
Águas Vermelhas,MG,Deputado Federal,7799,CHARLES CORREA DRUMOND,SOLIDARIEDADE,0,,
Águas Vermelhas,MG,Deputado Federal,7720,TACIANY PEREIRA DOS SANTOS,SOLIDARIEDADE,0,,
Águas Vermelhas,MG,Deputado Federal,7755,JOSIANE THADEU MARTINS,SOLIDARIEDADE,0,,
Águas Vermelhas,MG,Deputado Federal,7787,IVANILDA RODRIGUES ALVARENGA,SOLIDARIEDADE,0,,
Águas Vermelhas,MG,Deputado Federal,7789,ANTÔNIO CÉSAR BORGES DA MOTA,SOLIDARIEDADE,0,,
Águas Vermelhas,MG,Deputado Federal,7745,VIVIANE DE LIMA LEME,SOLIDARIEDADE,0,,
Águas Vermelhas,MG,Deputado Federal,7775,THIAGO JOSÉ FERREIRA DE OLIVEIRA AMORIM,SOLIDARIEDADE,0,,
Águas Vermelhas,MG,Deputado Federal,7788,JOSÉ AVIMAR RAMOS DA SILVA,SOLIDARIEDADE,0,,
Águas Vermelhas,MG,Deputado Federal,7737,DALMO GAVIÃO PIRES,SOLIDARIEDADE,0,,
Águas Vermelhas,MG,Deputado Federal,7714,ANA PAULA TEODORO MENDONÇA,SOLIDARIEDADE,0,,
Águas Vermelhas,MG,Deputado Federal,7713,ANTÔNIO JOAQUIM SOARES NETO,SOLIDARIEDADE,0,,
Águas Vermelhas,MG,Deputado Federal,7721,CRISTINA MARA DOS SANTOS,SOLIDARIEDADE,0,,
Águas Vermelhas,MG,Deputado Federal,8000,HELENA NARA COELHO DE SOUZA,UP,0,,
Águas Vermelhas,MG,Deputado Federal,8080,MANOEL INÁCIO MOREIRA VIEIRA,UP,0,,
Águas Vermelhas,MG,Deputado Federal,8008,RAFAEL FUMERO ROCHA,UP,0,,
Águas Vermelhas,MG,Deputado Federal,1414,CARLOS HENRIQUE DIAS DE FREITAS,MISSÃO,3,,
Águas Vermelhas,MG,Deputado Federal,1404,JULIANA RIOS MONTEIRO,MISSÃO,1,,
Águas Vermelhas,MG,Deputado Federal,1400,ENZO FERREIRA D'ANGELO,MISSÃO,0,,
Águas Vermelhas,MG,Deputado Federal,1466,PAULO VÍCTOR MEDINA RODRIGUES,MISSÃO,0,,
Águas Vermelhas,MG,Deputado Federal,1426,BETHÂNIA LEITE MANSUR,MISSÃO,0,,
Águas Vermelhas,MG,Deputado Federal,1455,ROBERTA RAYANE SILVEIRA CINCOETTI,MISSÃO,0,,
Águas Vermelhas,MG,Deputado Federal,1419,VALDEMAR ABRAO NETO,MISSÃO,0,,
Águas Vermelhas,MG,Deputado Federal,1445,JOÃO PAULO NAGASHI DE SOUZA,MISSÃO,0,,
Águas Vermelhas,MG,Deputado Federal,1413,FERNANDO ANTÔNIO PEREIRA,MISSÃO,0,,
Águas Vermelhas,MG,Deputado Federal,1478,ADRIANO PEREIRA RENNÓ,MISSÃO,0,,
Águas Vermelhas,MG,Deputado Federal,1444,CRISTIANO ROBSON DE OLIVEIRA,MISSÃO,0,,
Águas Vermelhas,MG,Deputado Federal,1441,JOYCE MARIA APARECIDA PIRES OLIVEIRA,MISSÃO,0,,
Águas Vermelhas,MG,Deputado Federal,1420,HIGOR LUIZ SILVA DE SOUSA BUIATTI,MISSÃO,0,,
Águas Vermelhas,MG,Deputado Federal,1415,JHONATA JUNIOR FERNANDES DE SOUZA,MISSÃO,0,,
Águas Vermelhas,MG,Deputado Federal,1402,KEREM HADASSA MARTINS SILVEIRA,MISSÃO,0,,
Águas Vermelhas,MG,Deputado Federal,1411,ELENORA MARTINS DO VALE ARRUDA,MISSÃO,0,,
Águas Vermelhas,MG,Deputado Federal,1401,FELIPE ALVES DOS SANTOS,MISSÃO,0,,
Águas Vermelhas,MG,Deputado Federal,1418,LUCAS BRANDÃO PELUCIO,MISSÃO,0,,
Águas Vermelhas,MG,Deputado Federal,1440,ANGELO GABRIEL PEDROSA ALVES,MISSÃO,0,,
Águas Vermelhas,MG,Deputado Federal,1433,EMERSON COSTA CERQUEIRA BARROS,MISSÃO,0,,
Águas Vermelhas,MG,Deputado Federal,1813,ANDRE LUIS GASPAR JANONES,REDE,46,,
Águas Vermelhas,MG,Deputado Federal,1890,LUIZ SAVIO DE SOUZA CRUZ,REDE,0,,
Águas Vermelhas,MG,Deputado Federal,1840,PABLO FIGUEIREDO DE SOUSA,REDE,0,,
Águas Vermelhas,MG,Deputado Federal,1818,SANDRO HELENO DA SILVA CARVALHO,REDE,0,,
Águas Vermelhas,MG,Deputado Federal,1851,ADAUTO PEREIRA DA SILVA,REDE,0,,
Águas Vermelhas,MG,Deputado Federal,1812,EDELZUITA FERREIRA DA CRUZ,REDE,0,,
Águas Vermelhas,MG,Deputado Federal,1810,HIGOR ALESSANDRO MEDEIROS GAMA,REDE,1,,
Águas Vermelhas,MG,Deputado Federal,1899,ALFREDO PASTORI NETO,REDE,0,,
Águas Vermelhas,MG,Deputado Federal,1850,DEGUIMAR APARECIDA DE SOUZA,REDE,0,,
Águas Vermelhas,MG,Deputado Federal,1830,JOSIANE ALVES PEREIRA,REDE,0,,
Águas Vermelhas,MG,Deputado Federal,1800,MARCIO ANGELES DIAS SILVA,REDE,0,,
Águas Vermelhas,MG,Deputado Federal,1815,GIANCARLO FERREIRA DOS REIS,REDE,0,,
Águas Vermelhas,MG,Deputado Federal,1874,SAULO DE TARSO SILVA,REDE,0,,
Águas Vermelhas,MG,Deputado Federal,1820,LUCIANA SILVEIRA FREITAS,REDE,0,,
Águas Vermelhas,MG,Deputado Federal,1888,RAINA MARIA DE FREITAS,REDE,0,,
Águas Vermelhas,MG,Deputado Federal,1855,JOSE MARIA PEREIRA DE AGUILAR,REDE,0,,
Águas Vermelhas,MG,Deputado Federal,1875,RICARDO ADRIANO VASCONCELLOS DIAS,REDE,0,,
Águas Vermelhas,MG,Deputado Federal,1877,EDIVANIA ALVES DE SOUZA,REDE,0,,
Águas Vermelhas,MG,Deputado Federal,1866,CLAUDETE SILVA TEODORO,REDE,0,,
Águas Vermelhas,MG,Deputado Federal,1846,TAMARA OLIVEIRA DE ANDRADE,REDE,0,,
Águas Vermelhas,MG,Deputado Federal,5050,DUDA SALABERT,PSOL,7,,
Águas Vermelhas,MG,Deputado Federal,5088,CÉLIA NUNES CORREA,PSOL,1,,
Águas Vermelhas,MG,Deputado Federal,5042,DARIO RICARDO BRAGA DE MOURA,PSOL,3,,
Águas Vermelhas,MG,Deputado Federal,5000,MARIA DA CONSOLACAO ROCHA,PSOL,0,,
Águas Vermelhas,MG,Deputado Federal,5055,ANTONIO CARLOS BATINGA DE MATOS ROCHA,PSOL,0,,
Águas Vermelhas,MG,Deputado Federal,5010,CRISTIANE PAULA MARQUES DE CARVALHO NUNES,PSOL,1,,
Águas Vermelhas,MG,Deputado Federal,5077,PATRÍCIA FERREIRA DOS SANTOS,PSOL,0,,
Águas Vermelhas,MG,Deputado Federal,5099,FERNANNDO AUGUSTO DE SOUZA SILVA,PSOL,0,,
Águas Vermelhas,MG,Deputado Federal,5012,NELSON PEREIRA DE ANDRADE,PSOL,0,,
Águas Vermelhas,MG,Deputado Federal,5005,LUCAS DE AVILA CARVALHO FLEURY MORTIMER,PSOL,0,,
Águas Vermelhas,MG,Deputado Federal,5044,LUCAS CRISTIAN DE OLIVEIRA,PSOL,0,,
Águas Vermelhas,MG,Deputado Federal,5030,DENISE ANTONIA MARINHO TRINDADE,PSOL,0,,
Águas Vermelhas,MG,Deputado Federal,5018,FRANCISCO ERMELINDO VASCONCELOS,PSOL,0,,
Águas Vermelhas,MG,Deputado Federal,5054,ALINE LOPES DA CRUZ,PSOL,0,,
Águas Vermelhas,MG,Deputado Federal,5020,EVELLYN LOREN GONCALVES RIBEIRO,PSOL,0,,
Águas Vermelhas,MG,Deputado Federal,5007,FELIPE DOUGLAS BRANCO DE SOUZA,PSOL,0,,
Águas Vermelhas,MG,Deputado Federal,5015,IORRANA JULLYCE SILVA,PSOL,0,,
Águas Vermelhas,MG,Deputado Federal,5037,JÚLIA SOARES DE FREITAS TELES,PSOL,0,,
Águas Vermelhas,MG,Deputado Federal,5078,ANGELO MARCOS DOS SANTOS COSTA,PSOL,0,,
Águas Vermelhas,MG,Deputado Federal,5051,MANOEL MACIEL FAGUNDES,PSOL,0,,
Águas Vermelhas,MG,Deputado Federal,2770,RICARDO EDUARDO GOMES,DC,1,,
Águas Vermelhas,MG,Deputado Federal,2777,EMILIO PAULO SALMEN VALE,DC,0,,
Águas Vermelhas,MG,Deputado Federal,2713,LUCIANO GERALDO DO NASCIMENTO,DC,0,,
Águas Vermelhas,MG,Deputado Federal,2722,VALDIVINO RITA DA SILVA,DC,0,,
Águas Vermelhas,MG,Deputado Federal,2710,CLAUDIO CORDEIRO,DC,0,,
Águas Vermelhas,MG,Deputado Federal,2700,DENISE APARECIDA DO NASCIMENTO SILVA,DC,0,,
Águas Vermelhas,MG,Deputado Federal,2712,MARIA DAS GRACAS SOUZA DA SILVA,DC,0,,
Águas Vermelhas,MG,Deputado Federal,2727,SANDRA LUIZA ALVES GODOY MALASPINA,DC,0,,
Águas Vermelhas,MG,Deputado Federal,2702,MAURO CESAR DE RESENDE,DC,0,,
Águas Vermelhas,MG,Deputado Federal,2708,JOAO AGRIPINO DA SILVA,DC,0,,
Águas Vermelhas,MG,Deputado Federal,4010,DUARTE EUSTAQUIO GONCALVES JUNIOR,PSB,0,,
Águas Vermelhas,MG,Deputado Federal,4044,DUILIO DE CASTRO FARIA,PSB,0,,
Águas Vermelhas,MG,Deputado Federal,4012,KATIA REGINA OLIVEIRA DIAS,PSB,0,,
Águas Vermelhas,MG,Deputado Federal,4080,LUIZ FERNANDO ALVES,PSB,3,,
Águas Vermelhas,MG,Deputado Federal,4000,RENATO BARBOSA DE ANDRADE,PSB,0,,
Águas Vermelhas,MG,Deputado Federal,4030,PEDRO RENO GAMA,PSB,0,,
Águas Vermelhas,MG,Deputado Federal,4057,VILSON LUIZ DA SILVA,PSB,0,,
Águas Vermelhas,MG,Deputado Federal,4050,CARLOS WELTH PIMENTA DE FIGUEIREDO,PSB,0,,
Águas Vermelhas,MG,Deputado Federal,4003,MAYKON HENRIQUE DELFINO BORGES CRUZ,PSB,9,,
Águas Vermelhas,MG,Deputado Federal,4077,ISMAEL SILVA CANDIDO,PSB,1,,
Águas Vermelhas,MG,Deputado Federal,4066,VANDERLI DE CARVALHO BARBOSA,PSB,0,,
Águas Vermelhas,MG,Deputado Federal,4040,KÁTIA GOMES GAIVOTO,PSB,0,,
Águas Vermelhas,MG,Deputado Federal,4070,WALTER DINIZ GUSMAO MACHADO,PSB,0,,
Águas Vermelhas,MG,Deputado Federal,4020,CRISTIAN EDUARDO CONDACK,PSB,0,,
Águas Vermelhas,MG,Deputado Federal,4025,FABIANO ROCHA PINTO,PSB,0,,
Águas Vermelhas,MG,Deputado Federal,4001,ELIANE JOANA SANTIAGO,PSB,1,,
Águas Vermelhas,MG,Deputado Federal,4090,LILIAN MARIA CARDOSO SOARES,PSB,0,,
Águas Vermelhas,MG,Deputado Federal,4011,SIRLEY CLECIO DA SILVEIRA,PSB,0,,
Águas Vermelhas,MG,Deputado Federal,4004,ANA LUCIA DE OLIVEIRA,PSB,0,,
Águas Vermelhas,MG,Deputado Federal,4099,ITAMAR PEREIRA FAUSTINO,PSB,4,,
Águas Vermelhas,MG,Deputado Federal,4002,EDWIGES REGINA RAMOS DOS SANTOS,PSB,0,,
Águas Vermelhas,MG,Deputado Federal,4026,JOÃO PEDRO GOMES DOS REIS,PSB,0,,
Águas Vermelhas,MG,Deputado Federal,4047,IARA ELIZABETE CENDON,PSB,0,,
Águas Vermelhas,MG,Deputado Federal,4091,MARIA GORETE RODRIGUES DE OLIVEIRA PAULA,PSB,0,,
Águas Vermelhas,MG,Deputado Federal,4056,MARCOS GOBIRA DAMASCENO,PSB,0,,
Águas Vermelhas,MG,Deputado Federal,4023,DANIELA REGINA DE JESUS DA SILVA,PSB,0,,
Águas Vermelhas,MG,Deputado Federal,4088,LOURINEI FRANCISCO DE SOUZA,PSB,1,,
Águas Vermelhas,MG,Deputado Federal,4053,GILDETE ALVES VENENO,PSB,0,,
Águas Vermelhas,MG,Deputado Federal,4005,WARDEM DE SOUZA,PSB,0,,
Águas Vermelhas,MG,Deputado Federal,4064,FERNANDO ANTÔNIO FAGUNDES,PSB,0,,
Águas Vermelhas,MG,Deputado Federal,4009,ROBERT ADILSON RODRIGUES,PSB,0,,
Águas Vermelhas,MG,Deputado Federal,4051,BRUNO GERMANO DE REZENDE,PSB,0,,
Águas Vermelhas,MG,Deputado Federal,4069,RUBIA PAULA MIRANDA,PSB,0,,
Águas Vermelhas,MG,Deputado Federal,4079,KELLY BATISTA FERREIRA,PSB,0,,
Águas Vermelhas,MG,Deputado Federal,4036,RAQUELINE BALBINA DA SILVA SOUZA,PSB,0,,
Águas Vermelhas,MG,Deputado Federal,5510,WELITON FERNANDES PRADO,PSD,0,,
Águas Vermelhas,MG,Deputado Federal,5555,DIEGO LEONARDO DE ANDRADE CARVALHO,PSD,1,,
Águas Vermelhas,MG,Deputado Federal,5588,CASSIO ANTONIO FERREIRA SOARES,PSD,0,,
Águas Vermelhas,MG,Deputado Federal,5505,PAULO ROBERTO BARROS DA SILVA FILHO,PSD,0,,
Águas Vermelhas,MG,Deputado Federal,5554,FLAMARION EUSTAQUIO SILVA ROLANDO,PSD,0,,
Águas Vermelhas,MG,Deputado Federal,5544,STEFANO AGUIAR DOS SANTOS,PSD,0,,
Águas Vermelhas,MG,Deputado Federal,5500,JOSÉ MAURÍCIO DE SÁ JÚNIOR,PSD,0,,
Águas Vermelhas,MG,Deputado Federal,5540,SERGIO MENDES PIRES,PSD,0,,
Águas Vermelhas,MG,Deputado Federal,5521,JOANA DARC DE LIMA NEVES,PSD,0,,
Águas Vermelhas,MG,Deputado Federal,5550,ENIZANETE MARIA DE FREITAS,PSD,1,,
Águas Vermelhas,MG,Deputado Federal,5531,JULIANA BARBOSA MILAGRES RIOS,PSD,0,,
Águas Vermelhas,MG,Deputado Federal,5577,ROSILENE FELIX GUIMARÃES,PSD,0,,
Águas Vermelhas,MG,Deputado Federal,5522,TEODORICO ALVES DE ARAUJO NETO,PSD,0,,
Águas Vermelhas,MG,Deputado Federal,5514,VALMIR EMERENCIANO BRAZ,PSD,0,,
Águas Vermelhas,MG,Deputado Federal,5590,JOÃO BATISTA MACHADO RIBEIRO,PSD,0,,
Águas Vermelhas,MG,Deputado Federal,5545,DIOGO HENRIQUE DE ALMEIDA GINO,PSD,0,,
Águas Vermelhas,MG,Deputado Federal,5566,ANTONIO ALEXANDRE FERREIRA DOS SANTOS,PSD,0,,
Águas Vermelhas,MG,Deputado Federal,5511,ANDRE ELIAN MARTINS,PSD,0,,
Águas Vermelhas,MG,Deputado Federal,5501,NATÁLIA CRISTINA FERREIRA DA SILVA,PSD,0,,
Águas Vermelhas,MG,Deputado Federal,5526,MATHEUS PHELIPE MATIAS COELHO,PSD,0,,
Águas Vermelhas,MG,Deputado Federal,5516,FLÁVIA COSTA ABREU,PSD,0,,
Águas Vermelhas,MG,Deputado Federal,5569,WERLYSON LOPES PEREIRA,PSD,0,,
Águas Vermelhas,MG,Deputado Federal,5575,SEMIA SEMAAN ABBOUD,PSD,0,,
Águas Vermelhas,MG,Deputado Federal,5580,JULIANA ALVES DA COSTA,PSD,0,,
Águas Vermelhas,MG,Deputado Federal,5515,SILVANA PEREIRA DE MIRANDA,PSD,0,,
Águas Vermelhas,MG,Deputado Federal,5585,ROSEMEIRE APARECIDA DOS SANTOS,PSD,0,,
Águas Vermelhas,MG,Deputado Federal,5560,CARLOS HENRIQUE QUINTÃO VALERIANO,PSD,0,,
Águas Vermelhas,MG,Deputado Federal,5532,JAQUELINE CREDITO SENA DA SILVA,PSD,0,,
Águas Vermelhas,MG,Deputado Federal,5518,JÚLIO CÉSAR DE SOUZA,PSD,0,,
Águas Vermelhas,MG,Deputado Federal,5530,LUCIMAR CAROLINO DOS SANTOS,PSD,0,,
Águas Vermelhas,MG,Deputado Federal,5599,FABRICIO PABLO DOS SANTOS,PSD,0,,
Águas Vermelhas,MG,Deputado Estadual,15111,ARLEN DE PAULO SANTIAGO FILHO,MDB,103,,
Águas Vermelhas,MG,Deputado Estadual,15123,CLAYTON RODRIGUES DE FIGUEIREDO,MDB,0,,
Águas Vermelhas,MG,Deputado Estadual,15015,CONRADO AUGUSTO FERREIRA DE OLIVEIRA,MDB,0,,
Águas Vermelhas,MG,Deputado Estadual,15110,ANA CAROLINA ALMEIDA DAMASCENO,MDB,0,,
Águas Vermelhas,MG,Deputado Estadual,15000,WILIAN DE CAMPOS,MDB,0,,
Águas Vermelhas,MG,Deputado Estadual,15555,JULIANA JABER QUEIROZ,MDB,0,,
Águas Vermelhas,MG,Deputado Estadual,15200,FLAVIO TOGNI DE LIMA E SILVA,MDB,0,,
Águas Vermelhas,MG,Deputado Estadual,15551,JULIO ERNESTO DE GRAMMONT MACHADO DE ARAUJO,MDB,0,,
Águas Vermelhas,MG,Deputado Estadual,15888,JOSIMAR SILVA CARDOSO,MDB,0,,
Águas Vermelhas,MG,Deputado Estadual,15678,MARTHA ISABEL ARTETA ALBA,MDB,0,,
Águas Vermelhas,MG,Deputado Estadual,15150,SONIA MARIA VIEIRA DA CUNHA PINHEIRO,MDB,0,,
Águas Vermelhas,MG,Deputado Estadual,15789,SALVADOR DE SOUZA GOMES,MDB,0,,
Águas Vermelhas,MG,Deputado Estadual,15999,ELIANE DIAS DA ROCHA,MDB,0,,
Águas Vermelhas,MG,Deputado Estadual,15815,LEANDRO VICTOR BRANCO RAMOS,MDB,0,,
Águas Vermelhas,MG,Deputado Estadual,15800,DALTON PESSOA SOARES,MDB,0,,
Águas Vermelhas,MG,Deputado Estadual,15900,GABRIEL LUCAS DA SILVA PEREIRA,MDB,0,,
Águas Vermelhas,MG,Deputado Estadual,15151,JUAN ANGEL VIDAL VELASCO,MDB,0,,
Águas Vermelhas,MG,Deputado Estadual,15456,ADILSON DE OLIVEIRA,MDB,0,,
Águas Vermelhas,MG,Deputado Estadual,15130,ANDREIA GOMES SOUZA,MDB,0,,
Águas Vermelhas,MG,Deputado Estadual,15120,LEONARDO LOPES DE ANDRADE,MDB,0,,
Águas Vermelhas,MG,Deputado Estadual,15500,JURACY LUCIA,MDB,0,,
Águas Vermelhas,MG,Deputado Estadual,15300,MAIRA DOS SANTOS CARLOS,MDB,0,,
Águas Vermelhas,MG,Deputado Estadual,15147,RENATO PEREIRA DOS SANTOS,MDB,0,,
Águas Vermelhas,MG,Deputado Estadual,15202,COSSIMO BALTAZAR DE FREITAS FILHO,MDB,0,,
Águas Vermelhas,MG,Deputado Estadual,15777,GABRIELA FERNANDA CAMPOS,MDB,0,,
Águas Vermelhas,MG,Deputado Estadual,15444,CARINE LOURENCO,MDB,0,,
Águas Vermelhas,MG,Deputado Estadual,15077,JOSE AUGUSTO ATHAYDE MONTANDON,MDB,0,,
Águas Vermelhas,MG,Deputado Estadual,15405,KARLA CRISTINA DIAS,MDB,0,,
Águas Vermelhas,MG,Deputado Estadual,15600,LISETE BEATRIZ RIBEIRO DE SOUZA,MDB,0,,
Águas Vermelhas,MG,Deputado Estadual,15022,ESTEFANIA PEREIRA DE PAULA,MDB,0,,
Águas Vermelhas,MG,Deputado Estadual,15025,JOAO VITOR MACEDO FRAGOSO,MDB,0,,
Águas Vermelhas,MG,Deputado Estadual,15067,PEDRO SIMÃO CORREA SOUSA E SILVA,MDB,0,,
Águas Vermelhas,MG,Deputado Estadual,15455,MARIA APARECIDA MARTINS,MDB,0,,
Águas Vermelhas,MG,Deputado Estadual,15018,LOURENE ALVES FERREIRA,MDB,1,,
Águas Vermelhas,MG,Deputado Estadual,15115,APARECIDA MOREIRA DE OLIVEIRA PAIVA,MDB,0,,
Águas Vermelhas,MG,Deputado Estadual,15891,LUCINEIA DE JESUS SOUZA RODRIGUES,MDB,0,,
Águas Vermelhas,MG,Deputado Estadual,15700,ROQUE MACHADO SILVA,MDB,0,,
Águas Vermelhas,MG,Deputado Estadual,15896,RONALDO AZEVEDO TEIXEIRA,MDB,0,,
Águas Vermelhas,MG,Deputado Estadual,15002,MILTON JOSE DOS SANTOS BOARETO,MDB,0,,
Águas Vermelhas,MG,Deputado Estadual,15146,ROMER RUTREN LA SANTRER,MDB,0,,
Águas Vermelhas,MG,Deputado Estadual,15001,GERALDINA DE FATIMA GENEROSO PEGO,MDB,0,,
Águas Vermelhas,MG,Deputado Estadual,15142,MARIA CONSTANÇA FERREIRA,MDB,0,,
Águas Vermelhas,MG,Deputado Estadual,15601,CASSIA CRISTINA DA SILVA SOUZA,MDB,0,,
Águas Vermelhas,MG,Deputado Estadual,15060,ROSANA HENRIQUE DE ASSIS,MDB,0,,
Águas Vermelhas,MG,Deputado Estadual,15051,DIOGO DE ASSIS DOS SANTOS,MDB,0,,
Águas Vermelhas,MG,Deputado Estadual,22222,BRUNO DE CASTRO ENGLER FLORENCIO DE ALMEIDA,PL,47,,
Águas Vermelhas,MG,Deputado Estadual,22111,PHABLO GOMES ALMEIDA,PL,12,,
Águas Vermelhas,MG,Deputado Estadual,22010,EDUARDO HENRIQUE DE AZEVEDO,PL,22,,
Águas Vermelhas,MG,Deputado Estadual,22123,ANTÔNIO CARLOS ARANTES,PL,9,,
Águas Vermelhas,MG,Deputado Estadual,22777,CHIARA TEIXEIRA BIONDINI,PL,5,,
Águas Vermelhas,MG,Deputado Estadual,22122,WASHINGTON FERNANDO RODRIGUES,PL,7,,
Águas Vermelhas,MG,Deputado Estadual,22211,VITTORIO MEDIOLI,PL,0,,
Águas Vermelhas,MG,Deputado Estadual,22100,SHEILA APARECIDA PEDROSA DE MELLO,PL,8,,
Águas Vermelhas,MG,Deputado Estadual,22888,UGLENO ALVES PEREIRA SANTOS,PL,9,,
Águas Vermelhas,MG,Deputado Estadual,22032,ROBERTA LOPES ALVES,PL,0,,
Águas Vermelhas,MG,Deputado Estadual,22722,MARCELO HEITOR DA SILVA,PL,0,,
Águas Vermelhas,MG,Deputado Estadual,22333,ALESSANDRA DINIZ PORTELA SILVEIRA,PL,1,,
Águas Vermelhas,MG,Deputado Estadual,22800,GUSTAVO DE VASCONCELLOS MOREIRA,PL,46,,
Águas Vermelhas,MG,Deputado Estadual,22221,ANDERSON LIMA DA SILVA,PL,1,,
Águas Vermelhas,MG,Deputado Estadual,22345,DENERVAL GERMANO DA CRUZ,PL,974,,
Águas Vermelhas,MG,Deputado Estadual,22022,MARLI FERREIRA DA SILVA,PL,0,,
Águas Vermelhas,MG,Deputado Estadual,22500,CARLOS HENRIQUE COELHO DE CAMPOS,PL,1,,
Águas Vermelhas,MG,Deputado Estadual,22000,AMANDA CAROLINE TEIXEIRA DIAS,PL,1,,
Águas Vermelhas,MG,Deputado Estadual,22822,CLAUDIO SAMUEL SOUSA CAIRES,PL,18,,
Águas Vermelhas,MG,Deputado Estadual,22999,MARÍLIA FELICIANO DE SOUZA AMARAL,PL,0,,
Águas Vermelhas,MG,Deputado Estadual,22001,PEDRO LUIZ DA SILVA,PL,2,,
Águas Vermelhas,MG,Deputado Estadual,22220,DIEGO FABIANO DE OLIVEIRA,PL,0,,
Águas Vermelhas,MG,Deputado Estadual,22600,RAFHAEL DE PAULO PEREIRA,PL,0,,
Águas Vermelhas,MG,Deputado Estadual,22190,JALYSON MAYCON GONCALVES,PL,0,,
Águas Vermelhas,MG,Deputado Estadual,22555,IVSON GOMES DE CASTRO,PL,2,,
Águas Vermelhas,MG,Deputado Estadual,22456,DELMIRO GENESIO DOS SANTOS,PL,3,,
Águas Vermelhas,MG,Deputado Estadual,22550,PEDRO LUCAS DE AVILA FERREIRA,PL,0,,
Águas Vermelhas,MG,Deputado Estadual,22037,THIAGO PINTO VERLI,PL,1,,
Águas Vermelhas,MG,Deputado Estadual,22789,WEBER BERNARDES DE ANDRADE,PL,1,,
Águas Vermelhas,MG,Deputado Estadual,22102,HELI GERALDO DE ANDRADE,PL,0,,
Águas Vermelhas,MG,Deputado Estadual,22444,KEYLA CRISTINA PARREIRAS PINTO,PL,0,,
Águas Vermelhas,MG,Deputado Estadual,22622,GUSTAVO ADOLFO ARANTES,PL,0,,
Águas Vermelhas,MG,Deputado Estadual,22321,BRENO ALVES FONSECA,PL,0,,
Águas Vermelhas,MG,Deputado Estadual,22012,VANDERLEI PELIZER PEREIRA,PL,0,,
Águas Vermelhas,MG,Deputado Estadual,22015,ALESSANDRA SILVA RIBEIRO,PL,0,,
Águas Vermelhas,MG,Deputado Estadual,22357,WAGNER ALVARENGA SIMOES,PL,0,,
Águas Vermelhas,MG,Deputado Estadual,22380,LINCOLN DRUMOND SOARES NETO,PL,0,,
Águas Vermelhas,MG,Deputado Estadual,22200,VALERIA EVANGELISTA OLIVEIRA,PL,0,,
Águas Vermelhas,MG,Deputado Estadual,22322,ISABEL APARECIDA RIBEIRO,PL,0,,
Águas Vermelhas,MG,Deputado Estadual,22077,RODRIGO NICOLAU ELIAS DE OLIVEIRA,PL,0,,
Águas Vermelhas,MG,Deputado Estadual,22225,AVERALDO PEREIRA DA SILVA,PL,0,,
Águas Vermelhas,MG,Deputado Estadual,22144,MARCOS LEONARDO CONDE,PL,0,,
Águas Vermelhas,MG,Deputado Estadual,22331,WANDEIR REIS DO PRADO,PL,0,,
Águas Vermelhas,MG,Deputado Estadual,22311,IRACI LEMOS BRAGA,PL,0,,
Águas Vermelhas,MG,Deputado Estadual,22212,OMARA GOULART PAOLINELLI FRADE,PL,0,,
Águas Vermelhas,MG,Deputado Estadual,22223,FELIPE MATEUS FERREIRA,PL,0,,
Águas Vermelhas,MG,Deputado Estadual,22193,LUCAS MENDES FERREIRA DE FREITAS,PL,0,,
Águas Vermelhas,MG,Deputado Estadual,22700,ALEX CAVALCANTE GONCALVES,PL,2,,
Águas Vermelhas,MG,Deputado Estadual,22007,LUCIMARIO CARNEIRO BARBOSA,PL,0,,
Águas Vermelhas,MG,Deputado Estadual,22332,MILENA SOBRINHO BERTOLIN DE PAIVA LIMA,PL,0,,
Águas Vermelhas,MG,Deputado Estadual,22400,WILTON FERREIRA DA SILVA,PL,0,,
Águas Vermelhas,MG,Deputado Estadual,22260,ROGÉRIO LEAL CAMPOS,PL,0,,
Águas Vermelhas,MG,Deputado Estadual,22580,IVONETE ALMEIDA DE BARROS MARCELINO,PL,0,,
Águas Vermelhas,MG,Deputado Estadual,22107,LAERTE MACIEL DE SOUZA,PL,0,,
Águas Vermelhas,MG,Deputado Estadual,22344,DIANE DA SILVA FIALHO BATISTA,PL,2,,
Águas Vermelhas,MG,Deputado Estadual,22066,LIDIANE CRISTINA DANTAS,PL,0,,
Águas Vermelhas,MG,Deputado Estadual,22202,JUNIO RODRIGUES DE OLIVEIRA,PL,0,,
Águas Vermelhas,MG,Deputado Estadual,22566,VALERIA CRISTINA SILVA REIS,PL,0,,
Águas Vermelhas,MG,Deputado Estadual,22177,RINALDO DANIEL DA SILVA,PL,0,,
Águas Vermelhas,MG,Deputado Estadual,22002,MARIA ELIZABETH DE JESUS MARIANO,PL,0,,
Águas Vermelhas,MG,Deputado Estadual,22662,WALTECY RODRIGUES DA COSTA JUNIOR,PL,0,,
Águas Vermelhas,MG,Deputado Estadual,22040,ZAQUEU RODRIGUES EVANGELISTA,PL,0,,
Águas Vermelhas,MG,Deputado Estadual,22045,MARIA ESTER DE SOUZA PONTES,PL,0,,
Águas Vermelhas,MG,Deputado Estadual,22450,FABIO CORLAITI,PL,0,,
Águas Vermelhas,MG,Deputado Estadual,22922,GLAUCO HELENO DE SOUZA VIDIGAL,PL,0,,
Águas Vermelhas,MG,Deputado Estadual,22031,KAREN CURI TEIXEIRA,PL,0,,
Águas Vermelhas,MG,Deputado Estadual,22231,MARIA EDUARDA SILVA MÜLLER,PL,0,,
Águas Vermelhas,MG,Deputado Estadual,22310,SIRLENE GODINHO DE SOUZA,PL,0,,
Águas Vermelhas,MG,Deputado Estadual,40123,NORALDINO LUCIO DIAS JUNIOR,PSB,2,,
Águas Vermelhas,MG,Deputado Estadual,40200,LUIZ PAULO GLORIA GUIMARAES,PSB,0,,
Águas Vermelhas,MG,Deputado Estadual,40777,ANTONIO AUGUSTO RESENDE MAIA,PSB,14,,
Águas Vermelhas,MG,Deputado Estadual,40900,LUCIANO COELHO PETTERSEN,PSB,1,,
Águas Vermelhas,MG,Deputado Estadual,40040,AMANDA THAYLASSA GONDIM FERREIRA,PSB,0,,
Águas Vermelhas,MG,Deputado Estadual,40000,MARGONARI MARCOS VIEIRA,PSB,0,,
Águas Vermelhas,MG,Deputado Estadual,40222,JOSE CHEREM,PSB,0,,
Águas Vermelhas,MG,Deputado Estadual,40027,DANIEL PEREIRA FONSECA SILVA,PSB,0,,
Águas Vermelhas,MG,Deputado Estadual,40700,RENATO GUIMARAES LOFFI,PSB,0,,
Águas Vermelhas,MG,Deputado Estadual,40333,JOAO EVANGELISTA DE ALMEIDA,PSB,0,,
Águas Vermelhas,MG,Deputado Estadual,40500,DELIO PINHEIRO NETO,PSB,0,,
Águas Vermelhas,MG,Deputado Estadual,40100,JOSAFA ANDERSON DE OLIVEIRA,PSB,0,,
Águas Vermelhas,MG,Deputado Estadual,40013,CÉSAR AUGUSTO CUNHA DIAS,PSB,0,,
Águas Vermelhas,MG,Deputado Estadual,40103,ANA LUISA DE ANDRADE MENEZES,PSB,0,,
Águas Vermelhas,MG,Deputado Estadual,40300,TEOVALDO JOSE APARECIDO,PSB,0,,
Águas Vermelhas,MG,Deputado Estadual,40444,JOSE LUCAS FAGUNDES DE SOUZA,PSB,0,,
Águas Vermelhas,MG,Deputado Estadual,40909,ABNER SOARES DE SOUZA,PSB,0,,
Águas Vermelhas,MG,Deputado Estadual,40321,GABRIELA LIMA LESSA CARVALHO,PSB,0,,
Águas Vermelhas,MG,Deputado Estadual,40258,PAULO ROBERTO MOTA,PSB,0,,
Águas Vermelhas,MG,Deputado Estadual,40034,ANDERSON RIBEIRO DA SILVA,PSB,0,,
Águas Vermelhas,MG,Deputado Estadual,40456,FRANCISCO HELVECIO VIEIRA DA SILVA,PSB,0,,
Águas Vermelhas,MG,Deputado Estadual,40404,FLAVIA OLIVEIRA SANTOS E CASTRO,PSB,0,,
Águas Vermelhas,MG,Deputado Estadual,40220,CARLOS BRUNO ALVES RIBEIRO,PSB,0,,
Águas Vermelhas,MG,Deputado Estadual,40050,ELAINE CRISTINA JUNQUEIRA DO PRADO,PSB,1,,
Águas Vermelhas,MG,Deputado Estadual,40224,CRISTIANO VIEIRA DA SILVA,PSB,0,,
Águas Vermelhas,MG,Deputado Estadual,40963,WAGNER RODRIGUES CARDOSO,PSB,0,,
Águas Vermelhas,MG,Deputado Estadual,40400,MARINA ALVES LOPES,PSB,0,,
Águas Vermelhas,MG,Deputado Estadual,40111,HEVILA APARECIDA AUGUSTA CORREA,PSB,0,,
Águas Vermelhas,MG,Deputado Estadual,40789,EFIGENIO SOARES DE OLIVEIRA,PSB,0,,
Águas Vermelhas,MG,Deputado Estadual,40885,BRUNO FERNANDO LUIZ,PSB,0,,
Águas Vermelhas,MG,Deputado Estadual,40999,JAIR ALEX GENESIO MAGALHAES,PSB,0,,
Águas Vermelhas,MG,Deputado Estadual,40134,GERALDO ROQUE DA SILVA,PSB,0,,
Águas Vermelhas,MG,Deputado Estadual,40427,CARLA CRISTINA SIMONI,PSB,0,,
Águas Vermelhas,MG,Deputado Estadual,40555,MARIA CRISTINA GURGEL GOMES,PSB,0,,
Águas Vermelhas,MG,Deputado Estadual,40140,MAICO DO NASCIMENTO CRISTO,PSB,0,,
Águas Vermelhas,MG,Deputado Estadual,40888,CLÁUDIA LUCIENE FERREIRA DOS SANTOS,PSB,0,,
Águas Vermelhas,MG,Deputado Estadual,40347,ANTONIO ELIZEU DE OLIVEIRA,PSB,0,,
Águas Vermelhas,MG,Deputado Estadual,40030,IZABELLA LORENE MURTA RIBEIRO,PSB,0,,
Águas Vermelhas,MG,Deputado Estadual,40337,AVILMAR SOARES GUSMAO,PSB,0,,
Águas Vermelhas,MG,Deputado Estadual,40666,VILMONDES FAGUNDES DE OLIVEIRA,PSB,0,,
Águas Vermelhas,MG,Deputado Estadual,40192,GISELE CRISTINA MAGALHAES RODRIGUES,PSB,0,,
Águas Vermelhas,MG,Deputado Estadual,40180,GIULIA CARINA SILVESTRE,PSB,0,,
Águas Vermelhas,MG,Deputado Estadual,40007,MARCO TÚLIO PEREIRA SILVA,PSB,0,,
Águas Vermelhas,MG,Deputado Estadual,40237,MARCELO RODRIGUES DOS SANTOS,PSB,0,,
Águas Vermelhas,MG,Deputado Estadual,40035,JOHNES HEBERT VICTAL EVANGELISTA,PSB,0,,
Águas Vermelhas,MG,Deputado Estadual,40711,LUCIA HELENA DE OLIVEIRA,PSB,0,,
Águas Vermelhas,MG,Deputado Estadual,40107,PATRICIA CAETANO MARINS,PSB,0,,
Águas Vermelhas,MG,Deputado Estadual,40031,GISLENE CLAUDIANA DIAS NEVES,PSB,0,,
Águas Vermelhas,MG,Deputado Estadual,40369,RICARDO BARBOSA BATISTA,PSB,0,,
Águas Vermelhas,MG,Deputado Estadual,40669,ELIAS DA SILVA MONTEIRO,PSB,0,,
Águas Vermelhas,MG,Deputado Estadual,20120,RODRIGO MAIA DE OLIVEIRA,PODE,0,,
Águas Vermelhas,MG,Deputado Estadual,20000,FLAVIA FERREIRA BORJA PINTO,PODE,24,,
Águas Vermelhas,MG,Deputado Estadual,20789,JULIANO LOPES LOBATO,PODE,0,,
Águas Vermelhas,MG,Deputado Estadual,20111,FERNANDA GONCALVES DE PAULA,PODE,0,,
Águas Vermelhas,MG,Deputado Estadual,20123,OSVALDO LOPES DE OLIVEIRA JUNIOR,PODE,0,,
Águas Vermelhas,MG,Deputado Estadual,20323,REINALDO LÚCIO DA SILVA,PODE,0,,
Águas Vermelhas,MG,Deputado Estadual,20100,HELDER PAULO CARNEIRO,PODE,0,,
Águas Vermelhas,MG,Deputado Estadual,20600,JOSE DE JESUS FERREIRA,PODE,0,,
Águas Vermelhas,MG,Deputado Estadual,20500,LUIZ CARLOS DE SOUZA,PODE,0,,
Águas Vermelhas,MG,Deputado Estadual,20456,JOSE REIS NOGUEIRA DE BARROS,PODE,0,,
Águas Vermelhas,MG,Deputado Estadual,20022,REGINA MARIA CIOFFI BATAGINI,PODE,0,,
Águas Vermelhas,MG,Deputado Estadual,20555,GEÓRGIA STEFÂNIA DUARTE CHAVES MENDONÇA,PODE,0,,
Águas Vermelhas,MG,Deputado Estadual,20900,CASSYO POUSAS VIEIRA,PODE,0,,
Águas Vermelhas,MG,Deputado Estadual,20300,JONAS MICHARLANE VILAR DA SILVA,PODE,0,,
Águas Vermelhas,MG,Deputado Estadual,20777,ADRIANO MAXIMIANO DA SILVA,PODE,0,,
Águas Vermelhas,MG,Deputado Estadual,20220,FERNANDO LINHARES PEREIRA,PODE,0,,
Águas Vermelhas,MG,Deputado Estadual,20200,JOYCE ALINE ROCHA SANTOS DE OLIVEIRA,PODE,0,,
Águas Vermelhas,MG,Deputado Estadual,20222,CARLOS HEITOR PIOLI FILHO,PODE,0,,
Águas Vermelhas,MG,Deputado Estadual,20020,MARCIO GONCALVES PINTO,PODE,0,,
Águas Vermelhas,MG,Deputado Estadual,20001,SERAFIM DE SOUSA JUNIOR,PODE,1,,
Águas Vermelhas,MG,Deputado Estadual,20101,LUCIENE ABADIA DIAS DE SOUZA,PODE,0,,
Águas Vermelhas,MG,Deputado Estadual,20522,WESLEY APARECIDO DA SILVA,PODE,0,,
Águas Vermelhas,MG,Deputado Estadual,20345,MARIA ELISA ABREU DA CRUZ,PODE,0,,
Águas Vermelhas,MG,Deputado Estadual,20888,ALYSSON NEYLOR TAVARES FACCHERA,PODE,0,,
Águas Vermelhas,MG,Deputado Estadual,20400,LUCAS JARDIM PRATES,PODE,0,,
Águas Vermelhas,MG,Deputado Estadual,20324,ROBERTA LARISSA DE SOUZA BOTELHO,PODE,0,,
Águas Vermelhas,MG,Deputado Estadual,20505,ANGELA CRISTINA SILVA SOUZA,PODE,0,,
Águas Vermelhas,MG,Deputado Estadual,20110,FAGNER DANIEL DA SILVA,PODE,0,,
Águas Vermelhas,MG,Deputado Estadual,20192,ADAO CAETANO DA SILVA,PODE,0,,
Águas Vermelhas,MG,Deputado Estadual,20700,SERGIO SILVA BALBINO,PODE,0,,
Águas Vermelhas,MG,Deputado Estadual,20007,MARCOS RENATO COUTINHO DOS REIS,PODE,0,,
Águas Vermelhas,MG,Deputado Estadual,20026,PATRICIA TOBIAS SANTOS,PODE,0,,
Águas Vermelhas,MG,Deputado Estadual,20420,JOSIMEIRE FIGUEIREDO ROCHA PEIXOTO,PODE,0,,
Águas Vermelhas,MG,Deputado Estadual,20775,JULIANA NORMAND AZEVEDO,PODE,0,,
Águas Vermelhas,MG,Deputado Estadual,20103,SILESIA VERSIANI MAGALHAES,PODE,0,,
Águas Vermelhas,MG,Deputado Estadual,20102,FRANCIELLE CLARA TEIXEIRA,PODE,0,,
Águas Vermelhas,MG,Deputado Estadual,20999,FRANCISCO RANIELE ALVES DE OLIVEIRA,PODE,0,,
Águas Vermelhas,MG,Deputado Estadual,20987,SEBASTIAO CESAR GRAZZIA DA SILVA,PODE,0,,
Águas Vermelhas,MG,Deputado Estadual,20627,RONALDO WILLIAN CLAUDINO,PODE,0,,
Águas Vermelhas,MG,Deputado Estadual,20800,LUCINEIA MARIA DA PAZ,PODE,0,,
Águas Vermelhas,MG,Deputado Estadual,20122,FRANCISCO WIRIS SOUZA BRITO,PODE,0,,
Águas Vermelhas,MG,Deputado Estadual,20121,ELLEN DE SOUZA SILVERIO,PODE,0,,
Águas Vermelhas,MG,Deputado Estadual,20455,RUBIA MARA FERREIRA CARNEIRO,PODE,0,,
Águas Vermelhas,MG,Deputado Estadual,20202,WAKTER JUNIOR VIEIRA DE OLIVEIRA,PODE,0,,
Águas Vermelhas,MG,Deputado Estadual,20201,MARCELO CACIANO DA SILVA,PODE,0,,
Águas Vermelhas,MG,Deputado Estadual,20602,AILTON MOREIRA CELESTINO,PODE,0,,
Águas Vermelhas,MG,Deputado Estadual,20255,ADRIANA MARIA TEIXEIRA RESENDE,PODE,0,,
Águas Vermelhas,MG,Deputado Estadual,20177,NIVALDO RIBEIRO,PODE,0,,
Águas Vermelhas,MG,Deputado Estadual,20127,SARITA DE JESUS SALLES FERREIRA,PODE,0,,
Águas Vermelhas,MG,Deputado Estadual,20017,PAULO VITOR FERREIRA DA SILVA,PODE,0,,
Águas Vermelhas,MG,Deputado Estadual,20444,JOSE DE ARIMATEIA DE OLIVEIRA,PODE,0,,
Águas Vermelhas,MG,Deputado Estadual,20038,RONIVON BORGES MAIA,PODE,0,,
Águas Vermelhas,MG,Deputado Estadual,20322,ALESSANDRO JUNIO DE SOUZA OLIVEIRA,PODE,0,,
Águas Vermelhas,MG,Deputado Estadual,20011,MATEUS NATAN NOGUEIRA SILVA,PODE,0,,
Águas Vermelhas,MG,Deputado Estadual,20212,WARLEY BATISTA DE SOUZA,PODE,0,,
Águas Vermelhas,MG,Deputado Estadual,20023,TELRRY ROBERT DESMOLINS,PODE,0,,
Águas Vermelhas,MG,Deputado Estadual,20193,LAURIANE RODRIGUES ALVES,PODE,0,,
Águas Vermelhas,MG,Deputado Estadual,20227,FERNANDO ANTÔNIO RIBEIRO,PODE,0,,
Águas Vermelhas,MG,Deputado Estadual,20818,SILVANIA GUTZ PEREIRA FAGUNDES,PODE,0,,
Águas Vermelhas,MG,Deputado Estadual,20105,ANDREA VARELLA BRAGA,PODE,0,,
Águas Vermelhas,MG,Deputado Estadual,20333,ALINE BRITO DO NASCIMENTO,PODE,0,,
Águas Vermelhas,MG,Deputado Estadual,20669,SCHEILE APARECIDA SOARES BRANDAO,PODE,0,,
Águas Vermelhas,MG,Deputado Estadual,20117,CASTELO BRANCO DE SOUSA,PODE,0,,
Águas Vermelhas,MG,Deputado Estadual,20088,DANIEL MARQUEZINI DE CARVALHO,PODE,0,,
Águas Vermelhas,MG,Deputado Estadual,20241,JAREDE GONÇALVES DOS SANTOS,PODE,0,,
Águas Vermelhas,MG,Deputado Estadual,20233,RICARDO DE CARVALHO SILVA,PODE,0,,
Águas Vermelhas,MG,Deputado Estadual,20520,ROBSON DE ASSIS CARVALHO,PODE,0,,
Águas Vermelhas,MG,Deputado Estadual,20404,MARILETE BARBOSA SOUTO,PODE,0,,
Águas Vermelhas,MG,Deputado Estadual,20909,FLAVIO ANTONIO NETO,PODE,0,,
Águas Vermelhas,MG,Deputado Estadual,20288,LUCIA MARIA DE FATIMA ALMEIDA COSTA,PODE,0,,
Águas Vermelhas,MG,Deputado Estadual,20021,HELEN DE SOUSA SMITH,PODE,0,,
Águas Vermelhas,MG,Deputado Estadual,20151,JOSELIO PEREIRA DOS SANTOS,PODE,0,,
Águas Vermelhas,MG,Deputado Estadual,20113,JAIR ALVES DE SOUZA,PODE,0,,
Águas Vermelhas,MG,Deputado Estadual,20710,GEOVANE DA CONCEICAO ESTANISLAU,PODE,0,,
Águas Vermelhas,MG,Deputado Estadual,35190,THIAGO GREGORIO CEZARIO DA SILVA,DEMOCRATA,8,,
Águas Vermelhas,MG,Deputado Estadual,35123,JOAO BATISTA FERREIRA JUNIOR,DEMOCRATA,0,,
Águas Vermelhas,MG,Deputado Estadual,35555,IVAN DE SOUSA,DEMOCRATA,0,,
Águas Vermelhas,MG,Deputado Estadual,35333,TIAGO ROCHA DOS SANTOS,DEMOCRATA,0,,
Águas Vermelhas,MG,Deputado Estadual,35321,HELOYR LIVINGSTONE BARREIROS FORTUNATO,DEMOCRATA,8,,
Águas Vermelhas,MG,Deputado Estadual,35000,FERNANDO PACHECO FIALHO,DEMOCRATA,0,,
Águas Vermelhas,MG,Deputado Estadual,35077,JUAREZ FRANCISCO TAVARES,DEMOCRATA,0,,
Águas Vermelhas,MG,Deputado Estadual,35222,FRANKLIN ROBERTO DE LIMA SOUZA,DEMOCRATA,0,,
Águas Vermelhas,MG,Deputado Estadual,35193,GUILHERME AUGUSTO MARQUES NEDIR,DEMOCRATA,0,,
Águas Vermelhas,MG,Deputado Estadual,35500,WEMERSON SILVA DE OLIVEIRA,DEMOCRATA,0,,
Águas Vermelhas,MG,Deputado Estadual,35777,AMAURI WAGNER RODRIGUES PEREIRA,DEMOCRATA,0,,
Águas Vermelhas,MG,Deputado Estadual,35696,ANTONIO DOS REIS GONÇALVES LERIN,DEMOCRATA,0,,
Águas Vermelhas,MG,Deputado Estadual,35350,GECIEL DONIZETE PEREIRA,DEMOCRATA,0,,
Águas Vermelhas,MG,Deputado Estadual,35107,CARLOS WILLIAN DE SOUZA,DEMOCRATA,0,,
Águas Vermelhas,MG,Deputado Estadual,35551,JOSE WILSON CAMPOS,DEMOCRATA,0,,
Águas Vermelhas,MG,Deputado Estadual,35456,FRANKLIN ACACIO RODRIGUES,DEMOCRATA,0,,
Águas Vermelhas,MG,Deputado Estadual,35700,GLAUCO FERREIRA MARCOLINO,DEMOCRATA,0,,
Águas Vermelhas,MG,Deputado Estadual,35192,KEILA PAULA DE LIMA,DEMOCRATA,0,,
Águas Vermelhas,MG,Deputado Estadual,35888,RUBENS DONIZETE RESENDE,DEMOCRATA,0,,
Águas Vermelhas,MG,Deputado Estadual,35893,RODRIGO DE ALCINO VIEIRA,DEMOCRATA,0,,
Águas Vermelhas,MG,Deputado Estadual,35122,VANDERLEI TEOTONIO DOS SANTOS,DEMOCRATA,0,,
Águas Vermelhas,MG,Deputado Estadual,35678,GLYCON TERRA PINTO JUNIOR,DEMOCRATA,0,,
Águas Vermelhas,MG,Deputado Estadual,35012,ELIDA TADEU MARCELINA NUNES,DEMOCRATA,0,,
Águas Vermelhas,MG,Deputado Estadual,35668,CAROLINA RAMOS DA SILVA MENEZES,DEMOCRATA,0,,
Águas Vermelhas,MG,Deputado Estadual,35300,LEANDRO PETERS HERINGER,DEMOCRATA,0,,
Águas Vermelhas,MG,Deputado Estadual,35258,SERGIO CASSEMIRO,DEMOCRATA,0,,
Águas Vermelhas,MG,Deputado Estadual,35199,ROMULO CARLOS DE CASTRO LOPES,DEMOCRATA,0,,
Águas Vermelhas,MG,Deputado Estadual,35074,THAIS CASSIA DE OLIVEIRA,DEMOCRATA,0,,
Águas Vermelhas,MG,Deputado Estadual,35443,SABRINA CRISTINA RODRIGUES,DEMOCRATA,0,,
Águas Vermelhas,MG,Deputado Estadual,35005,SABRINA RODRIGUES SOUZA,DEMOCRATA,0,,
Águas Vermelhas,MG,Deputado Estadual,35900,DAIANE APARECIDA DOS SANTOS,DEMOCRATA,0,,
Águas Vermelhas,MG,Deputado Estadual,35459,ANTONIETA IZABEL CAMPOS,DEMOCRATA,0,,
Águas Vermelhas,MG,Deputado Estadual,35044,DANIELLE TEIXEIRA GUIMARAES,DEMOCRATA,0,,
Águas Vermelhas,MG,Deputado Estadual,35040,SANDRA AMARAL SOUZA SILVA,DEMOCRATA,0,,
Águas Vermelhas,MG,Deputado Estadual,35454,FERNANDA SILVA NASCIMENTO,DEMOCRATA,0,,
Águas Vermelhas,MG,Deputado Estadual,35595,JESSICA MAXIMO DA SILVA,DEMOCRATA,0,,
Águas Vermelhas,MG,Deputado Estadual,35999,PAULA RAPHAELA SALES RODRIGUES,DEMOCRATA,0,,
Águas Vermelhas,MG,Deputado Estadual,35001,GINIA ROSA DA SILVA,DEMOCRATA,0,,
Águas Vermelhas,MG,Deputado Estadual,35457,PATRICIA FERREIRA,DEMOCRATA,0,,
Águas Vermelhas,MG,Deputado Estadual,70123,ANA CAROLINA PINTO CARAM GUIMARAES,AVANTE,1503,,
Águas Vermelhas,MG,Deputado Estadual,70000,JOAO VITOR KALLEL DOS SANTOS DIAS,AVANTE,0,,
Águas Vermelhas,MG,Deputado Estadual,70100,VERDI LUCIO MELO,AVANTE,0,,
Águas Vermelhas,MG,Deputado Estadual,70456,EUZEBIO RODRIGUES LAGO,AVANTE,0,,
Águas Vermelhas,MG,Deputado Estadual,70789,WIRLEY RODRIGUES REIS,AVANTE,0,,
Águas Vermelhas,MG,Deputado Estadual,70111,IVAN JOSÉ LOPES,AVANTE,4,,
Águas Vermelhas,MG,Deputado Estadual,70193,RUBENS GONCALVES DE BRITO,AVANTE,0,,
Águas Vermelhas,MG,Deputado Estadual,70780,EDSON DE SOUZA VILELA,AVANTE,0,,
Águas Vermelhas,MG,Deputado Estadual,70444,JANAINA BARCELOS DE MORAIS,AVANTE,0,,
Águas Vermelhas,MG,Deputado Estadual,70365,OZEAS DA SILVA CAMPOS,AVANTE,0,,
Águas Vermelhas,MG,Deputado Estadual,70333,THENPERSON ORIEBIR COSTA,AVANTE,0,,
Águas Vermelhas,MG,Deputado Estadual,70606,ADEMAR CAMERINO,AVANTE,0,,
Águas Vermelhas,MG,Deputado Estadual,70888,FABRICIO VIEIRA DE ANDRADE,AVANTE,0,,
Águas Vermelhas,MG,Deputado Estadual,70700,ADONIS CAIO DE OLIVEIRA,AVANTE,0,,
Águas Vermelhas,MG,Deputado Estadual,70222,FABIANO CARVALHO DE SOUZA,AVANTE,1,,
Águas Vermelhas,MG,Deputado Estadual,70122,RODNEY MARCELO FLORENTINO MARTINS,AVANTE,9,,
Águas Vermelhas,MG,Deputado Estadual,70555,ADRIANA MOREIRA SALATIEL,AVANTE,0,,
Águas Vermelhas,MG,Deputado Estadual,70170,IGOR MARTINS SOARES ROSA,AVANTE,0,,
Águas Vermelhas,MG,Deputado Estadual,70099,WANDERSON DIAS MARTINS,AVANTE,0,,
Águas Vermelhas,MG,Deputado Estadual,70300,LUCIANA APARECIDA DE SOUZA,AVANTE,0,,
Águas Vermelhas,MG,Deputado Estadual,70001,LACY DE OLIVEIRA LEAL,AVANTE,0,,
Águas Vermelhas,MG,Deputado Estadual,70025,JOANA D'ARC DE FREITAS MARTINS OLIVEIRA,AVANTE,0,,
Águas Vermelhas,MG,Deputado Estadual,70126,MARIA DE LOURDES COSTA ALVES LOPES,AVANTE,0,,
Águas Vermelhas,MG,Deputado Estadual,70033,JOSE APARECIDO FATIMA VIEZ,AVANTE,0,,
Águas Vermelhas,MG,Deputado Estadual,70670,GLAYSON MATIAS BARBOSA,AVANTE,0,,
Águas Vermelhas,MG,Deputado Estadual,70678,ROGERIO SANTOS ARAUJO,AVANTE,0,,
Águas Vermelhas,MG,Deputado Estadual,70077,EDIMEIA VIANA SILVA SANTOS,AVANTE,0,,
Águas Vermelhas,MG,Deputado Estadual,70777,LINDALVA LAMOIA TEIXEIRA MACHADO,AVANTE,1,,
Águas Vermelhas,MG,Deputado Estadual,70500,MARINICE SANTOS,AVANTE,0,,
Águas Vermelhas,MG,Deputado Estadual,70031,JEFFERSON QUEIROZ DOS SANTOS,AVANTE,0,,
Águas Vermelhas,MG,Deputado Estadual,70022,WILLIAM WASHINGTON DOS REIS,AVANTE,0,,
Águas Vermelhas,MG,Deputado Estadual,70701,NEILA SIMONE DA SILVA SCHINEIDER,AVANTE,0,,
Águas Vermelhas,MG,Deputado Estadual,70018,PEDRO DE JESUS PARANHOS,AVANTE,0,,
Águas Vermelhas,MG,Deputado Estadual,70400,SERGIO LUIZ PEREIRA SANTOS,AVANTE,0,,
Águas Vermelhas,MG,Deputado Estadual,70900,LEANDRO GONCALVES,AVANTE,0,,
Águas Vermelhas,MG,Deputado Estadual,70345,ROSELI HEIDERICK COELHO PEREIRA,AVANTE,0,,
Águas Vermelhas,MG,Deputado Estadual,70999,HILDA MARIA DE ASSIS CRUZ,AVANTE,0,,
Águas Vermelhas,MG,Deputado Estadual,70200,GERALDO MAGELO AUDRIANO,AVANTE,0,,
Águas Vermelhas,MG,Deputado Estadual,70722,EDWARD DA SILVA RAMOS,AVANTE,0,,
Águas Vermelhas,MG,Deputado Estadual,70377,CELIO GERALDO DE FREITAS,AVANTE,0,,
Águas Vermelhas,MG,Deputado Estadual,70003,ROSILENE DE FÁTIMA DOS REIS,AVANTE,0,,
Águas Vermelhas,MG,Deputado Estadual,70770,KELINE LIMA DA SILVA,AVANTE,0,,
Águas Vermelhas,MG,Deputado Estadual,70420,ELIAS BORGES DOS SANTOS,AVANTE,0,,
Águas Vermelhas,MG,Deputado Estadual,70335,MAGNA GIL AGUILAR DE SOUZA,AVANTE,0,,
Águas Vermelhas,MG,Deputado Estadual,70707,FERNANDO SALIM PEREIRA CARIM,AVANTE,0,,
Águas Vermelhas,MG,Deputado Estadual,70120,ROSEMEIRE GONCALVES DA SILVA NASCIMENTO BORGES,AVANTE,1,,
Águas Vermelhas,MG,Deputado Estadual,70202,TATIANE DE OLIVEIRA ELIAS,AVANTE,0,,
Águas Vermelhas,MG,Deputado Estadual,70011,CLÉRIA LÚCIA DE SOUZA SALOMÉ,AVANTE,0,,
Águas Vermelhas,MG,Deputado Estadual,70101,EDVANIA DE LIMA FRANCA,AVANTE,0,,
Águas Vermelhas,MG,Deputado Estadual,70744,ANDREIA EVANGELISTA GOMES,AVANTE,0,,
Águas Vermelhas,MG,Deputado Estadual,70450,JULIO CESAR RIBEIRO DE OLIVEIRA,AVANTE,0,,
Águas Vermelhas,MG,Deputado Estadual,70808,MOACIR FERREIRA SOL,AVANTE,0,,
Águas Vermelhas,MG,Deputado Estadual,70666,JOAQUIM FRANCISCO DE ASSIS MARTINS,AVANTE,0,,
Águas Vermelhas,MG,Deputado Estadual,70026,LUCIANO GUEDES,AVANTE,0,,
Águas Vermelhas,MG,Deputado Estadual,10000,LUDIMILA FONSECA AZEVEDO FALCAO,REPUBLICANOS,0,,
Águas Vermelhas,MG,Deputado Estadual,10789,NEILANDO ALVES PIMENTA,REPUBLICANOS,4,,
Águas Vermelhas,MG,Deputado Estadual,10800,MAURO HENRIQUE TRAMONTE,REPUBLICANOS,1,,
Águas Vermelhas,MG,Deputado Estadual,10123,CARLOS HENRIQUE ALVES DA SILVA,REPUBLICANOS,501,,
Águas Vermelhas,MG,Deputado Estadual,10100,CHARLES DOS SANTOS,REPUBLICANOS,2,,
Águas Vermelhas,MG,Deputado Estadual,10222,ILACIR BICALHO DE BARROS,REPUBLICANOS,0,,
Águas Vermelhas,MG,Deputado Estadual,10200,JEPHERSON ROCHA MADUREIRA,REPUBLICANOS,0,,
Águas Vermelhas,MG,Deputado Estadual,10190,DOMINGOS SAVIO DE MENDONCA,REPUBLICANOS,1,,
Águas Vermelhas,MG,Deputado Estadual,10456,ANDRE LUIZ COELHO MERLO,REPUBLICANOS,0,,
Águas Vermelhas,MG,Deputado Estadual,10888,ROMULO SILVA RODRIGUES,REPUBLICANOS,0,,
Águas Vermelhas,MG,Deputado Estadual,10024,MARCOS SARITA,REPUBLICANOS,0,,
Águas Vermelhas,MG,Deputado Estadual,10031,GUSTAVO HENRIQUE PINHEIRO SOUZA,REPUBLICANOS,0,,
Águas Vermelhas,MG,Deputado Estadual,10111,ALLISSON MAURICIO RUAS LOPES,REPUBLICANOS,0,,
Águas Vermelhas,MG,Deputado Estadual,10777,LUCIANA GONCALVES PRAXEDES,REPUBLICANOS,0,,
Águas Vermelhas,MG,Deputado Estadual,10345,AMANDA CRISTINA BONTEMPO DE OLIVEIRA,REPUBLICANOS,0,,
Águas Vermelhas,MG,Deputado Estadual,10103,GILVANE MARGARETE DE ALMEIDA,REPUBLICANOS,0,,
Águas Vermelhas,MG,Deputado Estadual,10910,CÉLIO RUELA DA SILVA,REPUBLICANOS,0,,
Águas Vermelhas,MG,Deputado Estadual,10022,MARCELO DE ARAUJO BATALHA,REPUBLICANOS,0,,
Águas Vermelhas,MG,Deputado Estadual,10008,LILIAN GOMES COSTA,REPUBLICANOS,0,,
Águas Vermelhas,MG,Deputado Estadual,10669,RONALDO PEREIRA DA SILVA,REPUBLICANOS,0,,
Águas Vermelhas,MG,Deputado Estadual,10011,CLAUDIA DA CONSOLAÇÃO PINHEIRO SOUSA ALVES E SILVA,REPUBLICANOS,0,,
Águas Vermelhas,MG,Deputado Estadual,10707,MARCOS ALVES FROIS,REPUBLICANOS,0,,
Águas Vermelhas,MG,Deputado Estadual,10900,MARISTELA DA CONCEICAO OLIVEIRA,REPUBLICANOS,0,,
Águas Vermelhas,MG,Deputado Estadual,10005,ROSANIA APARECIDA RIBEIRO,REPUBLICANOS,0,,
Águas Vermelhas,MG,Deputado Estadual,10662,RICARDO RODRIGUES DA SILVA,REPUBLICANOS,0,,
Águas Vermelhas,MG,Deputado Estadual,10115,FABIANA GOULART DE OLIVEIRA,REPUBLICANOS,0,,
Águas Vermelhas,MG,Deputado Estadual,10557,MARIA LAURA SIMAO MORAES SILVA,REPUBLICANOS,0,,
Águas Vermelhas,MG,Deputado Estadual,10999,RENALDO TEIXEIRA SAMPAIO,REPUBLICANOS,0,,
Águas Vermelhas,MG,Deputado Estadual,10303,ELISABETE MARIA DA SILVA,REPUBLICANOS,1,,
Águas Vermelhas,MG,Deputado Estadual,10773,PAULO HENRIQUE DA SILVA COELHO,REPUBLICANOS,0,,
Águas Vermelhas,MG,Deputado Estadual,14000,LUANA GOMES DA SILVA,MISSÃO,3,,
Águas Vermelhas,MG,Deputado Estadual,14014,RAFAELA FERNANDA CUPERTINO BRAGA,MISSÃO,0,,
Águas Vermelhas,MG,Deputado Estadual,14400,BERNARDO VALLADARES BAHIA SILVA,MISSÃO,0,,
Águas Vermelhas,MG,Deputado Estadual,14007,FILIPE SPOLADORI SOUZA,MISSÃO,0,,
Águas Vermelhas,MG,Deputado Estadual,14777,ANA MARIA FIALHO LEITE LIMA,MISSÃO,1,,
Águas Vermelhas,MG,Deputado Estadual,14087,GUSTAVO LUIZ ALVES CALDEIRA,MISSÃO,0,,
Águas Vermelhas,MG,Deputado Estadual,14123,LILIANE DE REZENDE CARDOSO,MISSÃO,0,,
Águas Vermelhas,MG,Deputado Estadual,14555,GUILHERME ANTÔNIO SOARES RESENDE,MISSÃO,0,,
Águas Vermelhas,MG,Deputado Estadual,14001,JOSE AREAL MARQUES CORDEIRO,MISSÃO,0,,
Águas Vermelhas,MG,Deputado Estadual,14700,FELIPE DE SOUZA CRUZ,MISSÃO,0,,
Águas Vermelhas,MG,Deputado Estadual,14270,PAULO ROBERTO SILVEIRA LEAL,MISSÃO,0,,
Águas Vermelhas,MG,Deputado Estadual,29000,MARILIA GARCIA DOMINGUES,PCO,0,,
Águas Vermelhas,MG,Deputado Estadual,29029,TULIO CÉSAR ACCÁCIO MENEZES SOUZA,PCO,0,,
Águas Vermelhas,MG,Deputado Estadual,36123,JORGE LUIZ FORTUNATO ALI,AGIR,1,,
Águas Vermelhas,MG,Deputado Estadual,36000,LUCAS COELHO FERREIRA,AGIR,0,,
Águas Vermelhas,MG,Deputado Estadual,36789,GERALDO FERREIRA PORTO NETO,AGIR,0,,
Águas Vermelhas,MG,Deputado Estadual,36777,JOSE CARLOS CARNEIRO GOMES,AGIR,0,,
Águas Vermelhas,MG,Deputado Estadual,36500,PEDRO HENRIQUE DE MOURA SILVA,AGIR,0,,
Águas Vermelhas,MG,Deputado Estadual,36456,JOANA DALVA DE OLIVEIRA PIRES FERNANDES,AGIR,0,,
Águas Vermelhas,MG,Deputado Estadual,36555,FERNANDA FELIX BITENCOURT,AGIR,0,,
Águas Vermelhas,MG,Deputado Estadual,36070,ADEMIR CAMILO PRATES RODRIGUES,AGIR,0,,
Águas Vermelhas,MG,Deputado Estadual,36210,ALEXANDRA MARIA DA SILVA SANTOS,AGIR,0,,
Águas Vermelhas,MG,Deputado Estadual,36700,DOUGLAS RODRIGUES GUIMARAES,AGIR,0,,
Águas Vermelhas,MG,Deputado Estadual,36333,ROGERIO GOMES PEREIRA,AGIR,0,,
Águas Vermelhas,MG,Deputado Estadual,36001,MARCO AURELIO PEREIRA DA SILVA,AGIR,0,,
Águas Vermelhas,MG,Deputado Estadual,36900,HAROLDO DARTAGNAN DE CARVALHO,AGIR,0,,
Águas Vermelhas,MG,Deputado Estadual,36036,MARCELO HONORATO DE MEDEIROS,AGIR,0,,
Águas Vermelhas,MG,Deputado Estadual,36020,WILIAN DE FARIA,AGIR,0,,
Águas Vermelhas,MG,Deputado Estadual,36100,NILTON SAFAR NASCIMENTO,AGIR,0,,
Águas Vermelhas,MG,Deputado Estadual,36277,REGINALDO MENEGUINI COSTA,AGIR,0,,
Águas Vermelhas,MG,Deputado Estadual,36013,FREDERICO PECANHA COUTO,AGIR,0,,
Águas Vermelhas,MG,Deputado Estadual,36200,CELIO FERREIRA ANTUNES,AGIR,0,,
Águas Vermelhas,MG,Deputado Estadual,36741,ALINE DE JESUS VIANA SILVA,AGIR,0,,
Águas Vermelhas,MG,Deputado Estadual,36722,HUGO APARECIDO DE BRITO,AGIR,0,,
Águas Vermelhas,MG,Deputado Estadual,36222,CAMILA DARCI RIBEIRO VIANA,AGIR,0,,
Águas Vermelhas,MG,Deputado Estadual,36300,MARLY RIBEIRO NERI,AGIR,0,,
Águas Vermelhas,MG,Deputado Estadual,36040,ALEXANDRA DE SOUZA RODRIGUES MORAIS,AGIR,0,,
Águas Vermelhas,MG,Deputado Estadual,36360,CELSO GUILHERME PROCOPIO DE MORAIS,AGIR,0,,
Águas Vermelhas,MG,Deputado Estadual,36007,EDER DIAS DE OLIVEIRA,AGIR,0,,
Águas Vermelhas,MG,Deputado Estadual,36756,FABIO DOS SANTOS,AGIR,0,,
Águas Vermelhas,MG,Deputado Estadual,36010,ADEMILSON PEREIRA PALAO,AGIR,0,,
Águas Vermelhas,MG,Deputado Estadual,36999,MANOEL MARQUES FARIAS,AGIR,0,,
Águas Vermelhas,MG,Deputado Estadual,36111,WALTER MOURISSO,AGIR,0,,
Águas Vermelhas,MG,Deputado Estadual,36690,JOSE RAIMUNDO DE SOUZA,AGIR,0,,
Águas Vermelhas,MG,Deputado Estadual,36689,EDUARDO LUCAS DE OLIVEIRA,AGIR,0,,
Águas Vermelhas,MG,Deputado Estadual,36707,AILTON JOSE PEREIRA,AGIR,0,,
Águas Vermelhas,MG,Deputado Estadual,36077,REGINALDO DOS ANJOS DO SANTO,AGIR,0,,
Águas Vermelhas,MG,Deputado Estadual,36678,MIRIAN MARA DO CARMO CHAGAS,AGIR,0,,
Águas Vermelhas,MG,Deputado Estadual,36622,CARLOS ALBERTO MONTEIRO,AGIR,0,,
Águas Vermelhas,MG,Deputado Estadual,36236,JAISTON MARCELO DE OLIVEIRA,AGIR,0,,
Águas Vermelhas,MG,Deputado Estadual,36852,PAULA ISABEL MARIA MARQUES,AGIR,0,,
Águas Vermelhas,MG,Deputado Estadual,36444,MARCELO ALVES SANTOS,AGIR,0,,
Águas Vermelhas,MG,Deputado Estadual,36038,JOVELINO APARECIDO FERREIRA,AGIR,0,,
Águas Vermelhas,MG,Deputado Estadual,36135,ANTONIO PEDRO DA SILVA,AGIR,0,,
Águas Vermelhas,MG,Deputado Estadual,36177,JONATAS ZEFERINO DE OLIVEIRA,AGIR,0,,
Águas Vermelhas,MG,Deputado Estadual,36666,SIMONE APARECIDA DOS PASSOS,AGIR,0,,
Águas Vermelhas,MG,Deputado Estadual,36258,MARIA D'AJUDA RODRIGUES GONCALVES,AGIR,0,,
Águas Vermelhas,MG,Deputado Estadual,36452,DEBORA DE OLIVEIRA,AGIR,0,,
Águas Vermelhas,MG,Deputado Estadual,36888,JOSELITA DA SILVA MOREIRA,AGIR,0,,
Águas Vermelhas,MG,Deputado Estadual,36190,ANTONIO CELIO NUNES JOPETIPE,AGIR,0,,
Águas Vermelhas,MG,Deputado Estadual,36377,SANDRA MARIA DE JESUS MORRONE,AGIR,0,,
Águas Vermelhas,MG,Deputado Estadual,36031,RONEY MARTINS RODRIGUES DE SOUZA,AGIR,0,,
Águas Vermelhas,MG,Deputado Estadual,36727,ESTER PEREIRA DA SILVA,AGIR,0,,
Águas Vermelhas,MG,Deputado Estadual,36670,LINDOMAR LISANDRO DE FREITAS,AGIR,0,,
Águas Vermelhas,MG,Deputado Estadual,36963,EDVANIA FERREIRA VIEIRA,AGIR,0,,
Águas Vermelhas,MG,Deputado Estadual,36800,SERGIO LUIZ AMORIM DA SILVA,AGIR,0,,
Águas Vermelhas,MG,Deputado Estadual,55100,ELISMAR FERNANDES PRADO,PSD,0,,
Águas Vermelhas,MG,Deputado Estadual,55678,ENES CANDIDO DAMACENA JUNIOR,PSD,0,,
Águas Vermelhas,MG,Deputado Estadual,55133,JOÃO LÚCIO MAGALHÃES BIFANO,PSD,0,,
Águas Vermelhas,MG,Deputado Estadual,55789,NACIB DUARTE BECHIR,PSD,2,,
Águas Vermelhas,MG,Deputado Estadual,55000,GUSTAVO DA CUNHA PEREIRA VALADARES,PSD,0,,
Águas Vermelhas,MG,Deputado Estadual,55210,GILBERTO WAGNER MARTINS PEREIRA ANTUNES,PSD,2,,
Águas Vermelhas,MG,Deputado Estadual,55555,CHRISTIANO AUGUSTO XAVIER FERREIRA,PSD,0,,
Águas Vermelhas,MG,Deputado Estadual,55700,RAUL JOSÉ DE BELEM,PSD,0,,
Águas Vermelhas,MG,Deputado Estadual,55240,TITO BRUNO MIRANDA TORRES DUARTE,PSD,2,,
Águas Vermelhas,MG,Deputado Estadual,55200,JOÃO BOSCO,PSD,0,,
Águas Vermelhas,MG,Deputado Estadual,55123,WILSON ROBERTO BATISTA,PSD,0,,
Águas Vermelhas,MG,Deputado Estadual,55888,DIEGO RODRIGO DE OLIVEIRA,PSD,0,,
Águas Vermelhas,MG,Deputado Estadual,55031,RAFAEL MARTINS DE SOUZA,PSD,0,,
Águas Vermelhas,MG,Deputado Estadual,55444,LEANDRO ANDRADE GENARO OLIVEIRA,PSD,0,,
Águas Vermelhas,MG,Deputado Estadual,55900,HELTON VIEIRA FERNANDES JUNIOR,PSD,0,,
Águas Vermelhas,MG,Deputado Estadual,55222,ISMAR VICENTE DOS SANTOS,PSD,0,,
Águas Vermelhas,MG,Deputado Estadual,55035,IGOR PRADO TAVARES,PSD,0,,
Águas Vermelhas,MG,Deputado Estadual,55321,EUGÊNIO VILELA JÚNIOR,PSD,0,,
Águas Vermelhas,MG,Deputado Estadual,55500,RENE AMERICO DA SILVA,PSD,1,,
Águas Vermelhas,MG,Deputado Estadual,55055,RODRIGO LUCAS PACHECO,PSD,0,,
Águas Vermelhas,MG,Deputado Estadual,55333,MARIA OLINA SOARES ORNELES,PSD,1,,
Águas Vermelhas,MG,Deputado Estadual,55369,VERA LUCIA RODRIGUES BIAGGINI,PSD,0,,
Águas Vermelhas,MG,Deputado Estadual,55855,VERA MARIA ARAÚJO GUERRA,PSD,0,,
Águas Vermelhas,MG,Deputado Estadual,55111,OLIVIA FIRMIANO DE SOUSA,PSD,0,,
Águas Vermelhas,MG,Deputado Estadual,55225,EDIRLANE APARECIDA DOS REIS MOREIRA,PSD,0,,
Águas Vermelhas,MG,Deputado Estadual,55995,ANA BEATRIZ DE ANDRADE LAZARO,PSD,0,,
Águas Vermelhas,MG,Deputado Estadual,55507,DARCI DAS MERCES LEAL,PSD,0,,
Águas Vermelhas,MG,Deputado Estadual,55115,NEUZELI LANA,PSD,0,,
Águas Vermelhas,MG,Deputado Estadual,55675,ROSIMEIRE GONÇALVES MICCRONI,PSD,0,,
Águas Vermelhas,MG,Deputado Estadual,80000,IRIS RAQUEL DIAS,UP,0,,
Águas Vermelhas,MG,Deputado Estadual,80123,DANIEL GODINHO DELGADO BORGES,UP,0,,
Águas Vermelhas,MG,Deputado Estadual,44500,IOANNIS KONSTANTINOS GRAMMATIKOPOULOS,UNIÃO,0,,
Águas Vermelhas,MG,Deputado Estadual,44123,RODRIGO APARECIDO LOPES,UNIÃO,0,,
Águas Vermelhas,MG,Deputado Estadual,44111,ALBERTO PINTO COELHO NETO,UNIÃO,0,,
Águas Vermelhas,MG,Deputado Estadual,44444,ARNALDO SILVA JÚNIOR,UNIÃO,1,,
Águas Vermelhas,MG,Deputado Estadual,44777,WENDEL CRISTIANO SOARES DE MESQUITA,UNIÃO,44,,
Águas Vermelhas,MG,Deputado Estadual,44044,PAULO VALDIR FERREIRA,UNIÃO,0,,
Águas Vermelhas,MG,Deputado Estadual,44000,JOSE EDUARDO DA COSTA,UNIÃO,0,,
Águas Vermelhas,MG,Deputado Estadual,44999,CLEITON XAVIER DA SILVA,UNIÃO,0,,
Águas Vermelhas,MG,Deputado Estadual,44555,GILMAR DE SOUSA BATISTA JUNIOR,UNIÃO,0,,
Águas Vermelhas,MG,Deputado Estadual,44200,ANTONIO SANTOS DE AGUIAR,UNIÃO,0,,
Águas Vermelhas,MG,Deputado Estadual,44789,GERALDO CRISTIANO ALVES VALENTIM,UNIÃO,0,,
Águas Vermelhas,MG,Deputado Estadual,44456,DEYVSON DE NAZARETH RIBEIRO,UNIÃO,0,,
Águas Vermelhas,MG,Deputado Estadual,44222,TIMOTEO HAISNTEN VAZZE FELIZARDO,UNIÃO,0,,
Águas Vermelhas,MG,Deputado Estadual,44333,KARLA FRANCISCA VIEIRA ARAÚJO,UNIÃO,0,,
Águas Vermelhas,MG,Deputado Estadual,44567,JULIANA DE SOUZA MATIAS,UNIÃO,0,,
Águas Vermelhas,MG,Deputado Estadual,44321,CARLOS FREDERICO HUBNER DE SOUZA PEREIRA,UNIÃO,0,,
Águas Vermelhas,MG,Deputado Estadual,44381,HENRYKO BARUKH SILVEIRA ALMEIDA,UNIÃO,0,,
Águas Vermelhas,MG,Deputado Estadual,44400,PATRÍCIA ABADIA DA MOTA,UNIÃO,0,,
Águas Vermelhas,MG,Deputado Estadual,44022,MÁRCIA APARECIDA REIS,UNIÃO,0,,
Águas Vermelhas,MG,Deputado Estadual,44099,JESSICA CAROLINA MARA MUNIZ,UNIÃO,0,,
Águas Vermelhas,MG,Deputado Estadual,44991,MARCIA FERREIRA RAMOS,UNIÃO,0,,
Águas Vermelhas,MG,Deputado Estadual,44100,HENRIQUE TEIXEIRA MAIA,UNIÃO,0,,
Águas Vermelhas,MG,Deputado Estadual,44700,PATRÍCIA LEILA DE PAULA CAMPOS DA SILVA,UNIÃO,0,,
Águas Vermelhas,MG,Deputado Estadual,44600,ALEXSANDRO ROSA DA COSTA,UNIÃO,0,,
Águas Vermelhas,MG,Deputado Estadual,44888,BRUNO BORGES MAGELLA,UNIÃO,0,,
Águas Vermelhas,MG,Deputado Estadual,44300,GISLENE DE MOURA,UNIÃO,0,,
Águas Vermelhas,MG,Deputado Estadual,44800,MIGUEL ARCANJO DIAS CORREA,UNIÃO,0,,
Águas Vermelhas,MG,Deputado Estadual,44303,BEATRIZ DA SILVA LOURENÇO VELOSO,UNIÃO,0,,
Águas Vermelhas,MG,Deputado Estadual,44050,RANDOLFO JOSE BARBOSA,UNIÃO,0,,
Águas Vermelhas,MG,Deputado Estadual,44070,JOSE ROBERTO FERREIRA,UNIÃO,0,,
Águas Vermelhas,MG,Deputado Estadual,44010,PATRICIA DIOGO DA ROCHA DA COSTA,UNIÃO,0,,
Águas Vermelhas,MG,Deputado Estadual,44234,MARIZA JUVENCIA ANDRADE SILVA,UNIÃO,0,,
Águas Vermelhas,MG,Deputado Estadual,44678,WALTER FRAGA SANTANA,UNIÃO,0,,
Águas Vermelhas,MG,Deputado Estadual,11300,DOORGAL GUSTAVO SAD LAFAYETTE DE ANDRADA,PP,1,,
Águas Vermelhas,MG,Deputado Estadual,11123,ADRIANO DE ALMEIDA ALVARENGA,PP,3,,
Águas Vermelhas,MG,Deputado Estadual,11789,NAYARA ROCHA PERDIGÃO LARA,PP,1993,,
Águas Vermelhas,MG,Deputado Estadual,11111,JOSE GUILHERME FERREIRA FILHO,PP,3,,
Águas Vermelhas,MG,Deputado Estadual,11025,VITORIO FILHO RIBEIRO,PP,0,,
Águas Vermelhas,MG,Deputado Estadual,11230,OSCAR LISANDRO TEIXEIRA,PP,26,,
Águas Vermelhas,MG,Deputado Estadual,11999,MARIA HILDA ANDRADE JUNQUEIRA LEAO CARNEIRO,PP,0,,
Águas Vermelhas,MG,Deputado Estadual,11022,ALICE MARQUEZ PERES DRUMMOND,PP,0,,
Águas Vermelhas,MG,Deputado Estadual,11610,ANA DAS GRACAS CORTES ROSSIGNOLI,PP,0,,
Águas Vermelhas,MG,Deputado Estadual,11775,ELIZEU SILVA CORDEIRO,PP,0,,
Águas Vermelhas,MG,Deputado Estadual,11000,LÍLIAN FRANÇA ALBUQUERQUE,PP,0,,
Águas Vermelhas,MG,Deputado Estadual,11222,GERALDO GONCALVES DO VALE,PP,0,,
Águas Vermelhas,MG,Deputado Estadual,11122,VALDIR ANDRADE DA CUNHA,PP,1,,
Águas Vermelhas,MG,Deputado Estadual,11555,IGOR FERREIRA DE JESUS ARAUJO,PP,0,,
Águas Vermelhas,MG,Deputado Estadual,11333,MONICA DE OLIVEIRA GONCALVES COSTA,PP,0,,
Águas Vermelhas,MG,Deputado Estadual,11456,RAFAEL RODRIGUES MOREIRA,PP,0,,
Águas Vermelhas,MG,Deputado Estadual,11345,JANAINA KATARI DA SILVA,PP,0,,
Águas Vermelhas,MG,Deputado Estadual,11777,WANDERLEY WILSON AMARO,PP,0,,
Águas Vermelhas,MG,Deputado Estadual,11193,HAMILTON DA SILVA,PP,0,,
Águas Vermelhas,MG,Deputado Estadual,11678,FERNANDA HOMEM DE MELLO DAVID,PP,0,,
Águas Vermelhas,MG,Deputado Estadual,11500,GILBERTO MOREIRA TEODORO,PP,0,,
Águas Vermelhas,MG,Deputado Estadual,11112,CATIA PEREIRA DA COSTA,PP,0,,
Águas Vermelhas,MG,Deputado Estadual,11321,EVANIR MIGUEL GONÇALVES,PP,0,,
Águas Vermelhas,MG,Deputado Estadual,11666,MELCHIADES EFIGÊNIO MELLO,PP,0,,
Águas Vermelhas,MG,Deputado Estadual,11234,GERALDO FAUSTAO VIANA NICODEMOS,PP,0,,
Águas Vermelhas,MG,Deputado Estadual,11110,MAHAMAT NASER FAKOUO PETOUOCHI,PP,0,,
Águas Vermelhas,MG,Deputado Estadual,11023,FABIANA BOTELHO PEREIRA,PP,1,,
Águas Vermelhas,MG,Deputado Estadual,11032,YAN HENRIQUE RODRIGUES FERREIRA,PP,0,,
Águas Vermelhas,MG,Deputado Estadual,11441,CLAUDINEY BARBOSA,PP,0,,
Águas Vermelhas,MG,Deputado Estadual,11611,RENATA CASSIA FERREIRA DOS SANTOS,PP,0,,
Águas Vermelhas,MG,Deputado Estadual,11099,OSAIR JOSE FERNANDES SANTIAGO,PP,0,,
Águas Vermelhas,MG,Deputado Estadual,11007,ALINE SOARES DA COSTA,PP,0,,
Águas Vermelhas,MG,Deputado Estadual,11888,ERNANDES ALVES DOS SANTOS,PP,0,,
Águas Vermelhas,MG,Deputado Estadual,11654,ÉDIO VIEIRA DE SOUZA,PP,0,,
Águas Vermelhas,MG,Deputado Estadual,11355,SATIRO OLIVEIRA DE JESUS,PP,0,,
Águas Vermelhas,MG,Deputado Estadual,11011,NAIARA MARTINS PEREIRA,PP,0,,
Águas Vermelhas,MG,Deputado Estadual,11037,SAMARA ANDRADE RIBEIRO,PP,0,,
Águas Vermelhas,MG,Deputado Estadual,11195,HERCULES PINHEIRO GOMES,PP,0,,
Águas Vermelhas,MG,Deputado Estadual,11436,MARIA VALERIA DA SILVA,PP,0,,
Águas Vermelhas,MG,Deputado Estadual,12111,LAIS SANTIAGO JORGE,PDT,5,,
Águas Vermelhas,MG,Deputado Estadual,12000,MÁRCIO MOREIRA VICTOR,PDT,0,,
Águas Vermelhas,MG,Deputado Estadual,12345,BRUNO MARTUCHELE DE SALES,PDT,3,,
Águas Vermelhas,MG,Deputado Estadual,12212,FRANCISCO TOMAZ DE OLIVEIRA FILHO,PDT,0,,
Águas Vermelhas,MG,Deputado Estadual,12993,ALINE DE CASTRO SANTOS,PDT,1,,
Águas Vermelhas,MG,Deputado Estadual,12222,ERIADNA PINHEIRO DE ALMEIDA,PDT,0,,
Águas Vermelhas,MG,Deputado Estadual,12123,ELDER NATAN PINTO DE OLIVEIRA,PDT,0,,
Águas Vermelhas,MG,Deputado Estadual,12122,JOYCE DA SILVA MENDES,PDT,0,,
Águas Vermelhas,MG,Deputado Estadual,12445,MARCIO DOS SANTOS SILVA,PDT,1,,
Águas Vermelhas,MG,Deputado Estadual,12012,ROSILENE DE LIMA CAMPOLINA,PDT,0,,
Águas Vermelhas,MG,Deputado Estadual,12040,DENIS DA SILVA COSTA,PDT,0,,
Águas Vermelhas,MG,Deputado Estadual,12612,PEDRO WELLINGTON RODRIGUES,PDT,0,,
Águas Vermelhas,MG,Deputado Estadual,12009,TIAGO ELIAS ALVES DE ARAUJO,PDT,0,,
Águas Vermelhas,MG,Deputado Estadual,12600,LUIZ GONÇALVES DE FREITAS JUNIOR,PDT,0,,
Águas Vermelhas,MG,Deputado Estadual,12011,BRUNA MARQUES VITEBRO,PDT,0,,
Águas Vermelhas,MG,Deputado Estadual,12777,GLEICILENE DA CONCEICAO GONCALVES SOUZA,PDT,0,,
Águas Vermelhas,MG,Deputado Estadual,12008,DARLON FLORIANO DE ALMEIDA,PDT,0,,
Águas Vermelhas,MG,Deputado Estadual,12001,HARLEY CESAR MATHEUS DOS SANTOS,PDT,0,,
Águas Vermelhas,MG,Deputado Estadual,12120,JOSE EUSTAQUIO DO AMARAL,PDT,0,,
Águas Vermelhas,MG,Deputado Estadual,12340,PEDRO WILSON ROCHA,PDT,0,,
Águas Vermelhas,MG,Deputado Estadual,12043,AILTON MURUBIXABA LEITE,PDT,0,,
Águas Vermelhas,MG,Deputado Estadual,12666,JOSE ADRIANO PLACIDO,PDT,0,,
Águas Vermelhas,MG,Deputado Estadual,12555,EURIPEDES BARSANULFO DOS REIS,PDT,0,,
Águas Vermelhas,MG,Deputado Estadual,12100,MARCIA MARIA DE SOUZA CARDOSO,PDT,2,,
Águas Vermelhas,MG,Deputado Estadual,12112,VALERIA CRISTINA MARQUES,PDT,0,,
Águas Vermelhas,MG,Deputado Estadual,12444,PAULINO JOSE DE OLIVEIRA,PDT,0,,
Águas Vermelhas,MG,Deputado Estadual,12500,RAIMUNDO ALEXANDRINO DE SANTANA,PDT,0,,
Águas Vermelhas,MG,Deputado Estadual,12202,LUIZ HENRIQUE MARTINS SERAFIM,PDT,0,,
Águas Vermelhas,MG,Deputado Estadual,12121,VERA LÚCIA DE OLIVEIRA,PDT,0,,
Águas Vermelhas,MG,Deputado Estadual,12020,MARCELO MAGNO RIBEIRO,PDT,0,,
Águas Vermelhas,MG,Deputado Estadual,12113,JOSE CARLOS DA SILVA,PDT,0,,
Águas Vermelhas,MG,Deputado Estadual,12676,VIVIANE ROSA SIZENANDO DE ALMEIDA,PDT,0,,
Águas Vermelhas,MG,Deputado Estadual,12003,EMILIA DE ANDRADE REGIANE GUERRA,PDT,0,,
Águas Vermelhas,MG,Deputado Estadual,12580,LUCIANO CARDOSO DA SILVA,PDT,0,,
Águas Vermelhas,MG,Deputado Estadual,12080,WAGNER CAVALCANTE CANDIDO,PDT,0,,
Águas Vermelhas,MG,Deputado Estadual,12999,LAINNIO SOARES DE OLIVEIRA,PDT,0,,
Águas Vermelhas,MG,Deputado Estadual,12010,WALISON COSTA FERREIRA,PDT,0,,
Águas Vermelhas,MG,Deputado Estadual,12633,JORGE LUIZ NASCIMENTO DE OLIVEIRA,PDT,0,,
Águas Vermelhas,MG,Deputado Estadual,12888,ORIOLO DE ARAUJO FRANCA,PDT,0,,
Águas Vermelhas,MG,Deputado Estadual,12193,MOISES GUIMARAES PINHEIRO,PDT,0,,
Águas Vermelhas,MG,Deputado Estadual,12022,VILMA HELENA FIALHO PIRES,PDT,0,,
Águas Vermelhas,MG,Deputado Estadual,12027,ANYSE TAHAN SAB JÚNIOR,PDT,0,,
Águas Vermelhas,MG,Deputado Estadual,12033,LUCIANA CRISTINA DA COSTA CAETANO,PDT,0,,
Águas Vermelhas,MG,Deputado Estadual,12200,KENIA FERNANDES DA SILVA,PDT,0,,
Águas Vermelhas,MG,Deputado Estadual,12332,MÁRCIO EUSTÁQUIO RODRIGUES,PDT,0,,
Águas Vermelhas,MG,Deputado Estadual,12031,JOSÉ MÁRCIO ALVES DE MOURA,PDT,0,,
Águas Vermelhas,MG,Deputado Estadual,12050,THAIS XAVIER SILVA,PDT,0,,
Águas Vermelhas,MG,Deputado Estadual,12501,TARLEI APARECIDO MOREIRA,PDT,0,,
Águas Vermelhas,MG,Deputado Estadual,12066,GIANNY KARLA DE FARIA,PDT,0,,
Águas Vermelhas,MG,Deputado Estadual,12367,JUZELI DA CONCEIÇÃO DE SOUZA,PDT,0,,
Águas Vermelhas,MG,Deputado Estadual,12044,MARCILIA SILVA NEVES,PDT,0,,
Águas Vermelhas,MG,Deputado Estadual,12170,EDIMAR FERREIRA DE OLIVEIRA,PDT,0,,
Águas Vermelhas,MG,Deputado Estadual,12677,PAULO GERALDO FERREIRA,PDT,0,,
Águas Vermelhas,MG,Deputado Estadual,12412,CAMILLO VINICIUS CARVALHO E SILVA,PDT,0,,
Águas Vermelhas,MG,Deputado Estadual,12007,LUCIANA CARLA DE SOUZA PORTES,PDT,0,,
Águas Vermelhas,MG,Deputado Estadual,12900,MARIA JOSE ROBERTO PEREIRA,PDT,0,,
Águas Vermelhas,MG,Deputado Estadual,12058,ALVAMIRO ALVES DE SOUSA,PDT,0,,
Águas Vermelhas,MG,Deputado Estadual,12030,DENISA GONÇALVES DOS SANTOS,PDT,0,,
Águas Vermelhas,MG,Deputado Estadual,12006,VANUSA DE CASSIA BARBOSA,PDT,0,,
Águas Vermelhas,MG,Deputado Estadual,12056,FERNANDO ANTONIO SANTOS DE SANTANA,PDT,0,,
Águas Vermelhas,MG,Deputado Estadual,12175,MARIA SUELY DOS REIS,PDT,0,,
Águas Vermelhas,MG,Deputado Estadual,12013,VALERIO ANTONIO FERREIRA,PDT,0,,
Águas Vermelhas,MG,Deputado Estadual,43333,MARIO HENRIQUE DA SILVA,PV,0,,
Águas Vermelhas,MG,Deputado Estadual,43999,FABIO DIAS QUEIROZ ZAVITOSKI,PV,0,,
Águas Vermelhas,MG,Deputado Estadual,43700,CLEITON DE OLIVEIRA,PV,0,,
Águas Vermelhas,MG,Deputado Estadual,43789,CARLITO PEREIRA DA COSTA,PV,188,,
Águas Vermelhas,MG,Deputado Estadual,43456,GABRIEL MENDES DE ALMEIDA CARVALHO,PV,2,,
Águas Vermelhas,MG,Deputado Estadual,43123,ADALCLEVER RIBEIRO LOPES,PV,0,,
Águas Vermelhas,MG,Deputado Estadual,43555,DAMIRES RINARLLY OLIVEIRA PINTO,PV,0,,
Águas Vermelhas,MG,Deputado Estadual,43000,SINARA RAFAELA CAMPOS,PV,0,,
Águas Vermelhas,MG,Deputado Estadual,43500,KELLEN CRISTINA SILVA,PV,0,,
Águas Vermelhas,MG,Deputado Estadual,43043,SARA VITRAL REZENDE,PV,0,,
Águas Vermelhas,MG,Deputado Estadual,43300,MARCELO SILVA MONTEIRO,PV,0,,
Águas Vermelhas,MG,Deputado Estadual,43444,PEDRO HENRIQUE DA PAIXAO SOUSA,PV,0,,
Águas Vermelhas,MG,Deputado Estadual,43222,IRENE SUSANA DA SILVA MELO FRANCO,PV,0,,
Águas Vermelhas,MG,Deputado Estadual,43223,ADRIANO DE OLIVEIRA E SILVA,PV,0,,
Águas Vermelhas,MG,Deputado Estadual,43050,DOUGLAS VERISSIMO GONCALVES,PV,0,,
Águas Vermelhas,MG,Deputado Estadual,13123,BEATRIZ DA SILVA CERQUEIRA,PT,97,,
Águas Vermelhas,MG,Deputado Estadual,13130,MACAE MARIA EVARISTO DOS SANTOS,PT,24,,
Águas Vermelhas,MG,Deputado Estadual,13456,MARILENE ALVES DE SOUZA,PT,7,,
Águas Vermelhas,MG,Deputado Estadual,13000,ADRIANA CRISTINA FABIANO DE SOUZA,PT,14,,
Águas Vermelhas,MG,Deputado Estadual,13077,ULYSSES GOMES DE OLIVEIRA NETO,PT,0,,
Águas Vermelhas,MG,Deputado Estadual,13444,ANA PAULA SIQUEIRA,PT,5,,
Águas Vermelhas,MG,Deputado Estadual,13120,CRISTIANO TADEU DA SILVEIRA,PT,7,,
Águas Vermelhas,MG,Deputado Estadual,13789,RICARDO AUGUSTO DA COSTA CAMPOS,PT,0,,
Águas Vermelhas,MG,Deputado Estadual,13139,MARCOS JOSERALDO LEMOS,PT,0,,
Águas Vermelhas,MG,Deputado Estadual,13613,ROBERTO CUPOLILLO,PT,1,,
Águas Vermelhas,MG,Deputado Estadual,13050,ANDRÉIA DE JESUS SILVA,PT,3,,
Águas Vermelhas,MG,Deputado Estadual,13222,DANIEL BATISTA SUCUPIRA,PT,3,,
Águas Vermelhas,MG,Deputado Estadual,13579,WHELTON PIMENTEL DE FREITAS,PT,217,,
Águas Vermelhas,MG,Deputado Estadual,13100,JEAN MARK FREIRE SILVA,PT,254,,
Águas Vermelhas,MG,Deputado Estadual,13125,LUIZ ANTONIO DA SILVA,PT,0,,
Águas Vermelhas,MG,Deputado Estadual,13001,HENRICO BARBOZA DE MOURA,PT,4,,
Águas Vermelhas,MG,Deputado Estadual,13180,PATRICIA CARLA MELO ÁVILA,PT,1,,
Águas Vermelhas,MG,Deputado Estadual,13321,BRUNO ABREU GOMES,PT,0,,
Águas Vermelhas,MG,Deputado Estadual,13555,ANDRE QUINTAO SILVA,PT,0,,
Águas Vermelhas,MG,Deputado Estadual,13014,LAIZ PERRUT MARENDINO,PT,0,,
Águas Vermelhas,MG,Deputado Estadual,13600,MOARA CORREA SABOIA,PT,1,,
Águas Vermelhas,MG,Deputado Estadual,13300,MARIA DO CARMO LARA PERPETUO,PT,3,,
Águas Vermelhas,MG,Deputado Estadual,13070,VITOR GONÇALVES COSTA,PT,6,,
Águas Vermelhas,MG,Deputado Estadual,13450,CARLOS MAGNO RIBEIRO COSTA,PT,28,,
Águas Vermelhas,MG,Deputado Estadual,13023,IGINO MARCOS DA MATA DE OLIVEIRA,PT,0,,
Águas Vermelhas,MG,Deputado Estadual,13777,JOICE ALVARENGA BORGES CARVALHO,PT,0,,
Águas Vermelhas,MG,Deputado Estadual,13900,GILSA MARIA DOS SANTOS,PT,0,,
Águas Vermelhas,MG,Deputado Estadual,13513,DINEY LENON DE PAULO,PT,0,,
Águas Vermelhas,MG,Deputado Estadual,13034,RONALDO AMELIO FERREIRA,PT,0,,
Águas Vermelhas,MG,Deputado Estadual,13134,EDUARDO PEREIRA DE OLIVEIRA,PT,15,,
Águas Vermelhas,MG,Deputado Estadual,13121,PAULO ROBERTO VELOSO,PT,0,,
Águas Vermelhas,MG,Deputado Estadual,13133,JUSCELIA OLIVEIRA PEREIRA DE SANTANNA,PT,0,,
Águas Vermelhas,MG,Deputado Estadual,13707,PAMELA FERNANDA DA SILVA VINDILINO,PT,0,,
Águas Vermelhas,MG,Deputado Estadual,13654,JALES ANDRE DOS SANTOS,PT,0,,
Águas Vermelhas,MG,Deputado Estadual,13131,ROULIAN VIEIRA DO NASCIMENTO,PT,2,,
Águas Vermelhas,MG,Deputado Estadual,13035,ANTÔNIO AUGUSTO GARCIA VERÍSSIMO,PT,0,,
Águas Vermelhas,MG,Deputado Estadual,13213,FERNANDO VINICIUS AMARAL FERNANDES,PT,0,,
Águas Vermelhas,MG,Deputado Estadual,13567,MARIA ALVES DE SOUZA,PT,1,,
Águas Vermelhas,MG,Deputado Estadual,13022,VINICIUS VENADES MONTEIRO,PT,0,,
Águas Vermelhas,MG,Deputado Estadual,13111,LUCAS PEREIRA DA FONSECA LOPES,PT,2,,
Águas Vermelhas,MG,Deputado Estadual,13333,JOAO BATISTA FERREIRA,PT,0,,
Águas Vermelhas,MG,Deputado Estadual,13913,ESDRAS JUVENAL DE QUEIROZ,PT,0,,
Águas Vermelhas,MG,Deputado Estadual,13813,GUILHERME ALVES DE OLIVEIRA,PT,0,,
Águas Vermelhas,MG,Deputado Estadual,13013,JUNIO AGUIAR DA SILVA,PT,0,,
Águas Vermelhas,MG,Deputado Estadual,13132,JOÃO PAULO RAMOS GUSMÃO,PT,0,,
Águas Vermelhas,MG,Deputado Estadual,13666,GILSON APARECIDO DOS SANTOS,PT,0,,
Águas Vermelhas,MG,Deputado Estadual,13888,MARIA PERPÉTUO SOCORRO DE MORAES,PT,0,,
Águas Vermelhas,MG,Deputado Estadual,13018,RILDO RODRIGUES DO CARMO,PT,0,,
Águas Vermelhas,MG,Deputado Estadual,65112,JOSE CELIO DE ALVARENGA,PCDOB,0,,
Águas Vermelhas,MG,Deputado Estadual,65123,LIVIA SILVA MACEDO,PCDOB,0,,
Águas Vermelhas,MG,Deputado Estadual,65065,EDMAR MARTINS CABRAL DA CRUZ,PCDOB,0,,
Águas Vermelhas,MG,Deputado Estadual,65777,PAULO CESAR SOARES,PCDOB,0,,
Águas Vermelhas,MG,Deputado Estadual,65013,ROSANGELA PEREIRA GARCIA,PCDOB,0,,
Águas Vermelhas,MG,Deputado Estadual,16123,GUSTAVO OLIMPIO SIQUEIRA ROCHA,PSTU,0,,
Águas Vermelhas,MG,Deputado Estadual,16000,EDSON DOS SANTOS OLIVEIRA,PSTU,0,,
Águas Vermelhas,MG,Deputado Estadual,16016,MARIA ALICE DE SOUZA,PSTU,0,,
Águas Vermelhas,MG,Deputado Estadual,25222,ROBERTO DIAS DE ANDRADE,PRD,19,,
Águas Vermelhas,MG,Deputado Estadual,25555,JOSÉ VALADARES BAHIA,PRD,1,,
Águas Vermelhas,MG,Deputado Estadual,25123,FERNANDO BRENO VALADARES VIEIRA,PRD,0,,
Águas Vermelhas,MG,Deputado Estadual,25800,MÁRCIO LIMA DE PAULA,PRD,0,,
Águas Vermelhas,MG,Deputado Estadual,25111,SEBASTIÃO FERRARI NOÉ,PRD,0,,
Águas Vermelhas,MG,Deputado Estadual,25000,WILLIAM PARREIRA DUARTE,PRD,0,,
Águas Vermelhas,MG,Deputado Estadual,25333,WANDERLEY DE ARAUJO PORTO FILHO,PRD,1,,
Águas Vermelhas,MG,Deputado Estadual,25444,ROGERIO CESAR DE MATOS AVELAR,PRD,0,,
Águas Vermelhas,MG,Deputado Estadual,25456,MATHEUS LIMA BRAGA,PRD,0,,
Águas Vermelhas,MG,Deputado Estadual,25500,JOSÉ GERALDO DE ANDRADE,PRD,0,,
Águas Vermelhas,MG,Deputado Estadual,25235,DANIEL GUEDES SOARES,PRD,0,,
Águas Vermelhas,MG,Deputado Estadual,25025,ANDERSON LUIZ COSTA,PRD,0,,
Águas Vermelhas,MG,Deputado Estadual,25777,WARLEY HIGINO PEREIRA,PRD,0,,
Águas Vermelhas,MG,Deputado Estadual,25234,MARIA MÁRCIA JARDIM GRIPP,PRD,0,,
Águas Vermelhas,MG,Deputado Estadual,25252,DANILO ALVARENGA FREITAS,PRD,0,,
Águas Vermelhas,MG,Deputado Estadual,25250,DIVINO SOARES PEREIRA,PRD,0,,
Águas Vermelhas,MG,Deputado Estadual,25888,ANA CAROLINA SILVA FARIA,PRD,0,,
Águas Vermelhas,MG,Deputado Estadual,25200,NILTON FLAVIO DE OLIVEIRA MARRA,PRD,0,,
Águas Vermelhas,MG,Deputado Estadual,25789,VANILSON MACIEL DE SOUZA,PRD,0,,
Águas Vermelhas,MG,Deputado Estadual,25193,ANDRÉ VICENTE DE QUADROS LOPES,PRD,0,,
Águas Vermelhas,MG,Deputado Estadual,25345,WELINGTON MOREIRA DE OLIVEIRA,PRD,0,,
Águas Vermelhas,MG,Deputado Estadual,25300,MARLY COELHO JANUÁRIO,PRD,0,,
Águas Vermelhas,MG,Deputado Estadual,25321,MATEUS FILIP ARAUJO ALVES,PRD,0,,
Águas Vermelhas,MG,Deputado Estadual,25999,DENISE DE STEFANI MAX,PRD,0,,
Águas Vermelhas,MG,Deputado Estadual,25400,ANTONIO ADONIS PEREIRA,PRD,0,,
Águas Vermelhas,MG,Deputado Estadual,25050,ROMULO BRASIL DE AVELAR CAMPOS,PRD,0,,
Águas Vermelhas,MG,Deputado Estadual,25124,DIRCE AIDA FRANCISCO RIBEIRO MELO,PRD,0,,
Águas Vermelhas,MG,Deputado Estadual,25190,DANIEL DE ALMEIDA LEÃO,PRD,0,,
Águas Vermelhas,MG,Deputado Estadual,25221,LILIAN PAULA DE OLIVEIRA,PRD,0,,
Águas Vermelhas,MG,Deputado Estadual,25455,OZEIAS EVANGELISTA DE ARAUJO,PRD,0,,
Águas Vermelhas,MG,Deputado Estadual,25678,ELIANA CHISTÉ DE LIMA,PRD,0,,
Águas Vermelhas,MG,Deputado Estadual,25900,LUCAS CORREA DA SILVA CAMPOS VALADÃO,PRD,0,,
Águas Vermelhas,MG,Deputado Estadual,25325,HELIO JESUS DE MIRANDA,PRD,0,,
Águas Vermelhas,MG,Deputado Estadual,25425,PAULO SÉRGIO PEIXOTO DA FONSECA,PRD,0,,
Águas Vermelhas,MG,Deputado Estadual,25987,EDUARDO RICARDO NUNES,PRD,0,,
Águas Vermelhas,MG,Deputado Estadual,25125,VITOR VIEIRA DE MELO,PRD,0,,
Águas Vermelhas,MG,Deputado Estadual,25100,WILLIAM RAIMUNDO DOS SANTOS,PRD,0,,
Águas Vermelhas,MG,Deputado Estadual,25255,EDUARDA FERREIRA LIMA,PRD,0,,
Águas Vermelhas,MG,Deputado Estadual,25005,ANDREIA ALVES NESTOR,PRD,0,,
Águas Vermelhas,MG,Deputado Estadual,25511,CÍNTIA APARECIDA DE SOUZA MOREIRA VIEIRA,PRD,0,,
Águas Vermelhas,MG,Deputado Estadual,25010,ADAILTON SILVA,PRD,0,,
Águas Vermelhas,MG,Deputado Estadual,25700,SARA GABRIELA SANTOS,PRD,0,,
Águas Vermelhas,MG,Deputado Estadual,25370,JAQUELINE AVELAR ROSA,PRD,0,,
Águas Vermelhas,MG,Deputado Estadual,25052,MÁRCIA REGINA BRAGA DO CARMO,PRD,0,,
Águas Vermelhas,MG,Deputado Estadual,25108,ROSELY MARIA DE CARVALHO,PRD,0,,
Águas Vermelhas,MG,Deputado Estadual,77369,VINICIUS BRAGA SARAIVA DE RESENDE,SOLIDARIEDADE,0,,
Águas Vermelhas,MG,Deputado Estadual,77000,ANDERSON LUIS COELHO,SOLIDARIEDADE,0,,
Águas Vermelhas,MG,Deputado Estadual,77100,DEYVISON DE ABREU FREITAS,SOLIDARIEDADE,0,,
Águas Vermelhas,MG,Deputado Estadual,77040,JEFERSON DE OLIVEIRA,SOLIDARIEDADE,0,,
Águas Vermelhas,MG,Deputado Estadual,77177,VERA SONIA SARAIVA,SOLIDARIEDADE,0,,
Águas Vermelhas,MG,Deputado Estadual,77258,LUIZ CARLOS DOS REIS,SOLIDARIEDADE,0,,
Águas Vermelhas,MG,Deputado Estadual,77070,FILIPE RIBEIRO DE OLIVEIRA,SOLIDARIEDADE,0,,
Águas Vermelhas,MG,Deputado Estadual,77071,RAIMUNDO NONATO DA SILVA,SOLIDARIEDADE,0,,
Águas Vermelhas,MG,Deputado Estadual,77250,CLAUDIA BEATRIZ GOMES DA SILVA,SOLIDARIEDADE,0,,
Águas Vermelhas,MG,Deputado Estadual,77333,NIVALDO PIRES DOS SANTOS,SOLIDARIEDADE,0,,
Águas Vermelhas,MG,Deputado Estadual,77450,FLAVIANE SILVA DAS GRAÇAS GUALBERTO,SOLIDARIEDADE,0,,
Águas Vermelhas,MG,Deputado Estadual,77002,SIMONE CALDAS MONTEIRO SILVA,SOLIDARIEDADE,0,,
Águas Vermelhas,MG,Deputado Estadual,77888,JENNIFER KELLY CARMO DE OLIVEIRA SILVA,SOLIDARIEDADE,0,,
Águas Vermelhas,MG,Deputado Estadual,77010,GRACIMAR ALMEIDA DA SILVA,SOLIDARIEDADE,0,,
Águas Vermelhas,MG,Deputado Estadual,18900,LUCAS LASMAR DE MOURA COSTA RESENDE,REDE,0,,
Águas Vermelhas,MG,Deputado Estadual,18500,WAGNER DE JESUS FERREIRA,REDE,0,,
Águas Vermelhas,MG,Deputado Estadual,18100,SILVIA REGINA DE OLIVEIRA,REDE,0,,
Águas Vermelhas,MG,Deputado Estadual,18333,VITOR DOUGLAS DE ANDRADE,REDE,0,,
Águas Vermelhas,MG,Deputado Estadual,18040,NUBIA DOS SANTOS CITTY ROSA,REDE,0,,
Águas Vermelhas,MG,Deputado Estadual,18000,CLAUDIA COSTA GUERRA,REDE,0,,
Águas Vermelhas,MG,Deputado Estadual,18444,PEDRO PAULO DOS SANTOS CARVALHO,REDE,0,,
Águas Vermelhas,MG,Deputado Estadual,18018,NARA LUCIA DE PAULA FAN,REDE,0,,
Águas Vermelhas,MG,Deputado Estadual,18245,WESLEY RODOLPHO BRANDAO GOMES,REDE,0,,
Águas Vermelhas,MG,Deputado Estadual,18456,CEZAR RIBEIRO DE FREITAS,REDE,0,,
Águas Vermelhas,MG,Deputado Estadual,18888,MARCELINA LUCIA DA SILVA LIBERATO,REDE,0,,
Águas Vermelhas,MG,Deputado Estadual,18181,FERNANDO FERRAZ RÊGO NEIVA,REDE,0,,
Águas Vermelhas,MG,Deputado Estadual,18180,WALTER PINHEIRO DA SILVA,REDE,0,,
Águas Vermelhas,MG,Deputado Estadual,18123,GILSON MARQUES DE MOURA,REDE,0,,
Águas Vermelhas,MG,Deputado Estadual,18061,JOAQUIM MARCELINO MOREIRA,REDE,0,,
Águas Vermelhas,MG,Deputado Estadual,18789,MARIA MADALENA SANTOS PACHECO,REDE,0,,
Águas Vermelhas,MG,Deputado Estadual,18282,MARCELO DE CASTRO DOCO,REDE,0,,
Águas Vermelhas,MG,Deputado Estadual,18555,GISELY ANICETA SILVA,REDE,0,,
Águas Vermelhas,MG,Deputado Estadual,18001,MIGUEL DE FREITAS ASSIS ROCHA,REDE,0,,
Águas Vermelhas,MG,Deputado Estadual,18178,MARIANA BENEDITA SOUZA COSTA,REDE,0,,
Águas Vermelhas,MG,Deputado Estadual,18223,FABRICIO REIS PEREIRA,REDE,0,,
Águas Vermelhas,MG,Deputado Estadual,18365,VINICIUS VIEIRA LIMA,REDE,0,,
Águas Vermelhas,MG,Deputado Estadual,18228,ELAINE SILVA DE SOUSA,REDE,0,,
Águas Vermelhas,MG,Deputado Estadual,50099,IZABELLA LOURENÇA AMORIM ROMUALDO,PSOL,9,,
Águas Vermelhas,MG,Deputado Estadual,50111,JUHLIA SANTOS,PSOL,1,,
Águas Vermelhas,MG,Deputado Estadual,50321,FELIPE CORREIA DE SOUZA PEREIRA GOMES,PSOL,0,,
Águas Vermelhas,MG,Deputado Estadual,50500,MARIA CAROLINA SANTOS CALDEIRA,PSOL,2,,
Águas Vermelhas,MG,Deputado Estadual,50333,SHIRLEY ADILSON SILVA,PSOL,0,,
Águas Vermelhas,MG,Deputado Estadual,50180,MARINA EDUARDA OLIVEIRA CAMPOS,PSOL,0,,
Águas Vermelhas,MG,Deputado Estadual,50000,MALLU ALMEIDA,PSOL,0,,
Águas Vermelhas,MG,Deputado Estadual,50036,LUCIANA DE SOUZA MATIAS,PSOL,0,,
Águas Vermelhas,MG,Deputado Estadual,50222,EDUARDO EVANGELISTA FERREIRA,PSOL,0,,
Águas Vermelhas,MG,Deputado Estadual,50123,THAÍS VIÉGAS RABELO ROCHA,PSOL,0,,
Águas Vermelhas,MG,Deputado Estadual,50005,LEANDRO CESAR DA SILVA,PSOL,0,,
Águas Vermelhas,MG,Deputado Estadual,50777,DANILO NUNES FERNANDES,PSOL,0,,
Águas Vermelhas,MG,Deputado Estadual,50100,BRENDA MARQUES PENA,PSOL,0,,
Águas Vermelhas,MG,Deputado Estadual,50350,JANAEL DA SILVA ALVES,PSOL,0,,
Águas Vermelhas,MG,Deputado Estadual,50200,ADJAILSON SEVERO DE OLIVEIRA ANDRADE,PSOL,0,,
Águas Vermelhas,MG,Deputado Estadual,50369,MAGNO NEWTON LUIZ FRANCO,PSOL,0,,
Águas Vermelhas,MG,Deputado Estadual,50555,MILTON SILVESTRE DA SILVA,PSOL,0,,
Águas Vermelhas,MG,Deputado Estadual,50050,GLEISON JOAO GOMES PEGO,PSOL,0,,
Águas Vermelhas,MG,Deputado Estadual,50234,EDMARA APARECIDA DO CARMO,PSOL,0,,
Águas Vermelhas,MG,Deputado Estadual,50150,CLAUDIO MARQUES FONSECA DE AZEVEDO,PSOL,0,,
Águas Vermelhas,MG,Deputado Estadual,50231,CLÉCIO DA SILVA QUEIROZ,PSOL,0,,
Águas Vermelhas,MG,Deputado Estadual,50452,VILSON RODRIGUES DA LUZ,PSOL,0,,
Águas Vermelhas,MG,Deputado Estadual,50550,EDSON SILVA VIEIRA,PSOL,0,,
Águas Vermelhas,MG,Deputado Estadual,21000,MARIO MARIANO RUIZ CARDOSO,PCB,0,,
Águas Vermelhas,MG,Deputado Estadual,21180,JESSICA LOPES DE CARVALHO LIMA,PCB,0,,
Águas Vermelhas,MG,Deputado Estadual,21113,JOSE AUGUSTO BERNARDES,PCB,0,,
Águas Vermelhas,MG,Deputado Estadual,45300,MARIA CLARA MATOS MARRA,PSDB,1,,
Águas Vermelhas,MG,Deputado Estadual,45200,ANTONIO CARLOS SILVA NUNES,PSDB,0,,
Águas Vermelhas,MG,Deputado Estadual,45500,HELENO MARCIO DE MELO BOY,PSDB,0,,
Águas Vermelhas,MG,Deputado Estadual,45999,LEONIDIO HENRIQUE CORREA BOUCAS,PSDB,8,,
Águas Vermelhas,MG,Deputado Estadual,45123,GLYCON MOREIRA FRANCO,PSDB,0,,
Águas Vermelhas,MG,Deputado Estadual,45177,MARIA DO SOCORRO PACHECO PENA,PSDB,2,,
Águas Vermelhas,MG,Deputado Estadual,45180,MARTA CARVALHO MURTA,PSDB,0,,
Águas Vermelhas,MG,Deputado Estadual,45456,LUIGI D'ANGELO DOS SANTOS,PSDB,0,,
Águas Vermelhas,MG,Deputado Estadual,45120,HELY TARQUINIO,PSDB,0,,
Águas Vermelhas,MG,Deputado Estadual,45678,ORLANDO AMORIM CALDEIRA,PSDB,2,,
Águas Vermelhas,MG,Deputado Estadual,45617,IGOR GUSTAVO DIAS,PSDB,0,,
Águas Vermelhas,MG,Deputado Estadual,45444,CAMILA GONÇALVES ARAUJO,PSDB,0,,
Águas Vermelhas,MG,Deputado Estadual,45555,PAULO CELIO DE ALMEIDA HUGO,PSDB,1,,
Águas Vermelhas,MG,Deputado Estadual,45001,JOSE BENEDITO DAMIAO,PSDB,0,,
Águas Vermelhas,MG,Deputado Estadual,45000,IVANETE APARECIDA MARTINS XAVIER,PSDB,0,,
Águas Vermelhas,MG,Deputado Estadual,45007,EVANDRO ALVES DE ALMEIDA,PSDB,0,,
Águas Vermelhas,MG,Deputado Estadual,45244,JENNIFER ANDRESSA DA PAIXÃO,PSDB,0,,
Águas Vermelhas,MG,Deputado Estadual,45455,MARCO ANTÔNIO GUIMARÃES,PSDB,0,,
Águas Vermelhas,MG,Deputado Estadual,45222,ZENI FRANCISCA DA SILVA,PSDB,0,,
Águas Vermelhas,MG,Deputado Estadual,45666,ROSILENE SOARES PEGO,PSDB,0,,
Águas Vermelhas,MG,Deputado Estadual,45054,DORCAS FERREIRA DE MORAIS,PSDB,0,,
Águas Vermelhas,MG,Deputado Estadual,45205,JOSE LUCIO NETO,PSDB,0,,
Águas Vermelhas,MG,Deputado Estadual,45777,FERNANDA CIOLFI,PSDB,0,,
Águas Vermelhas,MG,Deputado Estadual,45900,SILVANA DA SILVA LACERDA,PSDB,0,,
Águas Vermelhas,MG,Deputado Estadual,45650,ÁUREA PEREIRA LOPES,PSDB,0,,
Águas Vermelhas,MG,Deputado Estadual,45126,BRENO DIAS CHULA,PSDB,0,,
Águas Vermelhas,MG,Deputado Estadual,45100,MARIA APARECIDA DA MATA,PSDB,0,,
Águas Vermelhas,MG,Deputado Estadual,45600,CINTIA RENATA DA SILVA MIRANDA,PSDB,0,,
Águas Vermelhas,MG,Deputado Estadual,45333,DORIVAL ALVES DE LIMA,PSDB,0,,
Águas Vermelhas,MG,Deputado Estadual,45153,SAMIRA MALHEIROS DA CRUZ LADEIRA,PSDB,0,,
Águas Vermelhas,MG,Deputado Estadual,45234,RAFAELA BRUNA DE OLIVEIRA,PSDB,0,,
Águas Vermelhas,MG,Deputado Estadual,45223,JOSIELY DOS SANTOS BRANDÃO,PSDB,0,,
Águas Vermelhas,MG,Deputado Estadual,45127,NATHALIA FAUSTINA ROSA DA SILVA,PSDB,0,,
Águas Vermelhas,MG,Deputado Estadual,45013,DANIELLE CRISTINA DOS SANTOS,PSDB,0,,
Águas Vermelhas,MG,Deputado Estadual,45340,SORAYA ALVES DE SOUZA,PSDB,0,,
Águas Vermelhas,MG,Deputado Estadual,45015,FABIANA STEPHANIE DOS SANTOS MACHADO,PSDB,0,,
Águas Vermelhas,MG,Deputado Estadual,45535,FATIMA APARECIDA DE ARAUJO,PSDB,0,,
Águas Vermelhas,MG,Deputado Estadual,23333,ANA FLAVIA PASSOS DE OLIVEIRA DRUMOND,CIDADANIA,0,,
Águas Vermelhas,MG,Deputado Estadual,23456,MARIA APARECIDA LUIZ,CIDADANIA,0,,
Águas Vermelhas,MG,Deputado Estadual,30230,MAURÍCIO LEMES DE CARVALHO,NOVO,0,,
Águas Vermelhas,MG,Deputado Estadual,30011,JOSE LAVIOLA NETO DE LIRA,NOVO,3,,
Águas Vermelhas,MG,Deputado Estadual,30400,MARCELA DE LACERDA TRÓPIA,NOVO,0,,
Águas Vermelhas,MG,Deputado Estadual,30007,FERNANDA ELISA PEREIRA ALTOÉ,NOVO,0,,
Águas Vermelhas,MG,Deputado Estadual,30456,LARISSA RODRIGUES DIAS,NOVO,1,,
Águas Vermelhas,MG,Deputado Estadual,30123,WENDERSON ARLEI DA SILVA,NOVO,0,,
Águas Vermelhas,MG,Deputado Estadual,30190,BRUNO ARAÚJO OLIVEIRA,NOVO,0,,
Águas Vermelhas,MG,Deputado Estadual,30034,PITHER ROBSON AMARAL FREITAS,NOVO,0,,
Águas Vermelhas,MG,Deputado Estadual,30200,MATEUS NEVES EUGENIO,NOVO,0,,
Águas Vermelhas,MG,Deputado Estadual,30000,RIAN DE ÁVILA PEREIRA,NOVO,1,,
Águas Vermelhas,MG,Deputado Estadual,30999,JOÃO FERNANDO DE SOUZA,NOVO,0,,
Águas Vermelhas,MG,Deputado Estadual,30002,JOÃO HONORATO DA SILVA,NOVO,0,,
Águas Vermelhas,MG,Deputado Estadual,30880,OTÁVIO MARTINS MAIA,NOVO,1,,
Águas Vermelhas,MG,Deputado Estadual,30100,RIVALDA PEREIRA VIEIRA,NOVO,0,,
Águas Vermelhas,MG,Deputado Estadual,30130,JOÃO DE PAULA DOS SANTOS,NOVO,0,,
Águas Vermelhas,MG,Deputado Estadual,30222,DOUGLAS JUNIOR CAMPOS,NOVO,0,,
Águas Vermelhas,MG,Deputado Estadual,30122,FLÁVIA APARECIDA FAULSTICH SILVA,NOVO,0,,
Águas Vermelhas,MG,Deputado Estadual,30033,ALEX SCOTA ROCHA,NOVO,0,,
Águas Vermelhas,MG,Deputado Estadual,30444,CARLA MARIA NOGUEIRA FELIPE HORTA,NOVO,0,,
Águas Vermelhas,MG,Deputado Estadual,30001,ALIPIO JOSÉ SOUZA SILVA,NOVO,0,,
Águas Vermelhas,MG,Deputado Estadual,30381,JOSE DA LUZ SOARES,NOVO,0,,
Águas Vermelhas,MG,Deputado Estadual,30003,DÓRIS CAMARGO MARTINS DE ANDRADE,NOVO,0,,
Águas Vermelhas,MG,Deputado Estadual,30030,RENATA MIRANDA COELHO,NOVO,0,,
Águas Vermelhas,MG,Deputado Estadual,30888,ADAN JENS GODTFREDSEN,NOVO,0,,
Águas Vermelhas,MG,Deputado Estadual,30300,DANIELLE MARINA DE SOUZA DO CARMO,NOVO,0,,
Águas Vermelhas,MG,Deputado Estadual,30789,ÂNGELO MÁRCIO DA SILVA,NOVO,0,,
Águas Vermelhas,MG,Deputado Estadual,30266,LAIS CRISTIANE MONTEIRO DRUMOND,NOVO,0,,
Águas Vermelhas,MG,Deputado Estadual,30700,JORDAN TAVARES DE SOUZA,NOVO,0,,
Águas Vermelhas,MG,Deputado Estadual,30005,TATIANE FERREIRA DA PIEDADE,NOVO,0,,
Águas Vermelhas,MG,Deputado Estadual,30035,BRISA ALMEIDA DE SANTANA,NOVO,0,,
Águas Vermelhas,MG,Deputado Estadual,30121,MAYCON ARIEL DA SILVA,NOVO,0,,
Águas Vermelhas,MG,Deputado Estadual,30678,ELIZEU BOMFA SANTOS,NOVO,0,,
Águas Vermelhas,MG,Deputado Estadual,30126,RENATA PEREIRA DE CARVALHO,NOVO,0,,
Águas Vermelhas,MG,Deputado Estadual,30111,DIRLENE FERREIRA DE SOUZA,NOVO,0,,
Águas Vermelhas,MG,Deputado Estadual,30987,ALINE GONÇALVES MACHADO,NOVO,0,,
Águas Vermelhas,MG,Deputado Estadual,30772,CLEITON MOACIR DOS SANTOS,NOVO,0,,
Águas Vermelhas,MG,Deputado Estadual,30363,VANDERSON LOURENÇO GONÇALVES,NOVO,0,,
Águas Vermelhas,MG,Deputado Estadual,30800,RODRIGO SANTOS MASSET LACOMBE,NOVO,0,,
Águas Vermelhas,MG,Deputado Estadual,30147,SIRLEI ALVES DE SOUZA,NOVO,0,,
Águas Vermelhas,MG,Deputado Estadual,30220,FERNANDO CEZAR JULIATTI,NOVO,0,,
Águas Vermelhas,MG,Deputado Estadual,30333,VERÔNICA INÁCIA DA SILVA,NOVO,0,,
Águas Vermelhas,MG,Deputado Estadual,30009,GUILHERME VIKTOR PAOLUCCI WEYERS,NOVO,0,,
Águas Vermelhas,MG,Deputado Estadual,30430,SEBASTIÃO AVELINO DA COSTA,NOVO,0,,
Águas Vermelhas,MG,Deputado Estadual,30303,DANIELA FABIANNE FARIA SILVA,NOVO,0,,
Águas Vermelhas,MG,Deputado Estadual,30099,WAGNER VALERI SUHADOLNIK JUNIOR,NOVO,0,,
Águas Vermelhas,MG,Deputado Estadual,30330,CLAUDIO LUIZ DE SOUZA LOPES FILHO,NOVO,0,,
Águas Vermelhas,MG,Deputado Estadual,30022,STEFANNI DE ASSIS FERREIRA ARCANJO,NOVO,0,,
Águas Vermelhas,MG,Deputado Estadual,30146,AMADEUS JUSTEN FREITAG,NOVO,0,,
Águas Vermelhas,MG,Deputado Estadual,30250,KARINA APARECIDA DA SILVA COSTA LIMA,NOVO,0,,
Águas Vermelhas,MG,Deputado Estadual,30555,ANA CAROLINA FABBRI GUERRERO,NOVO,0,,
Águas Vermelhas,MG,Deputado Estadual,30010,CARLOS HENRIQUE ALVES,NOVO,0,,
Águas Vermelhas,MG,Deputado Estadual,30120,LEANDRO BARBOSA VAROTO,NOVO,0,,
Águas Vermelhas,MG,Deputado Estadual,30322,ALEXANDRE HERCULANO FERREIRA GONÇALVES BRANCO,NOVO,0,,
Águas Vermelhas,MG,Deputado Estadual,30321,CLEITON PEREIRA PINTO,NOVO,0,,
Águas Vermelhas,MG,Deputado Estadual,30084,JOAO CARLOS DURETTI JUNIOR,NOVO,0,,
Águas Vermelhas,MG,Deputado Estadual,30031,EUGÊNIO FRANCISCO DE SOUSA,NOVO,0,,
Águas Vermelhas,MG,Deputado Estadual,30175,MARCO AURÉLIO DE BARROS,NOVO,0,,
Águas Vermelhas,MG,Deputado Estadual,30211,THIAGO MARTINS DA CORTE,NOVO,0,,
Águas Vermelhas,MG,Deputado Estadual,30199,YVES ALVES DOS SANTOS,NOVO,0,,
Águas Vermelhas,MG,Deputado Estadual,30530,SIMONE GOMES DE MELO BAPTISTA,NOVO,0,,
Águas Vermelhas,MG,Deputado Estadual,30610,PHILLIPE FERREIRA LIMA,NOVO,0,,
Águas Vermelhas,MG,Deputado Estadual,30500,DOUGLAS KAJFES GARCIA,NOVO,0,,
Águas Vermelhas,MG,Deputado Estadual,30028,DEBORAH LOURENÇO NOVAES DE SOUZA,NOVO,0,,
Águas Vermelhas,MG,Deputado Estadual,30044,CARLOS ALBERTO ESTEVES LARES,NOVO,0,,
Águas Vermelhas,MG,Deputado Estadual,30312,MARILIA PINHO FERRARI,NOVO,0,,
Águas Vermelhas,MG,Deputado Estadual,30019,ROSIVALDO FERNANDES RODRIGUES,NOVO,0,,
Águas Vermelhas,MG,Deputado Estadual,30900,GERALDO MAGELA MARTINS DOS SANTOS,NOVO,0,,
Águas Vermelhas,MG,Deputado Estadual,30760,VICENTE CALIXTO,NOVO,0,,
Águas Vermelhas,MG,Deputado Estadual,30777,VINÍCIUS GONÇALVES MELO,NOVO,0,,
Águas Vermelhas,MG,Deputado Estadual,30004,SAORI NOÉMIE ANTUNES,NOVO,0,,
Águas Vermelhas,MG,Deputado Estadual,30020,CRISTIANO LÚCIO DE SOUZA,NOVO,0,,
Águas Vermelhas,MG,Deputado Estadual,30078,CESAR AUGUSTO SOARES GOMIDE,NOVO,0,,
Águas Vermelhas,MG,Deputado Estadual,30234,PAULO SERGIO REIS FONSECA,NOVO,0,,
Águas Vermelhas,MG,Deputado Estadual,30304,MARCUS VINICIUS DOS SANTOS BARBOSA,NOVO,0,,
Águas Vermelhas,MG,Deputado Estadual,30062,REMO FERREIRA DE FIGUEIREDO,NOVO,0,,
Águas Vermelhas,MG,Deputado Estadual,30832,EDNARDO ALVES DOS SANTOS,NOVO,0,,
Águas Vermelhas,MG,Deputado Estadual,30202,PATRÍCIA BARBOSA EUGÊNIO,NOVO,0,,
Águas Vermelhas,MG,Deputado Estadual,33777,KAIO AUGUSTO HONÓRIO ALVES GUIMARÃES,MOBILIZA,0,,
Águas Vermelhas,MG,Deputado Estadual,33022,CARLOS ROBERTO DE CARVALHO,MOBILIZA,0,,
Águas Vermelhas,MG,Deputado Estadual,33333,MARCELIO ESTEVAM TEIXEIRA,MOBILIZA,0,,
Águas Vermelhas,MG,Deputado Estadual,33400,FLAVIO LIMA DA SILVA,MOBILIZA,0,,
Águas Vermelhas,MG,Deputado Estadual,33233,CARLOS ALBERTO DE ALMEIDA TURSI,MOBILIZA,0,,
Águas Vermelhas,MG,Deputado Estadual,33123,VALDIVINO PEREIRA GUIMARAES,MOBILIZA,0,,
Águas Vermelhas,MG,Deputado Estadual,33192,WESLEI ISRAEL DOS ANJOS RODRIGUES,MOBILIZA,0,,
Águas Vermelhas,MG,Deputado Estadual,33500,MARCIO BARBOSA RIBEIRO,MOBILIZA,0,,
Águas Vermelhas,MG,Deputado Estadual,33911,LEANDRO HENRIQUE BATISTA ALMEIDA,MOBILIZA,0,,
Águas Vermelhas,MG,Deputado Estadual,33222,LUCAS VITORIO DE PAULA,MOBILIZA,0,,
Águas Vermelhas,MG,Deputado Estadual,33322,HORTENCIA DE OLIVEIRA HALFELD,MOBILIZA,0,,
Águas Vermelhas,MG,Deputado Estadual,33127,EDIMILSON CALIXTO DA SILVA,MOBILIZA,0,,
Águas Vermelhas,MG,Deputado Estadual,33555,JOSE CARLOS ROMUALDO DA SILVA,MOBILIZA,0,,
Águas Vermelhas,MG,Deputado Estadual,33111,MARIA JUNIA PEREIRA SOBRINHO,MOBILIZA,0,,
Águas Vermelhas,MG,Deputado Estadual,33030,INES CARVALHO DE OLIVEIRA CARIAS,MOBILIZA,0,,
Águas Vermelhas,MG,Deputado Estadual,33000,MAURO TORRES DE SOUZA,MOBILIZA,0,,
Águas Vermelhas,MG,Deputado Estadual,33625,JULIAO DA CONCEICAO RIBEIRO,MOBILIZA,0,,
Águas Vermelhas,MG,Deputado Estadual,33345,VANILSA DIAS MARTINS,MOBILIZA,0,,
Águas Vermelhas,MG,Deputado Estadual,33100,JULIO ANDRE FERREIRA DIAS,MOBILIZA,0,,
Águas Vermelhas,MG,Deputado Estadual,33999,GUSTAVO DAMASIO DA SILVA PEREIRA,MOBILIZA,0,,
Águas Vermelhas,MG,Deputado Estadual,33300,ISABELA SILVEIRA ROSA DOS SANTOS,MOBILIZA,0,,
Águas Vermelhas,MG,Deputado Estadual,33690,ELIEDI SOARES DE SOUZA,MOBILIZA,0,,
Águas Vermelhas,MG,Deputado Estadual,33169,RUFINO AUGUSTO DE ANDRADE,MOBILIZA,0,,
Águas Vermelhas,MG,Deputado Estadual,33554,SEBASTIAO DOS REIS PEDRO DA SILVA,MOBILIZA,0,,
Águas Vermelhas,MG,Deputado Estadual,33366,ANÍCIO VIEIRA TANNÚS NETO,MOBILIZA,0,,
Águas Vermelhas,MG,Deputado Estadual,33753,WDSON TEIXEIRA PASSOS,MOBILIZA,0,,
Águas Vermelhas,MG,Deputado Estadual,33190,JOSE SOUZA MEIRELES,MOBILIZA,0,,
Águas Vermelhas,MG,Deputado Estadual,33666,ANA CLEYDE MOREIRA,MOBILIZA,0,,
Águas Vermelhas,MG,Deputado Estadual,33180,JOSÉ CARLOS DA SILVA ROSA,MOBILIZA,0,,
Águas Vermelhas,MG,Deputado Estadual,33093,CARMEM LUCIA CARDOSO DE JESUS,MOBILIZA,0,,
Águas Vermelhas,MG,Deputado Estadual,33202,NEUSA DIAS,MOBILIZA,0,,
Águas Vermelhas,MG,Deputado Estadual,33620,WALTER DA SILVA DE OLIVEIRA,MOBILIZA,0,,
Águas Vermelhas,MG,Deputado Estadual,33007,MARCELO MARQUES DA SILVA,MOBILIZA,0,,
Águas Vermelhas,MG,Deputado Estadual,33569,ROBERTO CARLOS DO NASCIMENTO,MOBILIZA,0,,
Águas Vermelhas,MG,Deputado Estadual,33444,CLAUDINEIA SOUZA PEREIRA,MOBILIZA,0,,
Águas Vermelhas,MG,Deputado Estadual,33454,DAVID DIVINO ALVES PEREIRA,MOBILIZA,0,,
Águas Vermelhas,MG,Deputado Estadual,33933,ROBERSON LEANDRO DE ARAUJO,MOBILIZA,0,,
Águas Vermelhas,MG,Deputado Estadual,33325,ROVILSON DE ASSIS PIMENTEL,MOBILIZA,0,,
Águas Vermelhas,MG,Deputado Estadual,33888,ITAMAR SILVA,MOBILIZA,0,,
Águas Vermelhas,MG,Deputado Estadual,33090,APARECIDO CANDIDO DE ANDRADE,MOBILIZA,0,,
Águas Vermelhas,MG,Deputado Estadual,33015,ELIAS DA SILVA CUNHA,MOBILIZA,0,,
Águas Vermelhas,MG,Deputado Estadual,33002,KELE CRISTINA BATISTA PEREIRA,MOBILIZA,0,,
Águas Vermelhas,MG,Deputado Estadual,33369,WILLIAN GERALDO DE ALCANTARA,MOBILIZA,0,,
Águas Vermelhas,MG,Deputado Estadual,33019,KATIA APARECIDA GOMES,MOBILIZA,0,,
Águas Vermelhas,MG,Deputado Estadual,33700,GLEICE KELLY DA SILVA OLIVEIRA,MOBILIZA,0,,
Águas Vermelhas,MG,Deputado Estadual,33733,DANIELA ESTEVES BATISTA,MOBILIZA,0,,
Águas Vermelhas,MG,Deputado Estadual,33125,MARIA DE FATIMA NOGUEIRA DOS SANTOS ARAUJO,MOBILIZA,0,,
Águas Vermelhas,MG,Deputado Estadual,33763,RAQUEL DOS SANTOS SOARES,MOBILIZA,0,,
Águas Vermelhas,MG,Deputado Estadual,33033,MARIA DA GLORIA DOS SANTOS CHAVES,MOBILIZA,0,,
Águas Vermelhas,MG,Deputado Estadual,33110,WAGNER MARTINS DE OLIVEIRA,MOBILIZA,0,,
Águas Vermelhas,MG,Deputado Estadual,33887,SOLANDIA DE SOUZA COELHO,MOBILIZA,0,,
Águas Vermelhas,MG,Deputado Estadual,33044,JOAO DA CRUZ FILHO,MOBILIZA,0,,
Águas Vermelhas,MG,Deputado Estadual,33636,DICKSON VALERIO RODRIGUES,MOBILIZA,0,,
Águas Vermelhas,MG,Deputado Estadual,33077,SHIRLEY MARIANO DA COSTA HORTENCIO,MOBILIZA,0,,
Águas Vermelhas,MG,Deputado Estadual,33223,ANTONIO RAIMUNDO ROCHA,MOBILIZA,0,,
Águas Vermelhas,MG,Deputado Estadual,33020,KARLA CRISTINA DE REZENDE,MOBILIZA,0,,
Águas Vermelhas,MG,Deputado Estadual,33017,PAULA DE AGUIAR ARCONTI STIVAL,MOBILIZA,0,,
Águas Vermelhas,MG,Deputado Estadual,33010,MINÉIA NUNES DE SOUZA CARVALHO RENDE,MOBILIZA,0,,
