municipio,uf,zona,secao,eleicao,cargo,codigo_cargo,numero,candidato,partido,partido_numero,votos,data_emissao_bu,hash_bu,status_bu
Águas Vermelhas,MG,0213,0070,6259,Senador,5,131,MARILIA APARECIDA CAMPOS,PT,13,151,20261004T184103,77592d4e4d7077342b55355275706a77442b36436d314a7a394c6b545a70307061445966475370334c504d3d,Totalizado
Águas Vermelhas,MG,0213,0070,6259,Senador,5,111,MARCELO GUILHERME DE ARO FERREIRA,PP,11,102,20261004T184103,77592d4e4d7077342b55355275706a77442b36436d314a7a394c6b545a70307061445966475370334c504d3d,Totalizado
Águas Vermelhas,MG,0213,0070,6259,Senador,5,500,AUREA CAROLINA DE FREITAS E SILVA,PSOL,50,74,20261004T184103,77592d4e4d7077342b55355275706a77442b36436d314a7a394c6b545a70307061445966475370334c504d3d,Totalizado
Águas Vermelhas,MG,0213,0070,6259,Senador,5,222,DOMINGOS SAVIO CAMPOS RESENDE,PL,22,55,20261004T184103,77592d4e4d7077342b55355275706a77442b36436d314a7a394c6b545a70307061445966475370334c504d3d,Totalizado
Águas Vermelhas,MG,0213,0070,6259,Senador,5,555,CARLOS ALBERTO DIAS VIANA,PSD,55,44,20261004T184103,77592d4e4d7077342b55355275706a77442b36436d314a7a394c6b545a70307061445966475370334c504d3d,Totalizado
Águas Vermelhas,MG,0213,0070,6259,Senador,5,300,MARCO ANTÔNIO MOREIRA DA COSTA,NOVO,30,7,20261004T184103,77592d4e4d7077342b55355275706a77442b36436d314a7a394c6b545a70307061445966475370334c504d3d,Totalizado
Águas Vermelhas,MG,0213,0070,6259,Senador,5,456,AÉCIO NEVES DA CUNHA,PSDB,45,5,20261004T184103,77592d4e4d7077342b55355275706a77442b36436d314a7a394c6b545a70307061445966475370334c504d3d,Totalizado
Águas Vermelhas,MG,0213,0070,6259,Senador,5,150,MANOEL TEODORO PEREIRA DE CARVALHO FILHO,MDB,15,1,20261004T184103,77592d4e4d7077342b55355275706a77442b36436d314a7a394c6b545a70307061445966475370334c504d3d,Totalizado
Águas Vermelhas,MG,0213,0071,6259,Senador,5,131,MARILIA APARECIDA CAMPOS,PT,13,152,20261004T175657,4a546e2d4e51725245526a7a4d53427a4d366a4a477457486b513878316d54526471316a7562456c337a773d,Totalizado
Águas Vermelhas,MG,0213,0071,6259,Senador,5,111,MARCELO GUILHERME DE ARO FERREIRA,PP,11,110,20261004T175657,4a546e2d4e51725245526a7a4d53427a4d366a4a477457486b513878316d54526471316a7562456c337a773d,Totalizado
Águas Vermelhas,MG,0213,0071,6259,Senador,5,222,DOMINGOS SAVIO CAMPOS RESENDE,PL,22,57,20261004T175657,4a546e2d4e51725245526a7a4d53427a4d366a4a477457486b513878316d54526471316a7562456c337a773d,Totalizado
Águas Vermelhas,MG,0213,0071,6259,Senador,5,500,AUREA CAROLINA DE FREITAS E SILVA,PSOL,50,57,20261004T175657,4a546e2d4e51725245526a7a4d53427a4d366a4a477457486b513878316d54526471316a7562456c337a773d,Totalizado
Águas Vermelhas,MG,0213,0071,6259,Senador,5,555,CARLOS ALBERTO DIAS VIANA,PSD,55,44,20261004T175657,4a546e2d4e51725245526a7a4d53427a4d366a4a477457486b513878316d54526471316a7562456c337a773d,Totalizado
Águas Vermelhas,MG,0213,0071,6259,Senador,5,300,MARCO ANTÔNIO MOREIRA DA COSTA,NOVO,30,13,20261004T175657,4a546e2d4e51725245526a7a4d53427a4d366a4a477457486b513878316d54526471316a7562456c337a773d,Totalizado
Águas Vermelhas,MG,0213,0071,6259,Senador,5,456,AÉCIO NEVES DA CUNHA,PSDB,45,8,20261004T175657,4a546e2d4e51725245526a7a4d53427a4d366a4a477457486b513878316d54526471316a7562456c337a773d,Totalizado
Águas Vermelhas,MG,0213,0071,6259,Senador,5,155,ARCANJO CARLOS PIMENTA,MDB,15,1,20261004T175657,4a546e2d4e51725245526a7a4d53427a4d366a4a477457486b513878316d54526471316a7562456c337a773d,Totalizado
Águas Vermelhas,MG,0213,0071,6259,Senador,5,160,JORDANO CARVALHO DOS SANTOS,PSTU,16,1,20261004T175657,4a546e2d4e51725245526a7a4d53427a4d366a4a477457486b513878316d54526471316a7562456c337a773d,Totalizado
Águas Vermelhas,MG,0213,0072,6259,Senador,5,131,MARILIA APARECIDA CAMPOS,PT,13,162,20261004T180521,37747831493351495731475534364a6b485638596f486730556850434b68412d525a416379455554594c4d3d,Totalizado
Águas Vermelhas,MG,0213,0072,6259,Senador,5,111,MARCELO GUILHERME DE ARO FERREIRA,PP,11,108,20261004T180521,37747831493351495731475534364a6b485638596f486730556850434b68412d525a416379455554594c4d3d,Totalizado
Águas Vermelhas,MG,0213,0072,6259,Senador,5,500,AUREA CAROLINA DE FREITAS E SILVA,PSOL,50,68,20261004T180521,37747831493351495731475534364a6b485638596f486730556850434b68412d525a416379455554594c4d3d,Totalizado
Águas Vermelhas,MG,0213,0072,6259,Senador,5,222,DOMINGOS SAVIO CAMPOS RESENDE,PL,22,59,20261004T180521,37747831493351495731475534364a6b485638596f486730556850434b68412d525a416379455554594c4d3d,Totalizado
Águas Vermelhas,MG,0213,0072,6259,Senador,5,555,CARLOS ALBERTO DIAS VIANA,PSD,55,48,20261004T180521,37747831493351495731475534364a6b485638596f486730556850434b68412d525a416379455554594c4d3d,Totalizado
Águas Vermelhas,MG,0213,0072,6259,Senador,5,300,MARCO ANTÔNIO MOREIRA DA COSTA,NOVO,30,13,20261004T180521,37747831493351495731475534364a6b485638596f486730556850434b68412d525a416379455554594c4d3d,Totalizado
Águas Vermelhas,MG,0213,0072,6259,Senador,5,456,AÉCIO NEVES DA CUNHA,PSDB,45,9,20261004T180521,37747831493351495731475534364a6b485638596f486730556850434b68412d525a416379455554594c4d3d,Totalizado
Águas Vermelhas,MG,0213,0072,6259,Senador,5,155,ARCANJO CARLOS PIMENTA,MDB,15,2,20261004T180521,37747831493351495731475534364a6b485638596f486730556850434b68412d525a416379455554594c4d3d,Totalizado
Águas Vermelhas,MG,0213,0072,6259,Senador,5,150,MANOEL TEODORO PEREIRA DE CARVALHO FILHO,MDB,15,1,20261004T180521,37747831493351495731475534364a6b485638596f486730556850434b68412d525a416379455554594c4d3d,Totalizado
Águas Vermelhas,MG,0213,0072,6259,Senador,5,700,CARLOS MAGNO DE MOURA SOARES,AVANTE,70,1,20261004T180521,37747831493351495731475534364a6b485638596f486730556850434b68412d525a416379455554594c4d3d,Totalizado
Águas Vermelhas,MG,0213,0073,6259,Senador,5,131,MARILIA APARECIDA CAMPOS,PT,13,152,20261004T201432,4939736476566e454c6e6663342b7166726e697834634a47572b543953734b6562616f3236644d4d4750343d,Totalizado
Águas Vermelhas,MG,0213,0073,6259,Senador,5,111,MARCELO GUILHERME DE ARO FERREIRA,PP,11,106,20261004T201432,4939736476566e454c6e6663342b7166726e697834634a47572b543953734b6562616f3236644d4d4750343d,Totalizado
Águas Vermelhas,MG,0213,0073,6259,Senador,5,500,AUREA CAROLINA DE FREITAS E SILVA,PSOL,50,68,20261004T201432,4939736476566e454c6e6663342b7166726e697834634a47572b543953734b6562616f3236644d4d4750343d,Totalizado
Águas Vermelhas,MG,0213,0073,6259,Senador,5,222,DOMINGOS SAVIO CAMPOS RESENDE,PL,22,64,20261004T201432,4939736476566e454c6e6663342b7166726e697834634a47572b543953734b6562616f3236644d4d4750343d,Totalizado
Águas Vermelhas,MG,0213,0073,6259,Senador,5,555,CARLOS ALBERTO DIAS VIANA,PSD,55,57,20261004T201432,4939736476566e454c6e6663342b7166726e697834634a47572b543953734b6562616f3236644d4d4750343d,Totalizado
Águas Vermelhas,MG,0213,0073,6259,Senador,5,456,AÉCIO NEVES DA CUNHA,PSDB,45,11,20261004T201432,4939736476566e454c6e6663342b7166726e697834634a47572b543953734b6562616f3236644d4d4750343d,Totalizado
Águas Vermelhas,MG,0213,0073,6259,Senador,5,300,MARCO ANTÔNIO MOREIRA DA COSTA,NOVO,30,6,20261004T201432,4939736476566e454c6e6663342b7166726e697834634a47572b543953734b6562616f3236644d4d4750343d,Totalizado
Águas Vermelhas,MG,0213,0073,6259,Senador,5,808,ANA LUIZA CARDOSO DE MACEDO,UP,80,1,20261004T201432,4939736476566e454c6e6663342b7166726e697834634a47572b543953734b6562616f3236644d4d4750343d,Totalizado
Águas Vermelhas,MG,0213,0074,6259,Senador,5,131,MARILIA APARECIDA CAMPOS,PT,13,151,20261004T183104,305243306c3963316b374f6c5951464d704b55595376354747654c77616b5154372d32572d716c576855513d,Totalizado
Águas Vermelhas,MG,0213,0074,6259,Senador,5,111,MARCELO GUILHERME DE ARO FERREIRA,PP,11,111,20261004T183104,305243306c3963316b374f6c5951464d704b55595376354747654c77616b5154372d32572d716c576855513d,Totalizado
Águas Vermelhas,MG,0213,0074,6259,Senador,5,500,AUREA CAROLINA DE FREITAS E SILVA,PSOL,50,54,20261004T183104,305243306c3963316b374f6c5951464d704b55595376354747654c77616b5154372d32572d716c576855513d,Totalizado
Águas Vermelhas,MG,0213,0074,6259,Senador,5,222,DOMINGOS SAVIO CAMPOS RESENDE,PL,22,48,20261004T183104,305243306c3963316b374f6c5951464d704b55595376354747654c77616b5154372d32572d716c576855513d,Totalizado
Águas Vermelhas,MG,0213,0074,6259,Senador,5,555,CARLOS ALBERTO DIAS VIANA,PSD,55,47,20261004T183104,305243306c3963316b374f6c5951464d704b55595376354747654c77616b5154372d32572d716c576855513d,Totalizado
Águas Vermelhas,MG,0213,0074,6259,Senador,5,456,AÉCIO NEVES DA CUNHA,PSDB,45,11,20261004T183104,305243306c3963316b374f6c5951464d704b55595376354747654c77616b5154372d32572d716c576855513d,Totalizado
Águas Vermelhas,MG,0213,0074,6259,Senador,5,300,MARCO ANTÔNIO MOREIRA DA COSTA,NOVO,30,9,20261004T183104,305243306c3963316b374f6c5951464d704b55595376354747654c77616b5154372d32572d716c576855513d,Totalizado
Águas Vermelhas,MG,0213,0074,6259,Senador,5,155,ARCANJO CARLOS PIMENTA,MDB,15,1,20261004T183104,305243306c3963316b374f6c5951464d704b55595376354747654c77616b5154372d32572d716c576855513d,Totalizado
Águas Vermelhas,MG,0213,0074,6259,Senador,5,808,ANA LUIZA CARDOSO DE MACEDO,UP,80,1,20261004T183104,305243306c3963316b374f6c5951464d704b55595376354747654c77616b5154372d32572d716c576855513d,Totalizado
Águas Vermelhas,MG,0213,0075,6259,Senador,5,131,MARILIA APARECIDA CAMPOS,PT,13,146,20261004T190629,63432d756243644e494165542b44466c7a756144306f57445a352b6753637370626768496e7434686437673d,Totalizado
Águas Vermelhas,MG,0213,0075,6259,Senador,5,111,MARCELO GUILHERME DE ARO FERREIRA,PP,11,117,20261004T190629,63432d756243644e494165542b44466c7a756144306f57445a352b6753637370626768496e7434686437673d,Totalizado
Águas Vermelhas,MG,0213,0075,6259,Senador,5,555,CARLOS ALBERTO DIAS VIANA,PSD,55,54,20261004T190629,63432d756243644e494165542b44466c7a756144306f57445a352b6753637370626768496e7434686437673d,Totalizado
Águas Vermelhas,MG,0213,0075,6259,Senador,5,500,AUREA CAROLINA DE FREITAS E SILVA,PSOL,50,52,20261004T190629,63432d756243644e494165542b44466c7a756144306f57445a352b6753637370626768496e7434686437673d,Totalizado
Águas Vermelhas,MG,0213,0075,6259,Senador,5,222,DOMINGOS SAVIO CAMPOS RESENDE,PL,22,51,20261004T190629,63432d756243644e494165542b44466c7a756144306f57445a352b6753637370626768496e7434686437673d,Totalizado
Águas Vermelhas,MG,0213,0075,6259,Senador,5,456,AÉCIO NEVES DA CUNHA,PSDB,45,9,20261004T190629,63432d756243644e494165542b44466c7a756144306f57445a352b6753637370626768496e7434686437673d,Totalizado
Águas Vermelhas,MG,0213,0075,6259,Senador,5,300,MARCO ANTÔNIO MOREIRA DA COSTA,NOVO,30,7,20261004T190629,63432d756243644e494165542b44466c7a756144306f57445a352b6753637370626768496e7434686437673d,Totalizado
Águas Vermelhas,MG,0213,0075,6259,Senador,5,150,MANOEL TEODORO PEREIRA DE CARVALHO FILHO,MDB,15,1,20261004T190629,63432d756243644e494165542b44466c7a756144306f57445a352b6753637370626768496e7434686437673d,Totalizado
Águas Vermelhas,MG,0213,0075,6259,Senador,5,155,ARCANJO CARLOS PIMENTA,MDB,15,1,20261004T190629,63432d756243644e494165542b44466c7a756144306f57445a352b6753637370626768496e7434686437673d,Totalizado
Águas Vermelhas,MG,0213,0075,6259,Senador,5,700,CARLOS MAGNO DE MOURA SOARES,AVANTE,70,1,20261004T190629,63432d756243644e494165542b44466c7a756144306f57445a352b6753637370626768496e7434686437673d,Totalizado
Águas Vermelhas,MG,0213,0076,6259,Senador,5,131,MARILIA APARECIDA CAMPOS,PT,13,160,20261004T175933,596b7945644f4b6a6f4d456e496146556a552d573376706a6c384b4a643563682b6e3558476455737551513d,Totalizado
Águas Vermelhas,MG,0213,0076,6259,Senador,5,111,MARCELO GUILHERME DE ARO FERREIRA,PP,11,128,20261004T175933,596b7945644f4b6a6f4d456e496146556a552d573376706a6c384b4a643563682b6e3558476455737551513d,Totalizado
Águas Vermelhas,MG,0213,0076,6259,Senador,5,500,AUREA CAROLINA DE FREITAS E SILVA,PSOL,50,64,20261004T175933,596b7945644f4b6a6f4d456e496146556a552d573376706a6c384b4a643563682b6e3558476455737551513d,Totalizado
Águas Vermelhas,MG,0213,0076,6259,Senador,5,222,DOMINGOS SAVIO CAMPOS RESENDE,PL,22,55,20261004T175933,596b7945644f4b6a6f4d456e496146556a552d573376706a6c384b4a643563682b6e3558476455737551513d,Totalizado
Águas Vermelhas,MG,0213,0076,6259,Senador,5,555,CARLOS ALBERTO DIAS VIANA,PSD,55,44,20261004T175933,596b7945644f4b6a6f4d456e496146556a552d573376706a6c384b4a643563682b6e3558476455737551513d,Totalizado
Águas Vermelhas,MG,0213,0076,6259,Senador,5,300,MARCO ANTÔNIO MOREIRA DA COSTA,NOVO,30,9,20261004T175933,596b7945644f4b6a6f4d456e496146556a552d573376706a6c384b4a643563682b6e3558476455737551513d,Totalizado
Águas Vermelhas,MG,0213,0076,6259,Senador,5,456,AÉCIO NEVES DA CUNHA,PSDB,45,7,20261004T175933,596b7945644f4b6a6f4d456e496146556a552d573376706a6c384b4a643563682b6e3558476455737551513d,Totalizado
Águas Vermelhas,MG,0213,0076,6259,Senador,5,150,MANOEL TEODORO PEREIRA DE CARVALHO FILHO,MDB,15,1,20261004T175933,596b7945644f4b6a6f4d456e496146556a552d573376706a6c384b4a643563682b6e3558476455737551513d,Totalizado
Águas Vermelhas,MG,0213,0077,6259,Senador,5,131,MARILIA APARECIDA CAMPOS,PT,13,162,20261004T174959,6735452d68512b31583675756236576432486a7a397669634947754830714c634d6368474158786d335a6b3d,Totalizado
Águas Vermelhas,MG,0213,0077,6259,Senador,5,111,MARCELO GUILHERME DE ARO FERREIRA,PP,11,124,20261004T174959,6735452d68512b31583675756236576432486a7a397669634947754830714c634d6368474158786d335a6b3d,Totalizado
Águas Vermelhas,MG,0213,0077,6259,Senador,5,500,AUREA CAROLINA DE FREITAS E SILVA,PSOL,50,72,20261004T174959,6735452d68512b31583675756236576432486a7a397669634947754830714c634d6368474158786d335a6b3d,Totalizado
Águas Vermelhas,MG,0213,0077,6259,Senador,5,222,DOMINGOS SAVIO CAMPOS RESENDE,PL,22,54,20261004T174959,6735452d68512b31583675756236576432486a7a397669634947754830714c634d6368474158786d335a6b3d,Totalizado
Águas Vermelhas,MG,0213,0077,6259,Senador,5,555,CARLOS ALBERTO DIAS VIANA,PSD,55,51,20261004T174959,6735452d68512b31583675756236576432486a7a397669634947754830714c634d6368474158786d335a6b3d,Totalizado
Águas Vermelhas,MG,0213,0077,6259,Senador,5,300,MARCO ANTÔNIO MOREIRA DA COSTA,NOVO,30,9,20261004T174959,6735452d68512b31583675756236576432486a7a397669634947754830714c634d6368474158786d335a6b3d,Totalizado
Águas Vermelhas,MG,0213,0077,6259,Senador,5,456,AÉCIO NEVES DA CUNHA,PSDB,45,3,20261004T174959,6735452d68512b31583675756236576432486a7a397669634947754830714c634d6368474158786d335a6b3d,Totalizado
Águas Vermelhas,MG,0213,0077,6259,Senador,5,700,CARLOS MAGNO DE MOURA SOARES,AVANTE,70,1,20261004T174959,6735452d68512b31583675756236576432486a7a397669634947754830714c634d6368474158786d335a6b3d,Totalizado
Águas Vermelhas,MG,0213,0091,6259,Senador,5,131,MARILIA APARECIDA CAMPOS,PT,13,111,20261004T170623,673443484857634c74706a4a354d4942386176494446744e637961774b554f6a6e323031614c5a463037493d,Totalizado
Águas Vermelhas,MG,0213,0091,6259,Senador,5,111,MARCELO GUILHERME DE ARO FERREIRA,PP,11,100,20261004T170623,673443484857634c74706a4a354d4942386176494446744e637961774b554f6a6e323031614c5a463037493d,Totalizado
Águas Vermelhas,MG,0213,0091,6259,Senador,5,500,AUREA CAROLINA DE FREITAS E SILVA,PSOL,50,41,20261004T170623,673443484857634c74706a4a354d4942386176494446744e637961774b554f6a6e323031614c5a463037493d,Totalizado
Águas Vermelhas,MG,0213,0091,6259,Senador,5,555,CARLOS ALBERTO DIAS VIANA,PSD,55,34,20261004T170623,673443484857634c74706a4a354d4942386176494446744e637961774b554f6a6e323031614c5a463037493d,Totalizado
Águas Vermelhas,MG,0213,0091,6259,Senador,5,222,DOMINGOS SAVIO CAMPOS RESENDE,PL,22,27,20261004T170623,673443484857634c74706a4a354d4942386176494446744e637961774b554f6a6e323031614c5a463037493d,Totalizado
Águas Vermelhas,MG,0213,0091,6259,Senador,5,300,MARCO ANTÔNIO MOREIRA DA COSTA,NOVO,30,6,20261004T170623,673443484857634c74706a4a354d4942386176494446744e637961774b554f6a6e323031614c5a463037493d,Totalizado
Águas Vermelhas,MG,0213,0091,6259,Senador,5,456,AÉCIO NEVES DA CUNHA,PSDB,45,5,20261004T170623,673443484857634c74706a4a354d4942386176494446744e637961774b554f6a6e323031614c5a463037493d,Totalizado
Águas Vermelhas,MG,0213,0092,6259,Senador,5,131,MARILIA APARECIDA CAMPOS,PT,13,136,20261004T171142,594a57597232484155756778726c506c553237614f726d66564172386c6275476d314d52447757585363633d,Totalizado
Águas Vermelhas,MG,0213,0092,6259,Senador,5,111,MARCELO GUILHERME DE ARO FERREIRA,PP,11,106,20261004T171142,594a57597232484155756778726c506c553237614f726d66564172386c6275476d314d52447757585363633d,Totalizado
Águas Vermelhas,MG,0213,0092,6259,Senador,5,500,AUREA CAROLINA DE FREITAS E SILVA,PSOL,50,50,20261004T171142,594a57597232484155756778726c506c553237614f726d66564172386c6275476d314d52447757585363633d,Totalizado
Águas Vermelhas,MG,0213,0092,6259,Senador,5,222,DOMINGOS SAVIO CAMPOS RESENDE,PL,22,31,20261004T171142,594a57597232484155756778726c506c553237614f726d66564172386c6275476d314d52447757585363633d,Totalizado
Águas Vermelhas,MG,0213,0092,6259,Senador,5,555,CARLOS ALBERTO DIAS VIANA,PSD,55,30,20261004T171142,594a57597232484155756778726c506c553237614f726d66564172386c6275476d314d52447757585363633d,Totalizado
Águas Vermelhas,MG,0213,0092,6259,Senador,5,300,MARCO ANTÔNIO MOREIRA DA COSTA,NOVO,30,5,20261004T171142,594a57597232484155756778726c506c553237614f726d66564172386c6275476d314d52447757585363633d,Totalizado
Águas Vermelhas,MG,0213,0092,6259,Senador,5,456,AÉCIO NEVES DA CUNHA,PSDB,45,2,20261004T171142,594a57597232484155756778726c506c553237614f726d66564172386c6275476d314d52447757585363633d,Totalizado
Águas Vermelhas,MG,0213,0092,6259,Senador,5,700,CARLOS MAGNO DE MOURA SOARES,AVANTE,70,1,20261004T171142,594a57597232484155756778726c506c553237614f726d66564172386c6275476d314d52447757585363633d,Totalizado
Águas Vermelhas,MG,0213,0093,6259,Senador,5,131,MARILIA APARECIDA CAMPOS,PT,13,106,20261004T170347,7a43493868526e646a753331326965453352316c3179326d4f3848654934534b5a583962454b4433514e733d,Totalizado
Águas Vermelhas,MG,0213,0093,6259,Senador,5,111,MARCELO GUILHERME DE ARO FERREIRA,PP,11,92,20261004T170347,7a43493868526e646a753331326965453352316c3179326d4f3848654934534b5a583962454b4433514e733d,Totalizado
Águas Vermelhas,MG,0213,0093,6259,Senador,5,555,CARLOS ALBERTO DIAS VIANA,PSD,55,39,20261004T170347,7a43493868526e646a753331326965453352316c3179326d4f3848654934534b5a583962454b4433514e733d,Totalizado
Águas Vermelhas,MG,0213,0093,6259,Senador,5,500,AUREA CAROLINA DE FREITAS E SILVA,PSOL,50,36,20261004T170347,7a43493868526e646a753331326965453352316c3179326d4f3848654934534b5a583962454b4433514e733d,Totalizado
Águas Vermelhas,MG,0213,0093,6259,Senador,5,222,DOMINGOS SAVIO CAMPOS RESENDE,PL,22,33,20261004T170347,7a43493868526e646a753331326965453352316c3179326d4f3848654934534b5a583962454b4433514e733d,Totalizado
Águas Vermelhas,MG,0213,0093,6259,Senador,5,300,MARCO ANTÔNIO MOREIRA DA COSTA,NOVO,30,4,20261004T170347,7a43493868526e646a753331326965453352316c3179326d4f3848654934534b5a583962454b4433514e733d,Totalizado
Águas Vermelhas,MG,0213,0093,6259,Senador,5,456,AÉCIO NEVES DA CUNHA,PSDB,45,2,20261004T170347,7a43493868526e646a753331326965453352316c3179326d4f3848654934534b5a583962454b4433514e733d,Totalizado
Águas Vermelhas,MG,0213,0093,6259,Senador,5,155,ARCANJO CARLOS PIMENTA,MDB,15,1,20261004T170347,7a43493868526e646a753331326965453352316c3179326d4f3848654934534b5a583962454b4433514e733d,Totalizado
Águas Vermelhas,MG,0213,0094,6259,Senador,5,131,MARILIA APARECIDA CAMPOS,PT,13,138,20261004T171442,30737648666d7243586e726e4f66645252445a7a6379373942793878623768774b61736c636b436f7346493d,Totalizado
Águas Vermelhas,MG,0213,0094,6259,Senador,5,111,MARCELO GUILHERME DE ARO FERREIRA,PP,11,105,20261004T171442,30737648666d7243586e726e4f66645252445a7a6379373942793878623768774b61736c636b436f7346493d,Totalizado
Águas Vermelhas,MG,0213,0094,6259,Senador,5,500,AUREA CAROLINA DE FREITAS E SILVA,PSOL,50,51,20261004T171442,30737648666d7243586e726e4f66645252445a7a6379373942793878623768774b61736c636b436f7346493d,Totalizado
Águas Vermelhas,MG,0213,0094,6259,Senador,5,555,CARLOS ALBERTO DIAS VIANA,PSD,55,50,20261004T171442,30737648666d7243586e726e4f66645252445a7a6379373942793878623768774b61736c636b436f7346493d,Totalizado
Águas Vermelhas,MG,0213,0094,6259,Senador,5,222,DOMINGOS SAVIO CAMPOS RESENDE,PL,22,36,20261004T171442,30737648666d7243586e726e4f66645252445a7a6379373942793878623768774b61736c636b436f7346493d,Totalizado
Águas Vermelhas,MG,0213,0094,6259,Senador,5,456,AÉCIO NEVES DA CUNHA,PSDB,45,8,20261004T171442,30737648666d7243586e726e4f66645252445a7a6379373942793878623768774b61736c636b436f7346493d,Totalizado
Águas Vermelhas,MG,0213,0094,6259,Senador,5,300,MARCO ANTÔNIO MOREIRA DA COSTA,NOVO,30,7,20261004T171442,30737648666d7243586e726e4f66645252445a7a6379373942793878623768774b61736c636b436f7346493d,Totalizado
Águas Vermelhas,MG,0213,0094,6259,Senador,5,150,MANOEL TEODORO PEREIRA DE CARVALHO FILHO,MDB,15,1,20261004T171442,30737648666d7243586e726e4f66645252445a7a6379373942793878623768774b61736c636b436f7346493d,Totalizado
Águas Vermelhas,MG,0213,0095,6259,Senador,5,131,MARILIA APARECIDA CAMPOS,PT,13,139,20261004T191327,504149424456704a2b6c2d77475439454c627631626d466a4f452b39493346344f57386b2d68762d5351593d,Totalizado
Águas Vermelhas,MG,0213,0095,6259,Senador,5,111,MARCELO GUILHERME DE ARO FERREIRA,PP,11,116,20261004T191327,504149424456704a2b6c2d77475439454c627631626d466a4f452b39493346344f57386b2d68762d5351593d,Totalizado
Águas Vermelhas,MG,0213,0095,6259,Senador,5,222,DOMINGOS SAVIO CAMPOS RESENDE,PL,22,44,20261004T191327,504149424456704a2b6c2d77475439454c627631626d466a4f452b39493346344f57386b2d68762d5351593d,Totalizado
Águas Vermelhas,MG,0213,0095,6259,Senador,5,500,AUREA CAROLINA DE FREITAS E SILVA,PSOL,50,31,20261004T191327,504149424456704a2b6c2d77475439454c627631626d466a4f452b39493346344f57386b2d68762d5351593d,Totalizado
Águas Vermelhas,MG,0213,0095,6259,Senador,5,555,CARLOS ALBERTO DIAS VIANA,PSD,55,22,20261004T191327,504149424456704a2b6c2d77475439454c627631626d466a4f452b39493346344f57386b2d68762d5351593d,Totalizado
Águas Vermelhas,MG,0213,0095,6259,Senador,5,300,MARCO ANTÔNIO MOREIRA DA COSTA,NOVO,30,21,20261004T191327,504149424456704a2b6c2d77475439454c627631626d466a4f452b39493346344f57386b2d68762d5351593d,Totalizado
Águas Vermelhas,MG,0213,0095,6259,Senador,5,456,AÉCIO NEVES DA CUNHA,PSDB,45,11,20261004T191327,504149424456704a2b6c2d77475439454c627631626d466a4f452b39493346344f57386b2d68762d5351593d,Totalizado
Águas Vermelhas,MG,0213,0095,6259,Senador,5,155,ARCANJO CARLOS PIMENTA,MDB,15,4,20261004T191327,504149424456704a2b6c2d77475439454c627631626d466a4f452b39493346344f57386b2d68762d5351593d,Totalizado
Águas Vermelhas,MG,0213,0096,6259,Senador,5,131,MARILIA APARECIDA CAMPOS,PT,13,153,20261004T191542,4f4975386f486f52762b795454433861774c66377066575a48317979476e543956324548314c637a37664d3d,Totalizado
Águas Vermelhas,MG,0213,0096,6259,Senador,5,111,MARCELO GUILHERME DE ARO FERREIRA,PP,11,140,20261004T191542,4f4975386f486f52762b795454433861774c66377066575a48317979476e543956324548314c637a37664d3d,Totalizado
Águas Vermelhas,MG,0213,0096,6259,Senador,5,222,DOMINGOS SAVIO CAMPOS RESENDE,PL,22,43,20261004T191542,4f4975386f486f52762b795454433861774c66377066575a48317979476e543956324548314c637a37664d3d,Totalizado
Águas Vermelhas,MG,0213,0096,6259,Senador,5,500,AUREA CAROLINA DE FREITAS E SILVA,PSOL,50,22,20261004T191542,4f4975386f486f52762b795454433861774c66377066575a48317979476e543956324548314c637a37664d3d,Totalizado
Águas Vermelhas,MG,0213,0096,6259,Senador,5,555,CARLOS ALBERTO DIAS VIANA,PSD,55,20,20261004T191542,4f4975386f486f52762b795454433861774c66377066575a48317979476e543956324548314c637a37664d3d,Totalizado
Águas Vermelhas,MG,0213,0096,6259,Senador,5,300,MARCO ANTÔNIO MOREIRA DA COSTA,NOVO,30,18,20261004T191542,4f4975386f486f52762b795454433861774c66377066575a48317979476e543956324548314c637a37664d3d,Totalizado
Águas Vermelhas,MG,0213,0096,6259,Senador,5,456,AÉCIO NEVES DA CUNHA,PSDB,45,13,20261004T191542,4f4975386f486f52762b795454433861774c66377066575a48317979476e543956324548314c637a37664d3d,Totalizado
Águas Vermelhas,MG,0213,0096,6259,Senador,5,155,ARCANJO CARLOS PIMENTA,MDB,15,5,20261004T191542,4f4975386f486f52762b795454433861774c66377066575a48317979476e543956324548314c637a37664d3d,Totalizado
Águas Vermelhas,MG,0213,0097,6259,Senador,5,111,MARCELO GUILHERME DE ARO FERREIRA,PP,11,167,20261004T185409,6e594571664d6e507072494c45517443334e32763377386a657746513679484632796973456c6a667767383d,Totalizado
Águas Vermelhas,MG,0213,0097,6259,Senador,5,131,MARILIA APARECIDA CAMPOS,PT,13,164,20261004T185409,6e594571664d6e507072494c45517443334e32763377386a657746513679484632796973456c6a667767383d,Totalizado
Águas Vermelhas,MG,0213,0097,6259,Senador,5,222,DOMINGOS SAVIO CAMPOS RESENDE,PL,22,43,20261004T185409,6e594571664d6e507072494c45517443334e32763377386a657746513679484632796973456c6a667767383d,Totalizado
Águas Vermelhas,MG,0213,0097,6259,Senador,5,555,CARLOS ALBERTO DIAS VIANA,PSD,55,23,20261004T185409,6e594571664d6e507072494c45517443334e32763377386a657746513679484632796973456c6a667767383d,Totalizado
Águas Vermelhas,MG,0213,0097,6259,Senador,5,500,AUREA CAROLINA DE FREITAS E SILVA,PSOL,50,18,20261004T185409,6e594571664d6e507072494c45517443334e32763377386a657746513679484632796973456c6a667767383d,Totalizado
Águas Vermelhas,MG,0213,0097,6259,Senador,5,300,MARCO ANTÔNIO MOREIRA DA COSTA,NOVO,30,5,20261004T185409,6e594571664d6e507072494c45517443334e32763377386a657746513679484632796973456c6a667767383d,Totalizado
Águas Vermelhas,MG,0213,0097,6259,Senador,5,456,AÉCIO NEVES DA CUNHA,PSDB,45,4,20261004T185409,6e594571664d6e507072494c45517443334e32763377386a657746513679484632796973456c6a667767383d,Totalizado
Águas Vermelhas,MG,0213,0098,6259,Senador,5,111,MARCELO GUILHERME DE ARO FERREIRA,PP,11,161,20261004T184029,56496245624437644a316d307553753033714c474c635768365274587153467a636963754a5763513146493d,Totalizado
Águas Vermelhas,MG,0213,0098,6259,Senador,5,131,MARILIA APARECIDA CAMPOS,PT,13,151,20261004T184029,56496245624437644a316d307553753033714c474c635768365274587153467a636963754a5763513146493d,Totalizado
Águas Vermelhas,MG,0213,0098,6259,Senador,5,222,DOMINGOS SAVIO CAMPOS RESENDE,PL,22,51,20261004T184029,56496245624437644a316d307553753033714c474c635768365274587153467a636963754a5763513146493d,Totalizado
Águas Vermelhas,MG,0213,0098,6259,Senador,5,555,CARLOS ALBERTO DIAS VIANA,PSD,55,32,20261004T184029,56496245624437644a316d307553753033714c474c635768365274587153467a636963754a5763513146493d,Totalizado
Águas Vermelhas,MG,0213,0098,6259,Senador,5,500,AUREA CAROLINA DE FREITAS E SILVA,PSOL,50,14,20261004T184029,56496245624437644a316d307553753033714c474c635768365274587153467a636963754a5763513146493d,Totalizado
Águas Vermelhas,MG,0213,0098,6259,Senador,5,300,MARCO ANTÔNIO MOREIRA DA COSTA,NOVO,30,10,20261004T184029,56496245624437644a316d307553753033714c474c635768365274587153467a636963754a5763513146493d,Totalizado
Águas Vermelhas,MG,0213,0098,6259,Senador,5,456,AÉCIO NEVES DA CUNHA,PSDB,45,6,20261004T184029,56496245624437644a316d307553753033714c474c635768365274587153467a636963754a5763513146493d,Totalizado
Águas Vermelhas,MG,0213,0099,6259,Senador,5,131,MARILIA APARECIDA CAMPOS,PT,13,157,20261004T182910,6465376147743974423854456c554d6e66614654685573456357724744574872427a61462b45564f76326f3d,Totalizado
Águas Vermelhas,MG,0213,0099,6259,Senador,5,111,MARCELO GUILHERME DE ARO FERREIRA,PP,11,151,20261004T182910,6465376147743974423854456c554d6e66614654685573456357724744574872427a61462b45564f76326f3d,Totalizado
Águas Vermelhas,MG,0213,0099,6259,Senador,5,222,DOMINGOS SAVIO CAMPOS RESENDE,PL,22,38,20261004T182910,6465376147743974423854456c554d6e66614654685573456357724744574872427a61462b45564f76326f3d,Totalizado
Águas Vermelhas,MG,0213,0099,6259,Senador,5,555,CARLOS ALBERTO DIAS VIANA,PSD,55,30,20261004T182910,6465376147743974423854456c554d6e66614654685573456357724744574872427a61462b45564f76326f3d,Totalizado
Águas Vermelhas,MG,0213,0099,6259,Senador,5,500,AUREA CAROLINA DE FREITAS E SILVA,PSOL,50,18,20261004T182910,6465376147743974423854456c554d6e66614654685573456357724744574872427a61462b45564f76326f3d,Totalizado
Águas Vermelhas,MG,0213,0099,6259,Senador,5,300,MARCO ANTÔNIO MOREIRA DA COSTA,NOVO,30,6,20261004T182910,6465376147743974423854456c554d6e66614654685573456357724744574872427a61462b45564f76326f3d,Totalizado
Águas Vermelhas,MG,0213,0099,6259,Senador,5,456,AÉCIO NEVES DA CUNHA,PSDB,45,4,20261004T182910,6465376147743974423854456c554d6e66614654685573456357724744574872427a61462b45564f76326f3d,Totalizado
Águas Vermelhas,MG,0213,0100,6259,Senador,5,111,MARCELO GUILHERME DE ARO FERREIRA,PP,11,159,20261004T190206,51596258463861582d702d66787858323963726b46623659383053733771526467662b5546616d7a7239383d,Totalizado
Águas Vermelhas,MG,0213,0100,6259,Senador,5,131,MARILIA APARECIDA CAMPOS,PT,13,155,20261004T190206,51596258463861582d702d66787858323963726b46623659383053733771526467662b5546616d7a7239383d,Totalizado
Águas Vermelhas,MG,0213,0100,6259,Senador,5,222,DOMINGOS SAVIO CAMPOS RESENDE,PL,22,37,20261004T190206,51596258463861582d702d66787858323963726b46623659383053733771526467662b5546616d7a7239383d,Totalizado
Águas Vermelhas,MG,0213,0100,6259,Senador,5,555,CARLOS ALBERTO DIAS VIANA,PSD,55,26,20261004T190206,51596258463861582d702d66787858323963726b46623659383053733771526467662b5546616d7a7239383d,Totalizado
Águas Vermelhas,MG,0213,0100,6259,Senador,5,500,AUREA CAROLINA DE FREITAS E SILVA,PSOL,50,15,20261004T190206,51596258463861582d702d66787858323963726b46623659383053733771526467662b5546616d7a7239383d,Totalizado
Águas Vermelhas,MG,0213,0100,6259,Senador,5,300,MARCO ANTÔNIO MOREIRA DA COSTA,NOVO,30,11,20261004T190206,51596258463861582d702d66787858323963726b46623659383053733771526467662b5546616d7a7239383d,Totalizado
Águas Vermelhas,MG,0213,0100,6259,Senador,5,456,AÉCIO NEVES DA CUNHA,PSDB,45,4,20261004T190206,51596258463861582d702d66787858323963726b46623659383053733771526467662b5546616d7a7239383d,Totalizado
Águas Vermelhas,MG,0213,0101,6259,Senador,5,131,MARILIA APARECIDA CAMPOS,PT,13,188,20261004T180932,2d50734c37475130786131623374542d4c467569392b66394e3734613271786e4f435644574f486e5239553d,Totalizado
Águas Vermelhas,MG,0213,0101,6259,Senador,5,111,MARCELO GUILHERME DE ARO FERREIRA,PP,11,172,20261004T180932,2d50734c37475130786131623374542d4c467569392b66394e3734613271786e4f435644574f486e5239553d,Totalizado
Águas Vermelhas,MG,0213,0101,6259,Senador,5,222,DOMINGOS SAVIO CAMPOS RESENDE,PL,22,36,20261004T180932,2d50734c37475130786131623374542d4c467569392b66394e3734613271786e4f435644574f486e5239553d,Totalizado
Águas Vermelhas,MG,0213,0101,6259,Senador,5,555,CARLOS ALBERTO DIAS VIANA,PSD,55,28,20261004T180932,2d50734c37475130786131623374542d4c467569392b66394e3734613271786e4f435644574f486e5239553d,Totalizado
Águas Vermelhas,MG,0213,0101,6259,Senador,5,500,AUREA CAROLINA DE FREITAS E SILVA,PSOL,50,23,20261004T180932,2d50734c37475130786131623374542d4c467569392b66394e3734613271786e4f435644574f486e5239553d,Totalizado
Águas Vermelhas,MG,0213,0101,6259,Senador,5,300,MARCO ANTÔNIO MOREIRA DA COSTA,NOVO,30,8,20261004T180932,2d50734c37475130786131623374542d4c467569392b66394e3734613271786e4f435644574f486e5239553d,Totalizado
Águas Vermelhas,MG,0213,0101,6259,Senador,5,456,AÉCIO NEVES DA CUNHA,PSDB,45,2,20261004T180932,2d50734c37475130786131623374542d4c467569392b66394e3734613271786e4f435644574f486e5239553d,Totalizado
Águas Vermelhas,MG,0213,0104,6259,Senador,5,111,MARCELO GUILHERME DE ARO FERREIRA,PP,11,131,20261004T170944,714752734477356c7a5a38456e477355396d4c54622b63627436306458536337644f2b51725950416b4d553d,Totalizado
Águas Vermelhas,MG,0213,0104,6259,Senador,5,131,MARILIA APARECIDA CAMPOS,PT,13,113,20261004T170944,714752734477356c7a5a38456e477355396d4c54622b63627436306458536337644f2b51725950416b4d553d,Totalizado
Águas Vermelhas,MG,0213,0104,6259,Senador,5,555,CARLOS ALBERTO DIAS VIANA,PSD,55,40,20261004T170944,714752734477356c7a5a38456e477355396d4c54622b63627436306458536337644f2b51725950416b4d553d,Totalizado
Águas Vermelhas,MG,0213,0104,6259,Senador,5,222,DOMINGOS SAVIO CAMPOS RESENDE,PL,22,24,20261004T170944,714752734477356c7a5a38456e477355396d4c54622b63627436306458536337644f2b51725950416b4d553d,Totalizado
Águas Vermelhas,MG,0213,0104,6259,Senador,5,500,AUREA CAROLINA DE FREITAS E SILVA,PSOL,50,12,20261004T170944,714752734477356c7a5a38456e477355396d4c54622b63627436306458536337644f2b51725950416b4d553d,Totalizado
Águas Vermelhas,MG,0213,0104,6259,Senador,5,456,AÉCIO NEVES DA CUNHA,PSDB,45,4,20261004T170944,714752734477356c7a5a38456e477355396d4c54622b63627436306458536337644f2b51725950416b4d553d,Totalizado
Águas Vermelhas,MG,0213,0104,6259,Senador,5,300,MARCO ANTÔNIO MOREIRA DA COSTA,NOVO,30,2,20261004T170944,714752734477356c7a5a38456e477355396d4c54622b63627436306458536337644f2b51725950416b4d553d,Totalizado
Águas Vermelhas,MG,0213,0104,6259,Senador,5,808,ANA LUIZA CARDOSO DE MACEDO,UP,80,1,20261004T170944,714752734477356c7a5a38456e477355396d4c54622b63627436306458536337644f2b51725950416b4d553d,Totalizado
Águas Vermelhas,MG,0213,0107,6259,Senador,5,131,MARILIA APARECIDA CAMPOS,PT,13,151,20261004T183932,773367597946417034676b5269466d726a47796965497a6e70442d4c57574e69746759696c4c53313177453d,Totalizado
Águas Vermelhas,MG,0213,0107,6259,Senador,5,111,MARCELO GUILHERME DE ARO FERREIRA,PP,11,150,20261004T183932,773367597946417034676b5269466d726a47796965497a6e70442d4c57574e69746759696c4c53313177453d,Totalizado
Águas Vermelhas,MG,0213,0107,6259,Senador,5,222,DOMINGOS SAVIO CAMPOS RESENDE,PL,22,61,20261004T183932,773367597946417034676b5269466d726a47796965497a6e70442d4c57574e69746759696c4c53313177453d,Totalizado
Águas Vermelhas,MG,0213,0107,6259,Senador,5,500,AUREA CAROLINA DE FREITAS E SILVA,PSOL,50,25,20261004T183932,773367597946417034676b5269466d726a47796965497a6e70442d4c57574e69746759696c4c53313177453d,Totalizado
Águas Vermelhas,MG,0213,0107,6259,Senador,5,555,CARLOS ALBERTO DIAS VIANA,PSD,55,25,20261004T183932,773367597946417034676b5269466d726a47796965497a6e70442d4c57574e69746759696c4c53313177453d,Totalizado
Águas Vermelhas,MG,0213,0107,6259,Senador,5,300,MARCO ANTÔNIO MOREIRA DA COSTA,NOVO,30,22,20261004T183932,773367597946417034676b5269466d726a47796965497a6e70442d4c57574e69746759696c4c53313177453d,Totalizado
Águas Vermelhas,MG,0213,0107,6259,Senador,5,456,AÉCIO NEVES DA CUNHA,PSDB,45,12,20261004T183932,773367597946417034676b5269466d726a47796965497a6e70442d4c57574e69746759696c4c53313177453d,Totalizado
Águas Vermelhas,MG,0213,0107,6259,Senador,5,155,ARCANJO CARLOS PIMENTA,MDB,15,3,20261004T183932,773367597946417034676b5269466d726a47796965497a6e70442d4c57574e69746759696c4c53313177453d,Totalizado
Águas Vermelhas,MG,0213,0110,6259,Senador,5,111,MARCELO GUILHERME DE ARO FERREIRA,PP,11,172,20261004T181106,7a336355712d6a4d686541304e755834654e70557579636946634e42444571534c46414650744d3650734d3d,Totalizado
Águas Vermelhas,MG,0213,0110,6259,Senador,5,131,MARILIA APARECIDA CAMPOS,PT,13,172,20261004T181106,7a336355712d6a4d686541304e755834654e70557579636946634e42444571534c46414650744d3650734d3d,Totalizado
Águas Vermelhas,MG,0213,0110,6259,Senador,5,222,DOMINGOS SAVIO CAMPOS RESENDE,PL,22,54,20261004T181106,7a336355712d6a4d686541304e755834654e70557579636946634e42444571534c46414650744d3650734d3d,Totalizado
Águas Vermelhas,MG,0213,0110,6259,Senador,5,555,CARLOS ALBERTO DIAS VIANA,PSD,55,30,20261004T181106,7a336355712d6a4d686541304e755834654e70557579636946634e42444571534c46414650744d3650734d3d,Totalizado
Águas Vermelhas,MG,0213,0110,6259,Senador,5,500,AUREA CAROLINA DE FREITAS E SILVA,PSOL,50,25,20261004T181106,7a336355712d6a4d686541304e755834654e70557579636946634e42444571534c46414650744d3650734d3d,Totalizado
Águas Vermelhas,MG,0213,0110,6259,Senador,5,300,MARCO ANTÔNIO MOREIRA DA COSTA,NOVO,30,13,20261004T181106,7a336355712d6a4d686541304e755834654e70557579636946634e42444571534c46414650744d3650734d3d,Totalizado
Águas Vermelhas,MG,0213,0110,6259,Senador,5,456,AÉCIO NEVES DA CUNHA,PSDB,45,3,20261004T181106,7a336355712d6a4d686541304e755834654e70557579636946634e42444571534c46414650744d3650734d3d,Totalizado
Águas Vermelhas,MG,0213,0120,6259,Senador,5,131,MARILIA APARECIDA CAMPOS,PT,13,153,20261004T171030,514336746a594f613547426e77693973644b2d497579365a626577436d4f57314b417a4853734f71302d673d,Totalizado
Águas Vermelhas,MG,0213,0120,6259,Senador,5,111,MARCELO GUILHERME DE ARO FERREIRA,PP,11,101,20261004T171030,514336746a594f613547426e77693973644b2d497579365a626577436d4f57314b417a4853734f71302d673d,Totalizado
Águas Vermelhas,MG,0213,0120,6259,Senador,5,500,AUREA CAROLINA DE FREITAS E SILVA,PSOL,50,65,20261004T171030,514336746a594f613547426e77693973644b2d497579365a626577436d4f57314b417a4853734f71302d673d,Totalizado
Águas Vermelhas,MG,0213,0120,6259,Senador,5,555,CARLOS ALBERTO DIAS VIANA,PSD,55,51,20261004T171030,514336746a594f613547426e77693973644b2d497579365a626577436d4f57314b417a4853734f71302d673d,Totalizado
Águas Vermelhas,MG,0213,0120,6259,Senador,5,222,DOMINGOS SAVIO CAMPOS RESENDE,PL,22,37,20261004T171030,514336746a594f613547426e77693973644b2d497579365a626577436d4f57314b417a4853734f71302d673d,Totalizado
Águas Vermelhas,MG,0213,0120,6259,Senador,5,300,MARCO ANTÔNIO MOREIRA DA COSTA,NOVO,30,10,20261004T171030,514336746a594f613547426e77693973644b2d497579365a626577436d4f57314b417a4853734f71302d673d,Totalizado
Águas Vermelhas,MG,0213,0120,6259,Senador,5,456,AÉCIO NEVES DA CUNHA,PSDB,45,5,20261004T171030,514336746a594f613547426e77693973644b2d497579365a626577436d4f57314b417a4853734f71302d673d,Totalizado
Águas Vermelhas,MG,0213,0120,6259,Senador,5,155,ARCANJO CARLOS PIMENTA,MDB,15,1,20261004T171030,514336746a594f613547426e77693973644b2d497579365a626577436d4f57314b417a4853734f71302d673d,Totalizado
Águas Vermelhas,MG,0213,0120,6259,Senador,5,808,ANA LUIZA CARDOSO DE MACEDO,UP,80,1,20261004T171030,514336746a594f613547426e77693973644b2d497579365a626577436d4f57314b417a4853734f71302d673d,Totalizado
Águas Vermelhas,MG,0213,0128,6259,Senador,5,131,MARILIA APARECIDA CAMPOS,PT,13,136,20261004T172915,70334d5a4436665579585433424e5244493549634f6c774b5262706e4142502d7559436e4530746a4654343d,Totalizado
Águas Vermelhas,MG,0213,0128,6259,Senador,5,111,MARCELO GUILHERME DE ARO FERREIRA,PP,11,100,20261004T172915,70334d5a4436665579585433424e5244493549634f6c774b5262706e4142502d7559436e4530746a4654343d,Totalizado
Águas Vermelhas,MG,0213,0128,6259,Senador,5,555,CARLOS ALBERTO DIAS VIANA,PSD,55,57,20261004T172915,70334d5a4436665579585433424e5244493549634f6c774b5262706e4142502d7559436e4530746a4654343d,Totalizado
Águas Vermelhas,MG,0213,0128,6259,Senador,5,500,AUREA CAROLINA DE FREITAS E SILVA,PSOL,50,50,20261004T172915,70334d5a4436665579585433424e5244493549634f6c774b5262706e4142502d7559436e4530746a4654343d,Totalizado
Águas Vermelhas,MG,0213,0128,6259,Senador,5,222,DOMINGOS SAVIO CAMPOS RESENDE,PL,22,46,20261004T172915,70334d5a4436665579585433424e5244493549634f6c774b5262706e4142502d7559436e4530746a4654343d,Totalizado
Águas Vermelhas,MG,0213,0128,6259,Senador,5,300,MARCO ANTÔNIO MOREIRA DA COSTA,NOVO,30,13,20261004T172915,70334d5a4436665579585433424e5244493549634f6c774b5262706e4142502d7559436e4530746a4654343d,Totalizado
Águas Vermelhas,MG,0213,0128,6259,Senador,5,456,AÉCIO NEVES DA CUNHA,PSDB,45,4,20261004T172915,70334d5a4436665579585433424e5244493549634f6c774b5262706e4142502d7559436e4530746a4654343d,Totalizado
Águas Vermelhas,MG,0213,0128,6259,Senador,5,150,MANOEL TEODORO PEREIRA DE CARVALHO FILHO,MDB,15,2,20261004T172915,70334d5a4436665579585433424e5244493549634f6c774b5262706e4142502d7559436e4530746a4654343d,Totalizado
Águas Vermelhas,MG,0213,0134,6259,Senador,5,111,MARCELO GUILHERME DE ARO FERREIRA,PP,11,159,20261004T173115,6d3967476439514f395233456d533536474e736a6c4a4f64485357576e76694758766c4b6f635146376b303d,Totalizado
Águas Vermelhas,MG,0213,0134,6259,Senador,5,131,MARILIA APARECIDA CAMPOS,PT,13,150,20261004T173115,6d3967476439514f395233456d533536474e736a6c4a4f64485357576e76694758766c4b6f635146376b303d,Totalizado
Águas Vermelhas,MG,0213,0134,6259,Senador,5,222,DOMINGOS SAVIO CAMPOS RESENDE,PL,22,52,20261004T173115,6d3967476439514f395233456d533536474e736a6c4a4f64485357576e76694758766c4b6f635146376b303d,Totalizado
Águas Vermelhas,MG,0213,0134,6259,Senador,5,555,CARLOS ALBERTO DIAS VIANA,PSD,55,38,20261004T173115,6d3967476439514f395233456d533536474e736a6c4a4f64485357576e76694758766c4b6f635146376b303d,Totalizado
Águas Vermelhas,MG,0213,0134,6259,Senador,5,500,AUREA CAROLINA DE FREITAS E SILVA,PSOL,50,21,20261004T173115,6d3967476439514f395233456d533536474e736a6c4a4f64485357576e76694758766c4b6f635146376b303d,Totalizado
Águas Vermelhas,MG,0213,0134,6259,Senador,5,300,MARCO ANTÔNIO MOREIRA DA COSTA,NOVO,30,19,20261004T173115,6d3967476439514f395233456d533536474e736a6c4a4f64485357576e76694758766c4b6f635146376b303d,Totalizado
Águas Vermelhas,MG,0213,0134,6259,Senador,5,456,AÉCIO NEVES DA CUNHA,PSDB,45,6,20261004T173115,6d3967476439514f395233456d533536474e736a6c4a4f64485357576e76694758766c4b6f635146376b303d,Totalizado
Águas Vermelhas,MG,0213,0135,6259,Senador,5,131,MARILIA APARECIDA CAMPOS,PT,13,159,20261004T172330,705450566d677441636c2b76494677382d354752413135363779644c654d6d4e69722b4a32585179766f6b3d,Totalizado
Águas Vermelhas,MG,0213,0135,6259,Senador,5,111,MARCELO GUILHERME DE ARO FERREIRA,PP,11,99,20261004T172330,705450566d677441636c2b76494677382d354752413135363779644c654d6d4e69722b4a32585179766f6b3d,Totalizado
Águas Vermelhas,MG,0213,0135,6259,Senador,5,500,AUREA CAROLINA DE FREITAS E SILVA,PSOL,50,72,20261004T172330,705450566d677441636c2b76494677382d354752413135363779644c654d6d4e69722b4a32585179766f6b3d,Totalizado
Águas Vermelhas,MG,0213,0135,6259,Senador,5,222,DOMINGOS SAVIO CAMPOS RESENDE,PL,22,43,20261004T172330,705450566d677441636c2b76494677382d354752413135363779644c654d6d4e69722b4a32585179766f6b3d,Totalizado
Águas Vermelhas,MG,0213,0135,6259,Senador,5,555,CARLOS ALBERTO DIAS VIANA,PSD,55,38,20261004T172330,705450566d677441636c2b76494677382d354752413135363779644c654d6d4e69722b4a32585179766f6b3d,Totalizado
Águas Vermelhas,MG,0213,0135,6259,Senador,5,300,MARCO ANTÔNIO MOREIRA DA COSTA,NOVO,30,18,20261004T172330,705450566d677441636c2b76494677382d354752413135363779644c654d6d4e69722b4a32585179766f6b3d,Totalizado
Águas Vermelhas,MG,0213,0135,6259,Senador,5,456,AÉCIO NEVES DA CUNHA,PSDB,45,4,20261004T172330,705450566d677441636c2b76494677382d354752413135363779644c654d6d4e69722b4a32585179766f6b3d,Totalizado
Águas Vermelhas,MG,0213,0135,6259,Senador,5,150,MANOEL TEODORO PEREIRA DE CARVALHO FILHO,MDB,15,1,20261004T172330,705450566d677441636c2b76494677382d354752413135363779644c654d6d4e69722b4a32585179766f6b3d,Totalizado
Águas Vermelhas,MG,0213,0139,6259,Senador,5,131,MARILIA APARECIDA CAMPOS,PT,13,82,20261004T171225,6c797743334a6868427355317941593832625768334d474a6e4750306f4c7174475a4b2d546955325251413d,Totalizado
Águas Vermelhas,MG,0213,0139,6259,Senador,5,111,MARCELO GUILHERME DE ARO FERREIRA,PP,11,74,20261004T171225,6c797743334a6868427355317941593832625768334d474a6e4750306f4c7174475a4b2d546955325251413d,Totalizado
Águas Vermelhas,MG,0213,0139,6259,Senador,5,555,CARLOS ALBERTO DIAS VIANA,PSD,55,15,20261004T171225,6c797743334a6868427355317941593832625768334d474a6e4750306f4c7174475a4b2d546955325251413d,Totalizado
Águas Vermelhas,MG,0213,0139,6259,Senador,5,500,AUREA CAROLINA DE FREITAS E SILVA,PSOL,50,12,20261004T171225,6c797743334a6868427355317941593832625768334d474a6e4750306f4c7174475a4b2d546955325251413d,Totalizado
Águas Vermelhas,MG,0213,0139,6259,Senador,5,222,DOMINGOS SAVIO CAMPOS RESENDE,PL,22,11,20261004T171225,6c797743334a6868427355317941593832625768334d474a6e4750306f4c7174475a4b2d546955325251413d,Totalizado
Águas Vermelhas,MG,0213,0139,6259,Senador,5,300,MARCO ANTÔNIO MOREIRA DA COSTA,NOVO,30,8,20261004T171225,6c797743334a6868427355317941593832625768334d474a6e4750306f4c7174475a4b2d546955325251413d,Totalizado
Águas Vermelhas,MG,0213,0139,6259,Senador,5,150,MANOEL TEODORO PEREIRA DE CARVALHO FILHO,MDB,15,1,20261004T171225,6c797743334a6868427355317941593832625768334d474a6e4750306f4c7174475a4b2d546955325251413d,Totalizado
Águas Vermelhas,MG,0213,0140,6259,Senador,5,131,MARILIA APARECIDA CAMPOS,PT,13,101,20261004T170406,62504246616b61634f7477454c3673325564364b6d66526a4748464676714879496754652d4d32516266413d,Totalizado
Águas Vermelhas,MG,0213,0140,6259,Senador,5,111,MARCELO GUILHERME DE ARO FERREIRA,PP,11,93,20261004T170406,62504246616b61634f7477454c3673325564364b6d66526a4748464676714879496754652d4d32516266413d,Totalizado
Águas Vermelhas,MG,0213,0140,6259,Senador,5,500,AUREA CAROLINA DE FREITAS E SILVA,PSOL,50,44,20261004T170406,62504246616b61634f7477454c3673325564364b6d66526a4748464676714879496754652d4d32516266413d,Totalizado
Águas Vermelhas,MG,0213,0140,6259,Senador,5,555,CARLOS ALBERTO DIAS VIANA,PSD,55,44,20261004T170406,62504246616b61634f7477454c3673325564364b6d66526a4748464676714879496754652d4d32516266413d,Totalizado
Águas Vermelhas,MG,0213,0140,6259,Senador,5,222,DOMINGOS SAVIO CAMPOS RESENDE,PL,22,35,20261004T170406,62504246616b61634f7477454c3673325564364b6d66526a4748464676714879496754652d4d32516266413d,Totalizado
Águas Vermelhas,MG,0213,0140,6259,Senador,5,456,AÉCIO NEVES DA CUNHA,PSDB,45,9,20261004T170406,62504246616b61634f7477454c3673325564364b6d66526a4748464676714879496754652d4d32516266413d,Totalizado
Águas Vermelhas,MG,0213,0140,6259,Senador,5,300,MARCO ANTÔNIO MOREIRA DA COSTA,NOVO,30,5,20261004T170406,62504246616b61634f7477454c3673325564364b6d66526a4748464676714879496754652d4d32516266413d,Totalizado
Águas Vermelhas,MG,0213,0145,6259,Senador,5,111,MARCELO GUILHERME DE ARO FERREIRA,PP,11,161,20261004T170824,3473396f306b42494f36624f7048764f6c4f56447877587176546539642b513238474a59794c6c516c32593d,Totalizado
Águas Vermelhas,MG,0213,0145,6259,Senador,5,131,MARILIA APARECIDA CAMPOS,PT,13,132,20261004T170824,3473396f306b42494f36624f7048764f6c4f56447877587176546539642b513238474a59794c6c516c32593d,Totalizado
Águas Vermelhas,MG,0213,0145,6259,Senador,5,222,DOMINGOS SAVIO CAMPOS RESENDE,PL,22,54,20261004T170824,3473396f306b42494f36624f7048764f6c4f56447877587176546539642b513238474a59794c6c516c32593d,Totalizado
Águas Vermelhas,MG,0213,0145,6259,Senador,5,555,CARLOS ALBERTO DIAS VIANA,PSD,55,46,20261004T170824,3473396f306b42494f36624f7048764f6c4f56447877587176546539642b513238474a59794c6c516c32593d,Totalizado
Águas Vermelhas,MG,0213,0145,6259,Senador,5,300,MARCO ANTÔNIO MOREIRA DA COSTA,NOVO,30,10,20261004T170824,3473396f306b42494f36624f7048764f6c4f56447877587176546539642b513238474a59794c6c516c32593d,Totalizado
Águas Vermelhas,MG,0213,0145,6259,Senador,5,500,AUREA CAROLINA DE FREITAS E SILVA,PSOL,50,8,20261004T170824,3473396f306b42494f36624f7048764f6c4f56447877587176546539642b513238474a59794c6c516c32593d,Totalizado
Águas Vermelhas,MG,0213,0145,6259,Senador,5,456,AÉCIO NEVES DA CUNHA,PSDB,45,6,20261004T170824,3473396f306b42494f36624f7048764f6c4f56447877587176546539642b513238474a59794c6c516c32593d,Totalizado
Águas Vermelhas,MG,0213,0176,6259,Senador,5,131,MARILIA APARECIDA CAMPOS,PT,13,185,20261004T173410,55656978575766344e76544779515948515848464a75515352527766497042722b5165366742414e4b6b553d,Totalizado
Águas Vermelhas,MG,0213,0176,6259,Senador,5,111,MARCELO GUILHERME DE ARO FERREIRA,PP,11,173,20261004T173410,55656978575766344e76544779515948515848464a75515352527766497042722b5165366742414e4b6b553d,Totalizado
Águas Vermelhas,MG,0213,0176,6259,Senador,5,222,DOMINGOS SAVIO CAMPOS RESENDE,PL,22,41,20261004T173410,55656978575766344e76544779515948515848464a75515352527766497042722b5165366742414e4b6b553d,Totalizado
Águas Vermelhas,MG,0213,0176,6259,Senador,5,555,CARLOS ALBERTO DIAS VIANA,PSD,55,28,20261004T173410,55656978575766344e76544779515948515848464a75515352527766497042722b5165366742414e4b6b553d,Totalizado
Águas Vermelhas,MG,0213,0176,6259,Senador,5,500,AUREA CAROLINA DE FREITAS E SILVA,PSOL,50,24,20261004T173410,55656978575766344e76544779515948515848464a75515352527766497042722b5165366742414e4b6b553d,Totalizado
Águas Vermelhas,MG,0213,0176,6259,Senador,5,300,MARCO ANTÔNIO MOREIRA DA COSTA,NOVO,30,9,20261004T173410,55656978575766344e76544779515948515848464a75515352527766497042722b5165366742414e4b6b553d,Totalizado
Águas Vermelhas,MG,0213,0176,6259,Senador,5,456,AÉCIO NEVES DA CUNHA,PSDB,45,4,20261004T173410,55656978575766344e76544779515948515848464a75515352527766497042722b5165366742414e4b6b553d,Totalizado
Águas Vermelhas,MG,0213,0176,6259,Senador,5,700,CARLOS MAGNO DE MOURA SOARES,AVANTE,70,2,20261004T173410,55656978575766344e76544779515948515848464a75515352527766497042722b5165366742414e4b6b553d,Totalizado
Águas Vermelhas,MG,0213,0176,6259,Senador,5,155,ARCANJO CARLOS PIMENTA,MDB,15,1,20261004T173410,55656978575766344e76544779515948515848464a75515352527766497042722b5165366742414e4b6b553d,Totalizado
Águas Vermelhas,MG,0213,0179,6259,Senador,5,131,MARILIA APARECIDA CAMPOS,PT,13,150,20261004T180840,455075734f68543756534e644e777778317550756b2b316433346e344e51703373426257554b61554c57303d,Totalizado
Águas Vermelhas,MG,0213,0179,6259,Senador,5,111,MARCELO GUILHERME DE ARO FERREIRA,PP,11,109,20261004T180840,455075734f68543756534e644e777778317550756b2b316433346e344e51703373426257554b61554c57303d,Totalizado
Águas Vermelhas,MG,0213,0179,6259,Senador,5,500,AUREA CAROLINA DE FREITAS E SILVA,PSOL,50,70,20261004T180840,455075734f68543756534e644e777778317550756b2b316433346e344e51703373426257554b61554c57303d,Totalizado
Águas Vermelhas,MG,0213,0179,6259,Senador,5,222,DOMINGOS SAVIO CAMPOS RESENDE,PL,22,48,20261004T180840,455075734f68543756534e644e777778317550756b2b316433346e344e51703373426257554b61554c57303d,Totalizado
Águas Vermelhas,MG,0213,0179,6259,Senador,5,555,CARLOS ALBERTO DIAS VIANA,PSD,55,41,20261004T180840,455075734f68543756534e644e777778317550756b2b316433346e344e51703373426257554b61554c57303d,Totalizado
Águas Vermelhas,MG,0213,0179,6259,Senador,5,300,MARCO ANTÔNIO MOREIRA DA COSTA,NOVO,30,10,20261004T180840,455075734f68543756534e644e777778317550756b2b316433346e344e51703373426257554b61554c57303d,Totalizado
Águas Vermelhas,MG,0213,0179,6259,Senador,5,456,AÉCIO NEVES DA CUNHA,PSDB,45,8,20261004T180840,455075734f68543756534e644e777778317550756b2b316433346e344e51703373426257554b61554c57303d,Totalizado
Águas Vermelhas,MG,0213,0179,6259,Senador,5,150,MANOEL TEODORO PEREIRA DE CARVALHO FILHO,MDB,15,1,20261004T180840,455075734f68543756534e644e777778317550756b2b316433346e344e51703373426257554b61554c57303d,Totalizado
Águas Vermelhas,MG,0213,0070,6259,Deputado Federal,6,1234,MARIO LUCIO HERINGER,PDT,12,99,20261004T184103,77592d4e4d7077342b55355275706a77442b36436d314a7a394c6b545a70307061445966475370334c504d3d,Totalizado
Águas Vermelhas,MG,0213,0070,6259,Deputado Federal,6,2222,NIKOLAS FERREIRA DE OLIVEIRA,PL,22,27,20261004T184103,77592d4e4d7077342b55355275706a77442b36436d314a7a394c6b545a70307061445966475370334c504d3d,Totalizado
Águas Vermelhas,MG,0213,0070,6259,Deputado Federal,6,1378,PAULO JOSE CARLOS GUEDES,PT,13,26,20261004T184103,77592d4e4d7077342b55355275706a77442b36436d314a7a394c6b545a70307061445966475370334c504d3d,Totalizado
Águas Vermelhas,MG,0213,0070,6259,Deputado Federal,6,1510,NEWTON CARDOSO JUNIOR,MDB,15,19,20261004T184103,77592d4e4d7077342b55355275706a77442b36436d314a7a394c6b545a70307061445966475370334c504d3d,Totalizado
Águas Vermelhas,MG,0213,0070,6259,Deputado Federal,6,1331,ANA ELISA SANTOS SILVA,PT,13,14,20261004T184103,77592d4e4d7077342b55355275706a77442b36436d314a7a394c6b545a70307061445966475370334c504d3d,Totalizado
Águas Vermelhas,MG,0213,0070,6259,Deputado Federal,6,1339,MIGUEL ANGELO MONTEIRO ANDRADE,PT,13,10,20261004T184103,77592d4e4d7077342b55355275706a77442b36436d314a7a394c6b545a70307061445966475370334c504d3d,Totalizado
Águas Vermelhas,MG,0213,0070,6259,Deputado Federal,6,7077,IGOR MASCARENHAS ETO,AVANTE,70,9,20261004T184103,77592d4e4d7077342b55355275706a77442b36436d314a7a394c6b545a70307061445966475370334c504d3d,Totalizado
Águas Vermelhas,MG,0213,0070,6259,Deputado Federal,6,1010,GILBERTO APARECIDO ABRAMO,REPUBLICANOS,10,7,20261004T184103,77592d4e4d7077342b55355275706a77442b36436d314a7a394c6b545a70307061445966475370334c504d3d,Totalizado
Águas Vermelhas,MG,0213,0070,6259,Deputado Federal,6,2270,GREYCE DE QUEIROZ ELIAS,PL,22,5,20261004T184103,77592d4e4d7077342b55355275706a77442b36436d314a7a394c6b545a70307061445966475370334c504d3d,Totalizado
Águas Vermelhas,MG,0213,0070,6259,Deputado Federal,6,1363,JOSE LEONARDO COSTA MONTEIRO,PT,13,3,20261004T184103,77592d4e4d7077342b55355275706a77442b36436d314a7a394c6b545a70307061445966475370334c504d3d,Totalizado
Águas Vermelhas,MG,0213,0070,6259,Deputado Federal,6,1223,JACKSON INACIO DE OLIVEIRA,PDT,12,2,20261004T184103,77592d4e4d7077342b55355275706a77442b36436d314a7a394c6b545a70307061445966475370334c504d3d,Totalizado
Águas Vermelhas,MG,0213,0070,6259,Deputado Federal,6,1089,EDUARDO COSENTINO DA CUNHA,REPUBLICANOS,10,1,20261004T184103,77592d4e4d7077342b55355275706a77442b36436d314a7a394c6b545a70307061445966475370334c504d3d,Totalizado
Águas Vermelhas,MG,0213,0070,6259,Deputado Federal,6,1193,PEDRO DOSHIKAZU PIANCHÃO AIHARA,PP,11,1,20261004T184103,77592d4e4d7077342b55355275706a77442b36436d314a7a394c6b545a70307061445966475370334c504d3d,Totalizado
Águas Vermelhas,MG,0213,0070,6259,Deputado Federal,6,1212,CAIO LUCIUS VALACE DE OLIVEIRA SILVA,PDT,12,1,20261004T184103,77592d4e4d7077342b55355275706a77442b36436d314a7a394c6b545a70307061445966475370334c504d3d,Totalizado
Águas Vermelhas,MG,0213,0070,6259,Deputado Federal,6,1300,PEDRO FARAH ROUSSEFF,PT,13,1,20261004T184103,77592d4e4d7077342b55355275706a77442b36436d314a7a394c6b545a70307061445966475370334c504d3d,Totalizado
Águas Vermelhas,MG,0213,0070,6259,Deputado Federal,6,1313,ROGERIO CORREIA DE MOURA BAPTISTA,PT,13,1,20261004T184103,77592d4e4d7077342b55355275706a77442b36436d314a7a394c6b545a70307061445966475370334c504d3d,Totalizado
Águas Vermelhas,MG,0213,0070,6259,Deputado Federal,6,1314,ANA CRISTINA DE LIMA PIMENTEL,PT,13,1,20261004T184103,77592d4e4d7077342b55355275706a77442b36436d314a7a394c6b545a70307061445966475370334c504d3d,Totalizado
Águas Vermelhas,MG,0213,0070,6259,Deputado Federal,6,1315,JOAO CARLOS SIQUEIRA,PT,13,1,20261004T184103,77592d4e4d7077342b55355275706a77442b36436d314a7a394c6b545a70307061445966475370334c504d3d,Totalizado
Águas Vermelhas,MG,0213,0070,6259,Deputado Federal,6,1390,ISABELLA GONÇALVES MIRANDA,PT,13,1,20261004T184103,77592d4e4d7077342b55355275706a77442b36436d314a7a394c6b545a70307061445966475370334c504d3d,Totalizado
Águas Vermelhas,MG,0213,0070,6259,Deputado Federal,6,1414,CARLOS HENRIQUE DIAS DE FREITAS,MISSÃO,14,1,20261004T184103,77592d4e4d7077342b55355275706a77442b36436d314a7a394c6b545a70307061445966475370334c504d3d,Totalizado
Águas Vermelhas,MG,0213,0070,6259,Deputado Federal,6,1813,ANDRE LUIS GASPAR JANONES,REDE,18,1,20261004T184103,77592d4e4d7077342b55355275706a77442b36436d314a7a394c6b545a70307061445966475370334c504d3d,Totalizado
Águas Vermelhas,MG,0213,0070,6259,Deputado Federal,6,2046,TALES MARCELO ALVES,PODE,20,1,20261004T184103,77592d4e4d7077342b55355275706a77442b36436d314a7a394c6b545a70307061445966475370334c504d3d,Totalizado
Águas Vermelhas,MG,0213,0070,6259,Deputado Federal,6,2234,IRLAN CHAVES DE OLIVEIRA MELO,PL,22,1,20261004T184103,77592d4e4d7077342b55355275706a77442b36436d314a7a394c6b545a70307061445966475370334c504d3d,Totalizado
Águas Vermelhas,MG,0213,0070,6259,Deputado Federal,6,3007,MÁRCIO ALMEIDA BERNARDINO,NOVO,30,1,20261004T184103,77592d4e4d7077342b55355275706a77442b36436d314a7a394c6b545a70307061445966475370334c504d3d,Totalizado
Águas Vermelhas,MG,0213,0070,6259,Deputado Federal,6,4003,MAYKON HENRIQUE DELFINO BORGES CRUZ,PSB,40,1,20261004T184103,77592d4e4d7077342b55355275706a77442b36436d314a7a394c6b545a70307061445966475370334c504d3d,Totalizado
Águas Vermelhas,MG,0213,0070,6259,Deputado Federal,6,4433,SAMUEL JOSÉ RODRIGUES DE VIANA,UNIÃO,44,1,20261004T184103,77592d4e4d7077342b55355275706a77442b36436d314a7a394c6b545a70307061445966475370334c504d3d,Totalizado
Águas Vermelhas,MG,0213,0070,6259,Deputado Federal,6,7012,JUNIA CELIA DE MEDEIROS,AVANTE,70,1,20261004T184103,77592d4e4d7077342b55355275706a77442b36436d314a7a394c6b545a70307061445966475370334c504d3d,Totalizado
Águas Vermelhas,MG,0213,0071,6259,Deputado Federal,6,1234,MARIO LUCIO HERINGER,PDT,12,109,20261004T175657,4a546e2d4e51725245526a7a4d53427a4d366a4a477457486b513878316d54526471316a7562456c337a773d,Totalizado
Águas Vermelhas,MG,0213,0071,6259,Deputado Federal,6,2222,NIKOLAS FERREIRA DE OLIVEIRA,PL,22,38,20261004T175657,4a546e2d4e51725245526a7a4d53427a4d366a4a477457486b513878316d54526471316a7562456c337a773d,Totalizado
Águas Vermelhas,MG,0213,0071,6259,Deputado Federal,6,7077,IGOR MASCARENHAS ETO,AVANTE,70,17,20261004T175657,4a546e2d4e51725245526a7a4d53427a4d366a4a477457486b513878316d54526471316a7562456c337a773d,Totalizado
Águas Vermelhas,MG,0213,0071,6259,Deputado Federal,6,1331,ANA ELISA SANTOS SILVA,PT,13,14,20261004T175657,4a546e2d4e51725245526a7a4d53427a4d366a4a477457486b513878316d54526471316a7562456c337a773d,Totalizado
Águas Vermelhas,MG,0213,0071,6259,Deputado Federal,6,1378,PAULO JOSE CARLOS GUEDES,PT,13,12,20261004T175657,4a546e2d4e51725245526a7a4d53427a4d366a4a477457486b513878316d54526471316a7562456c337a773d,Totalizado
Águas Vermelhas,MG,0213,0071,6259,Deputado Federal,6,1510,NEWTON CARDOSO JUNIOR,MDB,15,12,20261004T175657,4a546e2d4e51725245526a7a4d53427a4d366a4a477457486b513878316d54526471316a7562456c337a773d,Totalizado
Águas Vermelhas,MG,0213,0071,6259,Deputado Federal,6,1010,GILBERTO APARECIDO ABRAMO,REPUBLICANOS,10,7,20261004T175657,4a546e2d4e51725245526a7a4d53427a4d366a4a477457486b513878316d54526471316a7562456c337a773d,Totalizado
Águas Vermelhas,MG,0213,0071,6259,Deputado Federal,6,1339,MIGUEL ANGELO MONTEIRO ANDRADE,PT,13,4,20261004T175657,4a546e2d4e51725245526a7a4d53427a4d366a4a477457486b513878316d54526471316a7562456c337a773d,Totalizado
Águas Vermelhas,MG,0213,0071,6259,Deputado Federal,6,1363,JOSE LEONARDO COSTA MONTEIRO,PT,13,4,20261004T175657,4a546e2d4e51725245526a7a4d53427a4d366a4a477457486b513878316d54526471316a7562456c337a773d,Totalizado
Águas Vermelhas,MG,0213,0071,6259,Deputado Federal,6,1813,ANDRE LUIS GASPAR JANONES,REDE,18,4,20261004T175657,4a546e2d4e51725245526a7a4d53427a4d366a4a477457486b513878316d54526471316a7562456c337a773d,Totalizado
Águas Vermelhas,MG,0213,0071,6259,Deputado Federal,6,2270,GREYCE DE QUEIROZ ELIAS,PL,22,3,20261004T175657,4a546e2d4e51725245526a7a4d53427a4d366a4a477457486b513878316d54526471316a7562456c337a773d,Totalizado
Águas Vermelhas,MG,0213,0071,6259,Deputado Federal,6,1077,BRUNO SOUZA FARIAS,REPUBLICANOS,10,2,20261004T175657,4a546e2d4e51725245526a7a4d53427a4d366a4a477457486b513878316d54526471316a7562456c337a773d,Totalizado
Águas Vermelhas,MG,0213,0071,6259,Deputado Federal,6,1312,REGINALDO LAZARO DE OLIVEIRA LOPES,PT,13,2,20261004T175657,4a546e2d4e51725245526a7a4d53427a4d366a4a477457486b513878316d54526471316a7562456c337a773d,Totalizado
Águas Vermelhas,MG,0213,0071,6259,Deputado Federal,6,1315,JOAO CARLOS SIQUEIRA,PT,13,2,20261004T175657,4a546e2d4e51725245526a7a4d53427a4d366a4a477457486b513878316d54526471316a7562456c337a773d,Totalizado
Águas Vermelhas,MG,0213,0071,6259,Deputado Federal,6,1000,GLEIDSON GONTIJO AZEVEDO,REPUBLICANOS,10,1,20261004T175657,4a546e2d4e51725245526a7a4d53427a4d366a4a477457486b513878316d54526471316a7562456c337a773d,Totalizado
Águas Vermelhas,MG,0213,0071,6259,Deputado Federal,6,1015,EUCLYDES MARCOS PETTERSEN NETO,REPUBLICANOS,10,1,20261004T175657,4a546e2d4e51725245526a7a4d53427a4d366a4a477457486b513878316d54526471316a7562456c337a773d,Totalizado
Águas Vermelhas,MG,0213,0071,6259,Deputado Federal,6,1122,ANTÔNIO PINHEIRO NETO,PP,11,1,20261004T175657,4a546e2d4e51725245526a7a4d53427a4d366a4a477457486b513878316d54526471316a7562456c337a773d,Totalizado
Águas Vermelhas,MG,0213,0071,6259,Deputado Federal,6,1123,LUCIANA DE OLIVEIRA RAMPI,PP,11,1,20261004T175657,4a546e2d4e51725245526a7a4d53427a4d366a4a477457486b513878316d54526471316a7562456c337a773d,Totalizado
Águas Vermelhas,MG,0213,0071,6259,Deputado Federal,6,1213,WALDINEI CHICARELI DE ANDRADE,PDT,12,1,20261004T175657,4a546e2d4e51725245526a7a4d53427a4d366a4a477457486b513878316d54526471316a7562456c337a773d,Totalizado
Águas Vermelhas,MG,0213,0071,6259,Deputado Federal,6,1300,PEDRO FARAH ROUSSEFF,PT,13,1,20261004T175657,4a546e2d4e51725245526a7a4d53427a4d366a4a477457486b513878316d54526471316a7562456c337a773d,Totalizado
Águas Vermelhas,MG,0213,0071,6259,Deputado Federal,6,1334,DANDARA TONANTZIN SILVA CASTRO,PT,13,1,20261004T175657,4a546e2d4e51725245526a7a4d53427a4d366a4a477457486b513878316d54526471316a7562456c337a773d,Totalizado
Águas Vermelhas,MG,0213,0071,6259,Deputado Federal,6,1390,ISABELLA GONÇALVES MIRANDA,PT,13,1,20261004T175657,4a546e2d4e51725245526a7a4d53427a4d366a4a477457486b513878316d54526471316a7562456c337a773d,Totalizado
Águas Vermelhas,MG,0213,0071,6259,Deputado Federal,6,2219,LUIZ GONZAGA RIBEIRO,PL,22,1,20261004T175657,4a546e2d4e51725245526a7a4d53427a4d366a4a477457486b513878316d54526471316a7562456c337a773d,Totalizado
Águas Vermelhas,MG,0213,0071,6259,Deputado Federal,6,2234,IRLAN CHAVES DE OLIVEIRA MELO,PL,22,1,20261004T175657,4a546e2d4e51725245526a7a4d53427a4d366a4a477457486b513878316d54526471316a7562456c337a773d,Totalizado
Águas Vermelhas,MG,0213,0071,6259,Deputado Federal,6,2244,MARCELO HENRIQUE TEIXEIRA DIAS,PL,22,1,20261004T175657,4a546e2d4e51725245526a7a4d53427a4d366a4a477457486b513878316d54526471316a7562456c337a773d,Totalizado
Águas Vermelhas,MG,0213,0071,6259,Deputado Federal,6,4003,MAYKON HENRIQUE DELFINO BORGES CRUZ,PSB,40,1,20261004T175657,4a546e2d4e51725245526a7a4d53427a4d366a4a477457486b513878316d54526471316a7562456c337a773d,Totalizado
Águas Vermelhas,MG,0213,0071,6259,Deputado Federal,6,5550,ENIZANETE MARIA DE FREITAS,PSD,55,1,20261004T175657,4a546e2d4e51725245526a7a4d53427a4d366a4a477457486b513878316d54526471316a7562456c337a773d,Totalizado
Águas Vermelhas,MG,0213,0071,6259,Deputado Federal,6,7012,JUNIA CELIA DE MEDEIROS,AVANTE,70,1,20261004T175657,4a546e2d4e51725245526a7a4d53427a4d366a4a477457486b513878316d54526471316a7562456c337a773d,Totalizado
Águas Vermelhas,MG,0213,0072,6259,Deputado Federal,6,1234,MARIO LUCIO HERINGER,PDT,12,101,20261004T180521,37747831493351495731475534364a6b485638596f486730556850434b68412d525a416379455554594c4d3d,Totalizado
Águas Vermelhas,MG,0213,0072,6259,Deputado Federal,6,2222,NIKOLAS FERREIRA DE OLIVEIRA,PL,22,27,20261004T180521,37747831493351495731475534364a6b485638596f486730556850434b68412d525a416379455554594c4d3d,Totalizado
Águas Vermelhas,MG,0213,0072,6259,Deputado Federal,6,1378,PAULO JOSE CARLOS GUEDES,PT,13,20,20261004T180521,37747831493351495731475534364a6b485638596f486730556850434b68412d525a416379455554594c4d3d,Totalizado
Águas Vermelhas,MG,0213,0072,6259,Deputado Federal,6,1510,NEWTON CARDOSO JUNIOR,MDB,15,20,20261004T180521,37747831493351495731475534364a6b485638596f486730556850434b68412d525a416379455554594c4d3d,Totalizado
Águas Vermelhas,MG,0213,0072,6259,Deputado Federal,6,1331,ANA ELISA SANTOS SILVA,PT,13,11,20261004T180521,37747831493351495731475534364a6b485638596f486730556850434b68412d525a416379455554594c4d3d,Totalizado
Águas Vermelhas,MG,0213,0072,6259,Deputado Federal,6,7077,IGOR MASCARENHAS ETO,AVANTE,70,11,20261004T180521,37747831493351495731475534364a6b485638596f486730556850434b68412d525a416379455554594c4d3d,Totalizado
Águas Vermelhas,MG,0213,0072,6259,Deputado Federal,6,1010,GILBERTO APARECIDO ABRAMO,REPUBLICANOS,10,9,20261004T180521,37747831493351495731475534364a6b485638596f486730556850434b68412d525a416379455554594c4d3d,Totalizado
Águas Vermelhas,MG,0213,0072,6259,Deputado Federal,6,1363,JOSE LEONARDO COSTA MONTEIRO,PT,13,9,20261004T180521,37747831493351495731475534364a6b485638596f486730556850434b68412d525a416379455554594c4d3d,Totalizado
Águas Vermelhas,MG,0213,0072,6259,Deputado Federal,6,1339,MIGUEL ANGELO MONTEIRO ANDRADE,PT,13,7,20261004T180521,37747831493351495731475534364a6b485638596f486730556850434b68412d525a416379455554594c4d3d,Totalizado
Águas Vermelhas,MG,0213,0072,6259,Deputado Federal,6,1312,REGINALDO LAZARO DE OLIVEIRA LOPES,PT,13,4,20261004T180521,37747831493351495731475534364a6b485638596f486730556850434b68412d525a416379455554594c4d3d,Totalizado
Águas Vermelhas,MG,0213,0072,6259,Deputado Federal,6,3007,MÁRCIO ALMEIDA BERNARDINO,NOVO,30,4,20261004T180521,37747831493351495731475534364a6b485638596f486730556850434b68412d525a416379455554594c4d3d,Totalizado
Águas Vermelhas,MG,0213,0072,6259,Deputado Federal,6,4433,SAMUEL JOSÉ RODRIGUES DE VIANA,UNIÃO,44,4,20261004T180521,37747831493351495731475534364a6b485638596f486730556850434b68412d525a416379455554594c4d3d,Totalizado
Águas Vermelhas,MG,0213,0072,6259,Deputado Federal,6,1077,BRUNO SOUZA FARIAS,REPUBLICANOS,10,3,20261004T180521,37747831493351495731475534364a6b485638596f486730556850434b68412d525a416379455554594c4d3d,Totalizado
Águas Vermelhas,MG,0213,0072,6259,Deputado Federal,6,2270,GREYCE DE QUEIROZ ELIAS,PL,22,3,20261004T180521,37747831493351495731475534364a6b485638596f486730556850434b68412d525a416379455554594c4d3d,Totalizado
Águas Vermelhas,MG,0213,0072,6259,Deputado Federal,6,1123,LUCIANA DE OLIVEIRA RAMPI,PP,11,2,20261004T180521,37747831493351495731475534364a6b485638596f486730556850434b68412d525a416379455554594c4d3d,Totalizado
Águas Vermelhas,MG,0213,0072,6259,Deputado Federal,6,1315,JOAO CARLOS SIQUEIRA,PT,13,2,20261004T180521,37747831493351495731475534364a6b485638596f486730556850434b68412d525a416379455554594c4d3d,Totalizado
Águas Vermelhas,MG,0213,0072,6259,Deputado Federal,6,4444,MARCELO EDUARDO FREITAS,UNIÃO,44,2,20261004T180521,37747831493351495731475534364a6b485638596f486730556850434b68412d525a416379455554594c4d3d,Totalizado
Águas Vermelhas,MG,0213,0072,6259,Deputado Federal,6,7012,JUNIA CELIA DE MEDEIROS,AVANTE,70,2,20261004T180521,37747831493351495731475534364a6b485638596f486730556850434b68412d525a416379455554594c4d3d,Totalizado
Águas Vermelhas,MG,0213,0072,6259,Deputado Federal,6,1089,EDUARDO COSENTINO DA CUNHA,REPUBLICANOS,10,1,20261004T180521,37747831493351495731475534364a6b485638596f486730556850434b68412d525a416379455554594c4d3d,Totalizado
Águas Vermelhas,MG,0213,0072,6259,Deputado Federal,6,1223,JACKSON INACIO DE OLIVEIRA,PDT,12,1,20261004T180521,37747831493351495731475534364a6b485638596f486730556850434b68412d525a416379455554594c4d3d,Totalizado
Águas Vermelhas,MG,0213,0072,6259,Deputado Federal,6,1233,ADRIANA SILVA MARTINS BARROS,PDT,12,1,20261004T180521,37747831493351495731475534364a6b485638596f486730556850434b68412d525a416379455554594c4d3d,Totalizado
Águas Vermelhas,MG,0213,0072,6259,Deputado Federal,6,1238,FABIO LUCIO MACIEL,PDT,12,1,20261004T180521,37747831493351495731475534364a6b485638596f486730556850434b68412d525a416379455554594c4d3d,Totalizado
Águas Vermelhas,MG,0213,0072,6259,Deputado Federal,6,1300,PEDRO FARAH ROUSSEFF,PT,13,1,20261004T180521,37747831493351495731475534364a6b485638596f486730556850434b68412d525a416379455554594c4d3d,Totalizado
Águas Vermelhas,MG,0213,0072,6259,Deputado Federal,6,1313,ROGERIO CORREIA DE MOURA BAPTISTA,PT,13,1,20261004T180521,37747831493351495731475534364a6b485638596f486730556850434b68412d525a416379455554594c4d3d,Totalizado
Águas Vermelhas,MG,0213,0072,6259,Deputado Federal,6,1414,CARLOS HENRIQUE DIAS DE FREITAS,MISSÃO,14,1,20261004T180521,37747831493351495731475534364a6b485638596f486730556850434b68412d525a416379455554594c4d3d,Totalizado
Águas Vermelhas,MG,0213,0072,6259,Deputado Federal,6,2090,PEDRO HENRIQUE VELOSO CUNHA,PODE,20,1,20261004T180521,37747831493351495731475534364a6b485638596f486730556850434b68412d525a416379455554594c4d3d,Totalizado
Águas Vermelhas,MG,0213,0072,6259,Deputado Federal,6,2277,EROS FERREIRA BIONDINI,PL,22,1,20261004T180521,37747831493351495731475534364a6b485638596f486730556850434b68412d525a416379455554594c4d3d,Totalizado
Águas Vermelhas,MG,0213,0072,6259,Deputado Federal,6,4003,MAYKON HENRIQUE DELFINO BORGES CRUZ,PSB,40,1,20261004T180521,37747831493351495731475534364a6b485638596f486730556850434b68412d525a416379455554594c4d3d,Totalizado
Águas Vermelhas,MG,0213,0072,6259,Deputado Federal,6,4545,PAULO ABI-ACKEL,PSDB,45,1,20261004T180521,37747831493351495731475534364a6b485638596f486730556850434b68412d525a416379455554594c4d3d,Totalizado
Águas Vermelhas,MG,0213,0072,6259,Deputado Federal,6,5042,DARIO RICARDO BRAGA DE MOURA,PSOL,50,1,20261004T180521,37747831493351495731475534364a6b485638596f486730556850434b68412d525a416379455554594c4d3d,Totalizado
Águas Vermelhas,MG,0213,0073,6259,Deputado Federal,6,1234,MARIO LUCIO HERINGER,PDT,12,92,20261004T201432,4939736476566e454c6e6663342b7166726e697834634a47572b543953734b6562616f3236644d4d4750343d,Totalizado
Águas Vermelhas,MG,0213,0073,6259,Deputado Federal,6,2222,NIKOLAS FERREIRA DE OLIVEIRA,PL,22,23,20261004T201432,4939736476566e454c6e6663342b7166726e697834634a47572b543953734b6562616f3236644d4d4750343d,Totalizado
Águas Vermelhas,MG,0213,0073,6259,Deputado Federal,6,1510,NEWTON CARDOSO JUNIOR,MDB,15,22,20261004T201432,4939736476566e454c6e6663342b7166726e697834634a47572b543953734b6562616f3236644d4d4750343d,Totalizado
Águas Vermelhas,MG,0213,0073,6259,Deputado Federal,6,7077,IGOR MASCARENHAS ETO,AVANTE,70,19,20261004T201432,4939736476566e454c6e6663342b7166726e697834634a47572b543953734b6562616f3236644d4d4750343d,Totalizado
Águas Vermelhas,MG,0213,0073,6259,Deputado Federal,6,1378,PAULO JOSE CARLOS GUEDES,PT,13,13,20261004T201432,4939736476566e454c6e6663342b7166726e697834634a47572b543953734b6562616f3236644d4d4750343d,Totalizado
Águas Vermelhas,MG,0213,0073,6259,Deputado Federal,6,1363,JOSE LEONARDO COSTA MONTEIRO,PT,13,12,20261004T201432,4939736476566e454c6e6663342b7166726e697834634a47572b543953734b6562616f3236644d4d4750343d,Totalizado
Águas Vermelhas,MG,0213,0073,6259,Deputado Federal,6,1010,GILBERTO APARECIDO ABRAMO,REPUBLICANOS,10,8,20261004T201432,4939736476566e454c6e6663342b7166726e697834634a47572b543953734b6562616f3236644d4d4750343d,Totalizado
Águas Vermelhas,MG,0213,0073,6259,Deputado Federal,6,1331,ANA ELISA SANTOS SILVA,PT,13,8,20261004T201432,4939736476566e454c6e6663342b7166726e697834634a47572b543953734b6562616f3236644d4d4750343d,Totalizado
Águas Vermelhas,MG,0213,0073,6259,Deputado Federal,6,1339,MIGUEL ANGELO MONTEIRO ANDRADE,PT,13,8,20261004T201432,4939736476566e454c6e6663342b7166726e697834634a47572b543953734b6562616f3236644d4d4750343d,Totalizado
Águas Vermelhas,MG,0213,0073,6259,Deputado Federal,6,2270,GREYCE DE QUEIROZ ELIAS,PL,22,6,20261004T201432,4939736476566e454c6e6663342b7166726e697834634a47572b543953734b6562616f3236644d4d4750343d,Totalizado
Águas Vermelhas,MG,0213,0073,6259,Deputado Federal,6,1312,REGINALDO LAZARO DE OLIVEIRA LOPES,PT,13,3,20261004T201432,4939736476566e454c6e6663342b7166726e697834634a47572b543953734b6562616f3236644d4d4750343d,Totalizado
Águas Vermelhas,MG,0213,0073,6259,Deputado Federal,6,1313,ROGERIO CORREIA DE MOURA BAPTISTA,PT,13,3,20261004T201432,4939736476566e454c6e6663342b7166726e697834634a47572b543953734b6562616f3236644d4d4750343d,Totalizado
Águas Vermelhas,MG,0213,0073,6259,Deputado Federal,6,1315,JOAO CARLOS SIQUEIRA,PT,13,3,20261004T201432,4939736476566e454c6e6663342b7166726e697834634a47572b543953734b6562616f3236644d4d4750343d,Totalizado
Águas Vermelhas,MG,0213,0073,6259,Deputado Federal,6,7012,JUNIA CELIA DE MEDEIROS,AVANTE,70,3,20261004T201432,4939736476566e454c6e6663342b7166726e697834634a47572b543953734b6562616f3236644d4d4750343d,Totalizado
Águas Vermelhas,MG,0213,0073,6259,Deputado Federal,6,1077,BRUNO SOUZA FARIAS,REPUBLICANOS,10,2,20261004T201432,4939736476566e454c6e6663342b7166726e697834634a47572b543953734b6562616f3236644d4d4750343d,Totalizado
Águas Vermelhas,MG,0213,0073,6259,Deputado Federal,6,1111,DIMAS FABIANO TOLEDO JUNIOR,PP,11,2,20261004T201432,4939736476566e454c6e6663342b7166726e697834634a47572b543953734b6562616f3236644d4d4750343d,Totalizado
Águas Vermelhas,MG,0213,0073,6259,Deputado Federal,6,1390,ISABELLA GONÇALVES MIRANDA,PT,13,2,20261004T201432,4939736476566e454c6e6663342b7166726e697834634a47572b543953734b6562616f3236644d4d4750343d,Totalizado
Águas Vermelhas,MG,0213,0073,6259,Deputado Federal,6,1813,ANDRE LUIS GASPAR JANONES,REDE,18,2,20261004T201432,4939736476566e454c6e6663342b7166726e697834634a47572b543953734b6562616f3236644d4d4750343d,Totalizado
Águas Vermelhas,MG,0213,0073,6259,Deputado Federal,6,4444,MARCELO EDUARDO FREITAS,UNIÃO,44,2,20261004T201432,4939736476566e454c6e6663342b7166726e697834634a47572b543953734b6562616f3236644d4d4750343d,Totalizado
Águas Vermelhas,MG,0213,0073,6259,Deputado Federal,6,5050,DUDA SALABERT,PSOL,50,2,20261004T201432,4939736476566e454c6e6663342b7166726e697834634a47572b543953734b6562616f3236644d4d4750343d,Totalizado
Águas Vermelhas,MG,0213,0073,6259,Deputado Federal,6,1000,GLEIDSON GONTIJO AZEVEDO,REPUBLICANOS,10,1,20261004T201432,4939736476566e454c6e6663342b7166726e697834634a47572b543953734b6562616f3236644d4d4750343d,Totalizado
Águas Vermelhas,MG,0213,0073,6259,Deputado Federal,6,1015,EUCLYDES MARCOS PETTERSEN NETO,REPUBLICANOS,10,1,20261004T201432,4939736476566e454c6e6663342b7166726e697834634a47572b543953734b6562616f3236644d4d4750343d,Totalizado
Águas Vermelhas,MG,0213,0073,6259,Deputado Federal,6,1033,FERNANDA CAROLINA SOUSA DOS SANTOS SOARES,REPUBLICANOS,10,1,20261004T201432,4939736476566e454c6e6663342b7166726e697834634a47572b543953734b6562616f3236644d4d4750343d,Totalizado
Águas Vermelhas,MG,0213,0073,6259,Deputado Federal,6,1089,EDUARDO COSENTINO DA CUNHA,REPUBLICANOS,10,1,20261004T201432,4939736476566e454c6e6663342b7166726e697834634a47572b543953734b6562616f3236644d4d4750343d,Totalizado
Águas Vermelhas,MG,0213,0073,6259,Deputado Federal,6,1231,JACQUELINE CALIXTO BARBOSA DE JESUS,PDT,12,1,20261004T201432,4939736476566e454c6e6663342b7166726e697834634a47572b543953734b6562616f3236644d4d4750343d,Totalizado
Águas Vermelhas,MG,0213,0073,6259,Deputado Federal,6,1278,IZABEL CRISTINA DE ALMEIDA,PDT,12,1,20261004T201432,4939736476566e454c6e6663342b7166726e697834634a47572b543953734b6562616f3236644d4d4750343d,Totalizado
Águas Vermelhas,MG,0213,0073,6259,Deputado Federal,6,2204,RODRIGO RODRIGUES TAVARES,PL,22,1,20261004T201432,4939736476566e454c6e6663342b7166726e697834634a47572b543953734b6562616f3236644d4d4750343d,Totalizado
Águas Vermelhas,MG,0213,0073,6259,Deputado Federal,6,2221,CAROLINE FIGUEIREDO COSTA,PL,22,1,20261004T201432,4939736476566e454c6e6663342b7166726e697834634a47572b543953734b6562616f3236644d4d4750343d,Totalizado
Águas Vermelhas,MG,0213,0073,6259,Deputado Federal,6,2234,IRLAN CHAVES DE OLIVEIRA MELO,PL,22,1,20261004T201432,4939736476566e454c6e6663342b7166726e697834634a47572b543953734b6562616f3236644d4d4750343d,Totalizado
Águas Vermelhas,MG,0213,0073,6259,Deputado Federal,6,2235,SERGIO ANTONIO CARVALHO DE AZEVEDO,PL,22,1,20261004T201432,4939736476566e454c6e6663342b7166726e697834634a47572b543953734b6562616f3236644d4d4750343d,Totalizado
Águas Vermelhas,MG,0213,0073,6259,Deputado Federal,6,2256,REGINALDO FERREIRA TIAGO,PL,22,1,20261004T201432,4939736476566e454c6e6663342b7166726e697834634a47572b543953734b6562616f3236644d4d4750343d,Totalizado
Águas Vermelhas,MG,0213,0073,6259,Deputado Federal,6,2275,THIAGO MARTINS MILHIM,PL,22,1,20261004T201432,4939736476566e454c6e6663342b7166726e697834634a47572b543953734b6562616f3236644d4d4750343d,Totalizado
Águas Vermelhas,MG,0213,0073,6259,Deputado Federal,6,3007,MÁRCIO ALMEIDA BERNARDINO,NOVO,30,1,20261004T201432,4939736476566e454c6e6663342b7166726e697834634a47572b543953734b6562616f3236644d4d4750343d,Totalizado
Águas Vermelhas,MG,0213,0073,6259,Deputado Federal,6,4340,TALES BANDEIRA ARRUDAS,PV,43,1,20261004T201432,4939736476566e454c6e6663342b7166726e697834634a47572b543953734b6562616f3236644d4d4750343d,Totalizado
Águas Vermelhas,MG,0213,0073,6259,Deputado Federal,6,4455,IGOR TARCIANO TIMO,UNIÃO,44,1,20261004T201432,4939736476566e454c6e6663342b7166726e697834634a47572b543953734b6562616f3236644d4d4750343d,Totalizado
Águas Vermelhas,MG,0213,0073,6259,Deputado Federal,6,5042,DARIO RICARDO BRAGA DE MOURA,PSOL,50,1,20261004T201432,4939736476566e454c6e6663342b7166726e697834634a47572b543953734b6562616f3236644d4d4750343d,Totalizado
Águas Vermelhas,MG,0213,0073,6259,Deputado Federal,6,7013,ANTONIO CARLOS VIEIRA,AVANTE,70,1,20261004T201432,4939736476566e454c6e6663342b7166726e697834634a47572b543953734b6562616f3236644d4d4750343d,Totalizado
Águas Vermelhas,MG,0213,0073,6259,Deputado Federal,6,7023,ADRIANE APARECIDA CARRARO ALVES,AVANTE,70,1,20261004T201432,4939736476566e454c6e6663342b7166726e697834634a47572b543953734b6562616f3236644d4d4750343d,Totalizado
Águas Vermelhas,MG,0213,0073,6259,Deputado Federal,6,7070,LUIS HENRIQUE DE OLIVEIRA RESENDE,AVANTE,70,1,20261004T201432,4939736476566e454c6e6663342b7166726e697834634a47572b543953734b6562616f3236644d4d4750343d,Totalizado
Águas Vermelhas,MG,0213,0074,6259,Deputado Federal,6,1234,MARIO LUCIO HERINGER,PDT,12,102,20261004T183104,305243306c3963316b374f6c5951464d704b55595376354747654c77616b5154372d32572d716c576855513d,Totalizado
Águas Vermelhas,MG,0213,0074,6259,Deputado Federal,6,2222,NIKOLAS FERREIRA DE OLIVEIRA,PL,22,24,20261004T183104,305243306c3963316b374f6c5951464d704b55595376354747654c77616b5154372d32572d716c576855513d,Totalizado
Águas Vermelhas,MG,0213,0074,6259,Deputado Federal,6,1510,NEWTON CARDOSO JUNIOR,MDB,15,20,20261004T183104,305243306c3963316b374f6c5951464d704b55595376354747654c77616b5154372d32572d716c576855513d,Totalizado
Águas Vermelhas,MG,0213,0074,6259,Deputado Federal,6,1010,GILBERTO APARECIDO ABRAMO,REPUBLICANOS,10,14,20261004T183104,305243306c3963316b374f6c5951464d704b55595376354747654c77616b5154372d32572d716c576855513d,Totalizado
Águas Vermelhas,MG,0213,0074,6259,Deputado Federal,6,1331,ANA ELISA SANTOS SILVA,PT,13,14,20261004T183104,305243306c3963316b374f6c5951464d704b55595376354747654c77616b5154372d32572d716c576855513d,Totalizado
Águas Vermelhas,MG,0213,0074,6259,Deputado Federal,6,1378,PAULO JOSE CARLOS GUEDES,PT,13,14,20261004T183104,305243306c3963316b374f6c5951464d704b55595376354747654c77616b5154372d32572d716c576855513d,Totalizado
Águas Vermelhas,MG,0213,0074,6259,Deputado Federal,6,7077,IGOR MASCARENHAS ETO,AVANTE,70,13,20261004T183104,305243306c3963316b374f6c5951464d704b55595376354747654c77616b5154372d32572d716c576855513d,Totalizado
Águas Vermelhas,MG,0213,0074,6259,Deputado Federal,6,1339,MIGUEL ANGELO MONTEIRO ANDRADE,PT,13,8,20261004T183104,305243306c3963316b374f6c5951464d704b55595376354747654c77616b5154372d32572d716c576855513d,Totalizado
Águas Vermelhas,MG,0213,0074,6259,Deputado Federal,6,2270,GREYCE DE QUEIROZ ELIAS,PL,22,5,20261004T183104,305243306c3963316b374f6c5951464d704b55595376354747654c77616b5154372d32572d716c576855513d,Totalizado
Águas Vermelhas,MG,0213,0074,6259,Deputado Federal,6,1312,REGINALDO LAZARO DE OLIVEIRA LOPES,PT,13,3,20261004T183104,305243306c3963316b374f6c5951464d704b55595376354747654c77616b5154372d32572d716c576855513d,Totalizado
Águas Vermelhas,MG,0213,0074,6259,Deputado Federal,6,1363,JOSE LEONARDO COSTA MONTEIRO,PT,13,3,20261004T183104,305243306c3963316b374f6c5951464d704b55595376354747654c77616b5154372d32572d716c576855513d,Totalizado
Águas Vermelhas,MG,0213,0074,6259,Deputado Federal,6,1313,ROGERIO CORREIA DE MOURA BAPTISTA,PT,13,2,20261004T183104,305243306c3963316b374f6c5951464d704b55595376354747654c77616b5154372d32572d716c576855513d,Totalizado
Águas Vermelhas,MG,0213,0074,6259,Deputado Federal,6,1390,ISABELLA GONÇALVES MIRANDA,PT,13,2,20261004T183104,305243306c3963316b374f6c5951464d704b55595376354747654c77616b5154372d32572d716c576855513d,Totalizado
Águas Vermelhas,MG,0213,0074,6259,Deputado Federal,6,4444,MARCELO EDUARDO FREITAS,UNIÃO,44,2,20261004T183104,305243306c3963316b374f6c5951464d704b55595376354747654c77616b5154372d32572d716c576855513d,Totalizado
Águas Vermelhas,MG,0213,0074,6259,Deputado Federal,6,4477,JOSÉ SILVA SOARES,UNIÃO,44,2,20261004T183104,305243306c3963316b374f6c5951464d704b55595376354747654c77616b5154372d32572d716c576855513d,Totalizado
Águas Vermelhas,MG,0213,0074,6259,Deputado Federal,6,5050,DUDA SALABERT,PSOL,50,2,20261004T183104,305243306c3963316b374f6c5951464d704b55595376354747654c77616b5154372d32572d716c576855513d,Totalizado
Águas Vermelhas,MG,0213,0074,6259,Deputado Federal,6,1011,DENIVAL RODRIGUES DOS SANTOS,REPUBLICANOS,10,1,20261004T183104,305243306c3963316b374f6c5951464d704b55595376354747654c77616b5154372d32572d716c576855513d,Totalizado
Águas Vermelhas,MG,0213,0074,6259,Deputado Federal,6,1089,EDUARDO COSENTINO DA CUNHA,REPUBLICANOS,10,1,20261004T183104,305243306c3963316b374f6c5951464d704b55595376354747654c77616b5154372d32572d716c576855513d,Totalizado
Águas Vermelhas,MG,0213,0074,6259,Deputado Federal,6,1111,DIMAS FABIANO TOLEDO JUNIOR,PP,11,1,20261004T183104,305243306c3963316b374f6c5951464d704b55595376354747654c77616b5154372d32572d716c576855513d,Totalizado
Águas Vermelhas,MG,0213,0074,6259,Deputado Federal,6,1199,ANA PAULA PROCOPIO JUNQUEIRA,PP,11,1,20261004T183104,305243306c3963316b374f6c5951464d704b55595376354747654c77616b5154372d32572d716c576855513d,Totalizado
Águas Vermelhas,MG,0213,0074,6259,Deputado Federal,6,1233,ADRIANA SILVA MARTINS BARROS,PDT,12,1,20261004T183104,305243306c3963316b374f6c5951464d704b55595376354747654c77616b5154372d32572d716c576855513d,Totalizado
Águas Vermelhas,MG,0213,0074,6259,Deputado Federal,6,1315,JOAO CARLOS SIQUEIRA,PT,13,1,20261004T183104,305243306c3963316b374f6c5951464d704b55595376354747654c77616b5154372d32572d716c576855513d,Totalizado
Águas Vermelhas,MG,0213,0074,6259,Deputado Federal,6,1813,ANDRE LUIS GASPAR JANONES,REDE,18,1,20261004T183104,305243306c3963316b374f6c5951464d704b55595376354747654c77616b5154372d32572d716c576855513d,Totalizado
Águas Vermelhas,MG,0213,0074,6259,Deputado Federal,6,2256,REGINALDO FERREIRA TIAGO,PL,22,1,20261004T183104,305243306c3963316b374f6c5951464d704b55595376354747654c77616b5154372d32572d716c576855513d,Totalizado
Águas Vermelhas,MG,0213,0074,6259,Deputado Federal,6,4433,SAMUEL JOSÉ RODRIGUES DE VIANA,UNIÃO,44,1,20261004T183104,305243306c3963316b374f6c5951464d704b55595376354747654c77616b5154372d32572d716c576855513d,Totalizado
Águas Vermelhas,MG,0213,0074,6259,Deputado Federal,6,7012,JUNIA CELIA DE MEDEIROS,AVANTE,70,1,20261004T183104,305243306c3963316b374f6c5951464d704b55595376354747654c77616b5154372d32572d716c576855513d,Totalizado
Águas Vermelhas,MG,0213,0075,6259,Deputado Federal,6,1234,MARIO LUCIO HERINGER,PDT,12,107,20261004T190629,63432d756243644e494165542b44466c7a756144306f57445a352b6753637370626768496e7434686437673d,Totalizado
Águas Vermelhas,MG,0213,0075,6259,Deputado Federal,6,2222,NIKOLAS FERREIRA DE OLIVEIRA,PL,22,22,20261004T190629,63432d756243644e494165542b44466c7a756144306f57445a352b6753637370626768496e7434686437673d,Totalizado
Águas Vermelhas,MG,0213,0075,6259,Deputado Federal,6,7077,IGOR MASCARENHAS ETO,AVANTE,70,14,20261004T190629,63432d756243644e494165542b44466c7a756144306f57445a352b6753637370626768496e7434686437673d,Totalizado
Águas Vermelhas,MG,0213,0075,6259,Deputado Federal,6,1378,PAULO JOSE CARLOS GUEDES,PT,13,13,20261004T190629,63432d756243644e494165542b44466c7a756144306f57445a352b6753637370626768496e7434686437673d,Totalizado
Águas Vermelhas,MG,0213,0075,6259,Deputado Federal,6,1510,NEWTON CARDOSO JUNIOR,MDB,15,13,20261004T190629,63432d756243644e494165542b44466c7a756144306f57445a352b6753637370626768496e7434686437673d,Totalizado
Águas Vermelhas,MG,0213,0075,6259,Deputado Federal,6,1010,GILBERTO APARECIDO ABRAMO,REPUBLICANOS,10,11,20261004T190629,63432d756243644e494165542b44466c7a756144306f57445a352b6753637370626768496e7434686437673d,Totalizado
Águas Vermelhas,MG,0213,0075,6259,Deputado Federal,6,1331,ANA ELISA SANTOS SILVA,PT,13,10,20261004T190629,63432d756243644e494165542b44466c7a756144306f57445a352b6753637370626768496e7434686437673d,Totalizado
Águas Vermelhas,MG,0213,0075,6259,Deputado Federal,6,1363,JOSE LEONARDO COSTA MONTEIRO,PT,13,7,20261004T190629,63432d756243644e494165542b44466c7a756144306f57445a352b6753637370626768496e7434686437673d,Totalizado
Águas Vermelhas,MG,0213,0075,6259,Deputado Federal,6,1339,MIGUEL ANGELO MONTEIRO ANDRADE,PT,13,6,20261004T190629,63432d756243644e494165542b44466c7a756144306f57445a352b6753637370626768496e7434686437673d,Totalizado
Águas Vermelhas,MG,0213,0075,6259,Deputado Federal,6,1312,REGINALDO LAZARO DE OLIVEIRA LOPES,PT,13,4,20261004T190629,63432d756243644e494165542b44466c7a756144306f57445a352b6753637370626768496e7434686437673d,Totalizado
Águas Vermelhas,MG,0213,0075,6259,Deputado Federal,6,2204,RODRIGO RODRIGUES TAVARES,PL,22,4,20261004T190629,63432d756243644e494165542b44466c7a756144306f57445a352b6753637370626768496e7434686437673d,Totalizado
Águas Vermelhas,MG,0213,0075,6259,Deputado Federal,6,1313,ROGERIO CORREIA DE MOURA BAPTISTA,PT,13,3,20261004T190629,63432d756243644e494165542b44466c7a756144306f57445a352b6753637370626768496e7434686437673d,Totalizado
Águas Vermelhas,MG,0213,0075,6259,Deputado Federal,6,2270,GREYCE DE QUEIROZ ELIAS,PL,22,3,20261004T190629,63432d756243644e494165542b44466c7a756144306f57445a352b6753637370626768496e7434686437673d,Totalizado
Águas Vermelhas,MG,0213,0075,6259,Deputado Federal,6,4433,SAMUEL JOSÉ RODRIGUES DE VIANA,UNIÃO,44,3,20261004T190629,63432d756243644e494165542b44466c7a756144306f57445a352b6753637370626768496e7434686437673d,Totalizado
Águas Vermelhas,MG,0213,0075,6259,Deputado Federal,6,1315,JOAO CARLOS SIQUEIRA,PT,13,2,20261004T190629,63432d756243644e494165542b44466c7a756144306f57445a352b6753637370626768496e7434686437673d,Totalizado
Águas Vermelhas,MG,0213,0075,6259,Deputado Federal,6,4444,MARCELO EDUARDO FREITAS,UNIÃO,44,2,20261004T190629,63432d756243644e494165542b44466c7a756144306f57445a352b6753637370626768496e7434686437673d,Totalizado
Águas Vermelhas,MG,0213,0075,6259,Deputado Federal,6,1000,GLEIDSON GONTIJO AZEVEDO,REPUBLICANOS,10,1,20261004T190629,63432d756243644e494165542b44466c7a756144306f57445a352b6753637370626768496e7434686437673d,Totalizado
Águas Vermelhas,MG,0213,0075,6259,Deputado Federal,6,1077,BRUNO SOUZA FARIAS,REPUBLICANOS,10,1,20261004T190629,63432d756243644e494165542b44466c7a756144306f57445a352b6753637370626768496e7434686437673d,Totalizado
Águas Vermelhas,MG,0213,0075,6259,Deputado Federal,6,1236,ANDERSON BRITO PEREIRA,PDT,12,1,20261004T190629,63432d756243644e494165542b44466c7a756144306f57445a352b6753637370626768496e7434686437673d,Totalizado
Águas Vermelhas,MG,0213,0075,6259,Deputado Federal,6,1311,EDINALDO SOARES DE SOUZA,PT,13,1,20261004T190629,63432d756243644e494165542b44466c7a756144306f57445a352b6753637370626768496e7434686437673d,Totalizado
Águas Vermelhas,MG,0213,0075,6259,Deputado Federal,6,1345,JOAQUIM FLORISVALDO TEÓFILO,PT,13,1,20261004T190629,63432d756243644e494165542b44466c7a756144306f57445a352b6753637370626768496e7434686437673d,Totalizado
Águas Vermelhas,MG,0213,0075,6259,Deputado Federal,6,1390,ISABELLA GONÇALVES MIRANDA,PT,13,1,20261004T190629,63432d756243644e494165542b44466c7a756144306f57445a352b6753637370626768496e7434686437673d,Totalizado
Águas Vermelhas,MG,0213,0075,6259,Deputado Federal,6,1511,GILBERTO REZENDE SOBRINHO,MDB,15,1,20261004T190629,63432d756243644e494165542b44466c7a756144306f57445a352b6753637370626768496e7434686437673d,Totalizado
Águas Vermelhas,MG,0213,0075,6259,Deputado Federal,6,2046,TALES MARCELO ALVES,PODE,20,1,20261004T190629,63432d756243644e494165542b44466c7a756144306f57445a352b6753637370626768496e7434686437673d,Totalizado
Águas Vermelhas,MG,0213,0075,6259,Deputado Federal,6,2227,IGOR PEREIRA DOS SANTOS,PL,22,1,20261004T190629,63432d756243644e494165542b44466c7a756144306f57445a352b6753637370626768496e7434686437673d,Totalizado
Águas Vermelhas,MG,0213,0075,6259,Deputado Federal,6,2244,MARCELO HENRIQUE TEIXEIRA DIAS,PL,22,1,20261004T190629,63432d756243644e494165542b44466c7a756144306f57445a352b6753637370626768496e7434686437673d,Totalizado
Águas Vermelhas,MG,0213,0075,6259,Deputado Federal,6,3007,MÁRCIO ALMEIDA BERNARDINO,NOVO,30,1,20261004T190629,63432d756243644e494165542b44466c7a756144306f57445a352b6753637370626768496e7434686437673d,Totalizado
Águas Vermelhas,MG,0213,0075,6259,Deputado Federal,6,4003,MAYKON HENRIQUE DELFINO BORGES CRUZ,PSB,40,1,20261004T190629,63432d756243644e494165542b44466c7a756144306f57445a352b6753637370626768496e7434686437673d,Totalizado
Águas Vermelhas,MG,0213,0075,6259,Deputado Federal,6,4099,ITAMAR PEREIRA FAUSTINO,PSB,40,1,20261004T190629,63432d756243644e494165542b44466c7a756144306f57445a352b6753637370626768496e7434686437673d,Totalizado
Águas Vermelhas,MG,0213,0075,6259,Deputado Federal,6,4477,JOSÉ SILVA SOARES,UNIÃO,44,1,20261004T190629,63432d756243644e494165542b44466c7a756144306f57445a352b6753637370626768496e7434686437673d,Totalizado
Águas Vermelhas,MG,0213,0075,6259,Deputado Federal,6,4499,FREDERICO LUCAS MEIRELES ASSUNÇÃO,UNIÃO,44,1,20261004T190629,63432d756243644e494165542b44466c7a756144306f57445a352b6753637370626768496e7434686437673d,Totalizado
Águas Vermelhas,MG,0213,0075,6259,Deputado Federal,6,5042,DARIO RICARDO BRAGA DE MOURA,PSOL,50,1,20261004T190629,63432d756243644e494165542b44466c7a756144306f57445a352b6753637370626768496e7434686437673d,Totalizado
Águas Vermelhas,MG,0213,0075,6259,Deputado Federal,6,5050,DUDA SALABERT,PSOL,50,1,20261004T190629,63432d756243644e494165542b44466c7a756144306f57445a352b6753637370626768496e7434686437673d,Totalizado
Águas Vermelhas,MG,0213,0075,6259,Deputado Federal,6,7012,JUNIA CELIA DE MEDEIROS,AVANTE,70,1,20261004T190629,63432d756243644e494165542b44466c7a756144306f57445a352b6753637370626768496e7434686437673d,Totalizado
Águas Vermelhas,MG,0213,0075,6259,Deputado Federal,6,7707,ANDREI LISBOA COLARES,SOLIDARIEDADE,77,1,20261004T190629,63432d756243644e494165542b44466c7a756144306f57445a352b6753637370626768496e7434686437673d,Totalizado
Águas Vermelhas,MG,0213,0076,6259,Deputado Federal,6,1234,MARIO LUCIO HERINGER,PDT,12,99,20261004T175933,596b7945644f4b6a6f4d456e496146556a552d573376706a6c384b4a643563682b6e3558476455737551513d,Totalizado
Águas Vermelhas,MG,0213,0076,6259,Deputado Federal,6,2222,NIKOLAS FERREIRA DE OLIVEIRA,PL,22,30,20261004T175933,596b7945644f4b6a6f4d456e496146556a552d573376706a6c384b4a643563682b6e3558476455737551513d,Totalizado
Águas Vermelhas,MG,0213,0076,6259,Deputado Federal,6,1378,PAULO JOSE CARLOS GUEDES,PT,13,18,20261004T175933,596b7945644f4b6a6f4d456e496146556a552d573376706a6c384b4a643563682b6e3558476455737551513d,Totalizado
Águas Vermelhas,MG,0213,0076,6259,Deputado Federal,6,1010,GILBERTO APARECIDO ABRAMO,REPUBLICANOS,10,17,20261004T175933,596b7945644f4b6a6f4d456e496146556a552d573376706a6c384b4a643563682b6e3558476455737551513d,Totalizado
Águas Vermelhas,MG,0213,0076,6259,Deputado Federal,6,1510,NEWTON CARDOSO JUNIOR,MDB,15,17,20261004T175933,596b7945644f4b6a6f4d456e496146556a552d573376706a6c384b4a643563682b6e3558476455737551513d,Totalizado
Águas Vermelhas,MG,0213,0076,6259,Deputado Federal,6,1331,ANA ELISA SANTOS SILVA,PT,13,14,20261004T175933,596b7945644f4b6a6f4d456e496146556a552d573376706a6c384b4a643563682b6e3558476455737551513d,Totalizado
Águas Vermelhas,MG,0213,0076,6259,Deputado Federal,6,1363,JOSE LEONARDO COSTA MONTEIRO,PT,13,12,20261004T175933,596b7945644f4b6a6f4d456e496146556a552d573376706a6c384b4a643563682b6e3558476455737551513d,Totalizado
Águas Vermelhas,MG,0213,0076,6259,Deputado Federal,6,7077,IGOR MASCARENHAS ETO,AVANTE,70,12,20261004T175933,596b7945644f4b6a6f4d456e496146556a552d573376706a6c384b4a643563682b6e3558476455737551513d,Totalizado
Águas Vermelhas,MG,0213,0076,6259,Deputado Federal,6,1339,MIGUEL ANGELO MONTEIRO ANDRADE,PT,13,5,20261004T175933,596b7945644f4b6a6f4d456e496146556a552d573376706a6c384b4a643563682b6e3558476455737551513d,Totalizado
Águas Vermelhas,MG,0213,0076,6259,Deputado Federal,6,1312,REGINALDO LAZARO DE OLIVEIRA LOPES,PT,13,4,20261004T175933,596b7945644f4b6a6f4d456e496146556a552d573376706a6c384b4a643563682b6e3558476455737551513d,Totalizado
Águas Vermelhas,MG,0213,0076,6259,Deputado Federal,6,7012,JUNIA CELIA DE MEDEIROS,AVANTE,70,3,20261004T175933,596b7945644f4b6a6f4d456e496146556a552d573376706a6c384b4a643563682b6e3558476455737551513d,Totalizado
Águas Vermelhas,MG,0213,0076,6259,Deputado Federal,6,1000,GLEIDSON GONTIJO AZEVEDO,REPUBLICANOS,10,2,20261004T175933,596b7945644f4b6a6f4d456e496146556a552d573376706a6c384b4a643563682b6e3558476455737551513d,Totalizado
Águas Vermelhas,MG,0213,0076,6259,Deputado Federal,6,1077,BRUNO SOUZA FARIAS,REPUBLICANOS,10,2,20261004T175933,596b7945644f4b6a6f4d456e496146556a552d573376706a6c384b4a643563682b6e3558476455737551513d,Totalizado
Águas Vermelhas,MG,0213,0076,6259,Deputado Federal,6,2270,GREYCE DE QUEIROZ ELIAS,PL,22,2,20261004T175933,596b7945644f4b6a6f4d456e496146556a552d573376706a6c384b4a643563682b6e3558476455737551513d,Totalizado
Águas Vermelhas,MG,0213,0076,6259,Deputado Federal,6,4003,MAYKON HENRIQUE DELFINO BORGES CRUZ,PSB,40,2,20261004T175933,596b7945644f4b6a6f4d456e496146556a552d573376706a6c384b4a643563682b6e3558476455737551513d,Totalizado
Águas Vermelhas,MG,0213,0076,6259,Deputado Federal,6,1111,DIMAS FABIANO TOLEDO JUNIOR,PP,11,1,20261004T175933,596b7945644f4b6a6f4d456e496146556a552d573376706a6c384b4a643563682b6e3558476455737551513d,Totalizado
Águas Vermelhas,MG,0213,0076,6259,Deputado Federal,6,1231,JACQUELINE CALIXTO BARBOSA DE JESUS,PDT,12,1,20261004T175933,596b7945644f4b6a6f4d456e496146556a552d573376706a6c384b4a643563682b6e3558476455737551513d,Totalizado
Águas Vermelhas,MG,0213,0076,6259,Deputado Federal,6,1237,JOSENI AGANETTI DUARTE,PDT,12,1,20261004T175933,596b7945644f4b6a6f4d456e496146556a552d573376706a6c384b4a643563682b6e3558476455737551513d,Totalizado
Águas Vermelhas,MG,0213,0076,6259,Deputado Federal,6,1300,PEDRO FARAH ROUSSEFF,PT,13,1,20261004T175933,596b7945644f4b6a6f4d456e496146556a552d573376706a6c384b4a643563682b6e3558476455737551513d,Totalizado
Águas Vermelhas,MG,0213,0076,6259,Deputado Federal,6,1307,GLEIDE ANDRADE DE OLIVEIRA,PT,13,1,20261004T175933,596b7945644f4b6a6f4d456e496146556a552d573376706a6c384b4a643563682b6e3558476455737551513d,Totalizado
Águas Vermelhas,MG,0213,0076,6259,Deputado Federal,6,1315,JOAO CARLOS SIQUEIRA,PT,13,1,20261004T175933,596b7945644f4b6a6f4d456e496146556a552d573376706a6c384b4a643563682b6e3558476455737551513d,Totalizado
Águas Vermelhas,MG,0213,0076,6259,Deputado Federal,6,2204,RODRIGO RODRIGUES TAVARES,PL,22,1,20261004T175933,596b7945644f4b6a6f4d456e496146556a552d573376706a6c384b4a643563682b6e3558476455737551513d,Totalizado
Águas Vermelhas,MG,0213,0076,6259,Deputado Federal,6,2275,THIAGO MARTINS MILHIM,PL,22,1,20261004T175933,596b7945644f4b6a6f4d456e496146556a552d573376706a6c384b4a643563682b6e3558476455737551513d,Totalizado
Águas Vermelhas,MG,0213,0076,6259,Deputado Federal,6,3003,IGOR CRISTIANO SOARES MARQUES,NOVO,30,1,20261004T175933,596b7945644f4b6a6f4d456e496146556a552d573376706a6c384b4a643563682b6e3558476455737551513d,Totalizado
Águas Vermelhas,MG,0213,0076,6259,Deputado Federal,6,4077,ISMAEL SILVA CANDIDO,PSB,40,1,20261004T175933,596b7945644f4b6a6f4d456e496146556a552d573376706a6c384b4a643563682b6e3558476455737551513d,Totalizado
Águas Vermelhas,MG,0213,0076,6259,Deputado Federal,6,4080,LUIZ FERNANDO ALVES,PSB,40,1,20261004T175933,596b7945644f4b6a6f4d456e496146556a552d573376706a6c384b4a643563682b6e3558476455737551513d,Totalizado
Águas Vermelhas,MG,0213,0076,6259,Deputado Federal,6,4340,TALES BANDEIRA ARRUDAS,PV,43,1,20261004T175933,596b7945644f4b6a6f4d456e496146556a552d573376706a6c384b4a643563682b6e3558476455737551513d,Totalizado
Águas Vermelhas,MG,0213,0076,6259,Deputado Federal,6,4350,LOHANNA SOUZA FRANÇA MOREIRA DE OLIVEIRA,PV,43,1,20261004T175933,596b7945644f4b6a6f4d456e496146556a552d573376706a6c384b4a643563682b6e3558476455737551513d,Totalizado
Águas Vermelhas,MG,0213,0076,6259,Deputado Federal,6,4433,SAMUEL JOSÉ RODRIGUES DE VIANA,UNIÃO,44,1,20261004T175933,596b7945644f4b6a6f4d456e496146556a552d573376706a6c384b4a643563682b6e3558476455737551513d,Totalizado
Águas Vermelhas,MG,0213,0077,6259,Deputado Federal,6,1234,MARIO LUCIO HERINGER,PDT,12,100,20261004T174959,6735452d68512b31583675756236576432486a7a397669634947754830714c634d6368474158786d335a6b3d,Totalizado
Águas Vermelhas,MG,0213,0077,6259,Deputado Federal,6,2222,NIKOLAS FERREIRA DE OLIVEIRA,PL,22,28,20261004T174959,6735452d68512b31583675756236576432486a7a397669634947754830714c634d6368474158786d335a6b3d,Totalizado
Águas Vermelhas,MG,0213,0077,6259,Deputado Federal,6,1510,NEWTON CARDOSO JUNIOR,MDB,15,23,20261004T174959,6735452d68512b31583675756236576432486a7a397669634947754830714c634d6368474158786d335a6b3d,Totalizado
Águas Vermelhas,MG,0213,0077,6259,Deputado Federal,6,1010,GILBERTO APARECIDO ABRAMO,REPUBLICANOS,10,15,20261004T174959,6735452d68512b31583675756236576432486a7a397669634947754830714c634d6368474158786d335a6b3d,Totalizado
Águas Vermelhas,MG,0213,0077,6259,Deputado Federal,6,1331,ANA ELISA SANTOS SILVA,PT,13,14,20261004T174959,6735452d68512b31583675756236576432486a7a397669634947754830714c634d6368474158786d335a6b3d,Totalizado
Águas Vermelhas,MG,0213,0077,6259,Deputado Federal,6,7077,IGOR MASCARENHAS ETO,AVANTE,70,13,20261004T174959,6735452d68512b31583675756236576432486a7a397669634947754830714c634d6368474158786d335a6b3d,Totalizado
Águas Vermelhas,MG,0213,0077,6259,Deputado Federal,6,1339,MIGUEL ANGELO MONTEIRO ANDRADE,PT,13,11,20261004T174959,6735452d68512b31583675756236576432486a7a397669634947754830714c634d6368474158786d335a6b3d,Totalizado
Águas Vermelhas,MG,0213,0077,6259,Deputado Federal,6,1378,PAULO JOSE CARLOS GUEDES,PT,13,11,20261004T174959,6735452d68512b31583675756236576432486a7a397669634947754830714c634d6368474158786d335a6b3d,Totalizado
Águas Vermelhas,MG,0213,0077,6259,Deputado Federal,6,1813,ANDRE LUIS GASPAR JANONES,REDE,18,6,20261004T174959,6735452d68512b31583675756236576432486a7a397669634947754830714c634d6368474158786d335a6b3d,Totalizado
Águas Vermelhas,MG,0213,0077,6259,Deputado Federal,6,1363,JOSE LEONARDO COSTA MONTEIRO,PT,13,4,20261004T174959,6735452d68512b31583675756236576432486a7a397669634947754830714c634d6368474158786d335a6b3d,Totalizado
Águas Vermelhas,MG,0213,0077,6259,Deputado Federal,6,2270,GREYCE DE QUEIROZ ELIAS,PL,22,4,20261004T174959,6735452d68512b31583675756236576432486a7a397669634947754830714c634d6368474158786d335a6b3d,Totalizado
Águas Vermelhas,MG,0213,0077,6259,Deputado Federal,6,1312,REGINALDO LAZARO DE OLIVEIRA LOPES,PT,13,3,20261004T174959,6735452d68512b31583675756236576432486a7a397669634947754830714c634d6368474158786d335a6b3d,Totalizado
Águas Vermelhas,MG,0213,0077,6259,Deputado Federal,6,1315,JOAO CARLOS SIQUEIRA,PT,13,3,20261004T174959,6735452d68512b31583675756236576432486a7a397669634947754830714c634d6368474158786d335a6b3d,Totalizado
Águas Vermelhas,MG,0213,0077,6259,Deputado Federal,6,4477,JOSÉ SILVA SOARES,UNIÃO,44,3,20261004T174959,6735452d68512b31583675756236576432486a7a397669634947754830714c634d6368474158786d335a6b3d,Totalizado
Águas Vermelhas,MG,0213,0077,6259,Deputado Federal,6,1077,BRUNO SOUZA FARIAS,REPUBLICANOS,10,2,20261004T174959,6735452d68512b31583675756236576432486a7a397669634947754830714c634d6368474158786d335a6b3d,Totalizado
Águas Vermelhas,MG,0213,0077,6259,Deputado Federal,6,1111,DIMAS FABIANO TOLEDO JUNIOR,PP,11,2,20261004T174959,6735452d68512b31583675756236576432486a7a397669634947754830714c634d6368474158786d335a6b3d,Totalizado
Águas Vermelhas,MG,0213,0077,6259,Deputado Federal,6,1233,ADRIANA SILVA MARTINS BARROS,PDT,12,1,20261004T174959,6735452d68512b31583675756236576432486a7a397669634947754830714c634d6368474158786d335a6b3d,Totalizado
Águas Vermelhas,MG,0213,0077,6259,Deputado Federal,6,1333,JOÃO GABRIEL FASSBENDER BARRETO PRATES,PT,13,1,20261004T174959,6735452d68512b31583675756236576432486a7a397669634947754830714c634d6368474158786d335a6b3d,Totalizado
Águas Vermelhas,MG,0213,0077,6259,Deputado Federal,6,2204,RODRIGO RODRIGUES TAVARES,PL,22,1,20261004T174959,6735452d68512b31583675756236576432486a7a397669634947754830714c634d6368474158786d335a6b3d,Totalizado
Águas Vermelhas,MG,0213,0077,6259,Deputado Federal,6,2219,LUIZ GONZAGA RIBEIRO,PL,22,1,20261004T174959,6735452d68512b31583675756236576432486a7a397669634947754830714c634d6368474158786d335a6b3d,Totalizado
Águas Vermelhas,MG,0213,0077,6259,Deputado Federal,6,2278,ANDRE NUNES COSTA,PL,22,1,20261004T174959,6735452d68512b31583675756236576432486a7a397669634947754830714c634d6368474158786d335a6b3d,Totalizado
Águas Vermelhas,MG,0213,0077,6259,Deputado Federal,6,3007,MÁRCIO ALMEIDA BERNARDINO,NOVO,30,1,20261004T174959,6735452d68512b31583675756236576432486a7a397669634947754830714c634d6368474158786d335a6b3d,Totalizado
Águas Vermelhas,MG,0213,0077,6259,Deputado Federal,6,4003,MAYKON HENRIQUE DELFINO BORGES CRUZ,PSB,40,1,20261004T174959,6735452d68512b31583675756236576432486a7a397669634947754830714c634d6368474158786d335a6b3d,Totalizado
Águas Vermelhas,MG,0213,0077,6259,Deputado Federal,6,4350,LOHANNA SOUZA FRANÇA MOREIRA DE OLIVEIRA,PV,43,1,20261004T174959,6735452d68512b31583675756236576432486a7a397669634947754830714c634d6368474158786d335a6b3d,Totalizado
Águas Vermelhas,MG,0213,0077,6259,Deputado Federal,6,4433,SAMUEL JOSÉ RODRIGUES DE VIANA,UNIÃO,44,1,20261004T174959,6735452d68512b31583675756236576432486a7a397669634947754830714c634d6368474158786d335a6b3d,Totalizado
Águas Vermelhas,MG,0213,0077,6259,Deputado Federal,6,4444,MARCELO EDUARDO FREITAS,UNIÃO,44,1,20261004T174959,6735452d68512b31583675756236576432486a7a397669634947754830714c634d6368474158786d335a6b3d,Totalizado
Águas Vermelhas,MG,0213,0077,6259,Deputado Federal,6,5088,CÉLIA NUNES CORREA,PSOL,50,1,20261004T174959,6735452d68512b31583675756236576432486a7a397669634947754830714c634d6368474158786d335a6b3d,Totalizado
Águas Vermelhas,MG,0213,0077,6259,Deputado Federal,6,7012,JUNIA CELIA DE MEDEIROS,AVANTE,70,1,20261004T174959,6735452d68512b31583675756236576432486a7a397669634947754830714c634d6368474158786d335a6b3d,Totalizado
Águas Vermelhas,MG,0213,0091,6259,Deputado Federal,6,1234,MARIO LUCIO HERINGER,PDT,12,53,20261004T170623,673443484857634c74706a4a354d4942386176494446744e637961774b554f6a6e323031614c5a463037493d,Totalizado
Águas Vermelhas,MG,0213,0091,6259,Deputado Federal,6,2270,GREYCE DE QUEIROZ ELIAS,PL,22,38,20261004T170623,673443484857634c74706a4a354d4942386176494446744e637961774b554f6a6e323031614c5a463037493d,Totalizado
Águas Vermelhas,MG,0213,0091,6259,Deputado Federal,6,1010,GILBERTO APARECIDO ABRAMO,REPUBLICANOS,10,15,20261004T170623,673443484857634c74706a4a354d4942386176494446744e637961774b554f6a6e323031614c5a463037493d,Totalizado
Águas Vermelhas,MG,0213,0091,6259,Deputado Federal,6,1339,MIGUEL ANGELO MONTEIRO ANDRADE,PT,13,15,20261004T170623,673443484857634c74706a4a354d4942386176494446744e637961774b554f6a6e323031614c5a463037493d,Totalizado
Águas Vermelhas,MG,0213,0091,6259,Deputado Federal,6,2222,NIKOLAS FERREIRA DE OLIVEIRA,PL,22,15,20261004T170623,673443484857634c74706a4a354d4942386176494446744e637961774b554f6a6e323031614c5a463037493d,Totalizado
Águas Vermelhas,MG,0213,0091,6259,Deputado Federal,6,1510,NEWTON CARDOSO JUNIOR,MDB,15,14,20261004T170623,673443484857634c74706a4a354d4942386176494446744e637961774b554f6a6e323031614c5a463037493d,Totalizado
Águas Vermelhas,MG,0213,0091,6259,Deputado Federal,6,2000,IGOR DE ALVARENGA OLIVEIRA ICASSATTI ROJAS,PODE,20,4,20261004T170623,673443484857634c74706a4a354d4942386176494446744e637961774b554f6a6e323031614c5a463037493d,Totalizado
Águas Vermelhas,MG,0213,0091,6259,Deputado Federal,6,1315,JOAO CARLOS SIQUEIRA,PT,13,2,20261004T170623,673443484857634c74706a4a354d4942386176494446744e637961774b554f6a6e323031614c5a463037493d,Totalizado
Águas Vermelhas,MG,0213,0091,6259,Deputado Federal,6,1333,JOÃO GABRIEL FASSBENDER BARRETO PRATES,PT,13,2,20261004T170623,673443484857634c74706a4a354d4942386176494446744e637961774b554f6a6e323031614c5a463037493d,Totalizado
Águas Vermelhas,MG,0213,0091,6259,Deputado Federal,6,1030,EDIMILSON PEREIRA LIMA,REPUBLICANOS,10,1,20261004T170623,673443484857634c74706a4a354d4942386176494446744e637961774b554f6a6e323031614c5a463037493d,Totalizado
Águas Vermelhas,MG,0213,0091,6259,Deputado Federal,6,1077,BRUNO SOUZA FARIAS,REPUBLICANOS,10,1,20261004T170623,673443484857634c74706a4a354d4942386176494446744e637961774b554f6a6e323031614c5a463037493d,Totalizado
Águas Vermelhas,MG,0213,0091,6259,Deputado Federal,6,1122,ANTÔNIO PINHEIRO NETO,PP,11,1,20261004T170623,673443484857634c74706a4a354d4942386176494446744e637961774b554f6a6e323031614c5a463037493d,Totalizado
Águas Vermelhas,MG,0213,0091,6259,Deputado Federal,6,1123,LUCIANA DE OLIVEIRA RAMPI,PP,11,1,20261004T170623,673443484857634c74706a4a354d4942386176494446744e637961774b554f6a6e323031614c5a463037493d,Totalizado
Águas Vermelhas,MG,0213,0091,6259,Deputado Federal,6,1229,UCHARLES PEREIRA DA SILVA,PDT,12,1,20261004T170623,673443484857634c74706a4a354d4942386176494446744e637961774b554f6a6e323031614c5a463037493d,Totalizado
Águas Vermelhas,MG,0213,0091,6259,Deputado Federal,6,1307,GLEIDE ANDRADE DE OLIVEIRA,PT,13,1,20261004T170623,673443484857634c74706a4a354d4942386176494446744e637961774b554f6a6e323031614c5a463037493d,Totalizado
Águas Vermelhas,MG,0213,0091,6259,Deputado Federal,6,1310,ADRIANA CRISTINA ARAUJO,PT,13,1,20261004T170623,673443484857634c74706a4a354d4942386176494446744e637961774b554f6a6e323031614c5a463037493d,Totalizado
Águas Vermelhas,MG,0213,0091,6259,Deputado Federal,6,1313,ROGERIO CORREIA DE MOURA BAPTISTA,PT,13,1,20261004T170623,673443484857634c74706a4a354d4942386176494446744e637961774b554f6a6e323031614c5a463037493d,Totalizado
Águas Vermelhas,MG,0213,0091,6259,Deputado Federal,6,1331,ANA ELISA SANTOS SILVA,PT,13,1,20261004T170623,673443484857634c74706a4a354d4942386176494446744e637961774b554f6a6e323031614c5a463037493d,Totalizado
Águas Vermelhas,MG,0213,0091,6259,Deputado Federal,6,1334,DANDARA TONANTZIN SILVA CASTRO,PT,13,1,20261004T170623,673443484857634c74706a4a354d4942386176494446744e637961774b554f6a6e323031614c5a463037493d,Totalizado
Águas Vermelhas,MG,0213,0091,6259,Deputado Federal,6,1511,GILBERTO REZENDE SOBRINHO,MDB,15,1,20261004T170623,673443484857634c74706a4a354d4942386176494446744e637961774b554f6a6e323031614c5a463037493d,Totalizado
Águas Vermelhas,MG,0213,0091,6259,Deputado Federal,6,4001,ELIANE JOANA SANTIAGO,PSB,40,1,20261004T170623,673443484857634c74706a4a354d4942386176494446744e637961774b554f6a6e323031614c5a463037493d,Totalizado
Águas Vermelhas,MG,0213,0091,6259,Deputado Federal,6,4099,ITAMAR PEREIRA FAUSTINO,PSB,40,1,20261004T170623,673443484857634c74706a4a354d4942386176494446744e637961774b554f6a6e323031614c5a463037493d,Totalizado
Águas Vermelhas,MG,0213,0091,6259,Deputado Federal,6,4350,LOHANNA SOUZA FRANÇA MOREIRA DE OLIVEIRA,PV,43,1,20261004T170623,673443484857634c74706a4a354d4942386176494446744e637961774b554f6a6e323031614c5a463037493d,Totalizado
Águas Vermelhas,MG,0213,0091,6259,Deputado Federal,6,7012,JUNIA CELIA DE MEDEIROS,AVANTE,70,1,20261004T170623,673443484857634c74706a4a354d4942386176494446744e637961774b554f6a6e323031614c5a463037493d,Totalizado
Águas Vermelhas,MG,0213,0091,6259,Deputado Federal,6,7024,RILTON RAMOS HILDEBRANDO,AVANTE,70,1,20261004T170623,673443484857634c74706a4a354d4942386176494446744e637961774b554f6a6e323031614c5a463037493d,Totalizado
Águas Vermelhas,MG,0213,0092,6259,Deputado Federal,6,1234,MARIO LUCIO HERINGER,PDT,12,72,20261004T171142,594a57597232484155756778726c506c553237614f726d66564172386c6275476d314d52447757585363633d,Totalizado
Águas Vermelhas,MG,0213,0092,6259,Deputado Federal,6,2270,GREYCE DE QUEIROZ ELIAS,PL,22,32,20261004T171142,594a57597232484155756778726c506c553237614f726d66564172386c6275476d314d52447757585363633d,Totalizado
Águas Vermelhas,MG,0213,0092,6259,Deputado Federal,6,1339,MIGUEL ANGELO MONTEIRO ANDRADE,PT,13,15,20261004T171142,594a57597232484155756778726c506c553237614f726d66564172386c6275476d314d52447757585363633d,Totalizado
Águas Vermelhas,MG,0213,0092,6259,Deputado Federal,6,1010,GILBERTO APARECIDO ABRAMO,REPUBLICANOS,10,13,20261004T171142,594a57597232484155756778726c506c553237614f726d66564172386c6275476d314d52447757585363633d,Totalizado
Águas Vermelhas,MG,0213,0092,6259,Deputado Federal,6,1315,JOAO CARLOS SIQUEIRA,PT,13,10,20261004T171142,594a57597232484155756778726c506c553237614f726d66564172386c6275476d314d52447757585363633d,Totalizado
Águas Vermelhas,MG,0213,0092,6259,Deputado Federal,6,2000,IGOR DE ALVARENGA OLIVEIRA ICASSATTI ROJAS,PODE,20,10,20261004T171142,594a57597232484155756778726c506c553237614f726d66564172386c6275476d314d52447757585363633d,Totalizado
Águas Vermelhas,MG,0213,0092,6259,Deputado Federal,6,2222,NIKOLAS FERREIRA DE OLIVEIRA,PL,22,10,20261004T171142,594a57597232484155756778726c506c553237614f726d66564172386c6275476d314d52447757585363633d,Totalizado
Águas Vermelhas,MG,0213,0092,6259,Deputado Federal,6,1510,NEWTON CARDOSO JUNIOR,MDB,15,8,20261004T171142,594a57597232484155756778726c506c553237614f726d66564172386c6275476d314d52447757585363633d,Totalizado
Águas Vermelhas,MG,0213,0092,6259,Deputado Federal,6,1331,ANA ELISA SANTOS SILVA,PT,13,2,20261004T171142,594a57597232484155756778726c506c553237614f726d66564172386c6275476d314d52447757585363633d,Totalizado
Águas Vermelhas,MG,0213,0092,6259,Deputado Federal,6,7012,JUNIA CELIA DE MEDEIROS,AVANTE,70,2,20261004T171142,594a57597232484155756778726c506c553237614f726d66564172386c6275476d314d52447757585363633d,Totalizado
Águas Vermelhas,MG,0213,0092,6259,Deputado Federal,6,1023,DANIELA DE CASSIA LINHARES,REPUBLICANOS,10,1,20261004T171142,594a57597232484155756778726c506c553237614f726d66564172386c6275476d314d52447757585363633d,Totalizado
Águas Vermelhas,MG,0213,0092,6259,Deputado Federal,6,1210,EDNA DIAS SANTOS,PDT,12,1,20261004T171142,594a57597232484155756778726c506c553237614f726d66564172386c6275476d314d52447757585363633d,Totalizado
Águas Vermelhas,MG,0213,0092,6259,Deputado Federal,6,1239,CESAR ANTONIO PEREIRA,PDT,12,1,20261004T171142,594a57597232484155756778726c506c553237614f726d66564172386c6275476d314d52447757585363633d,Totalizado
Águas Vermelhas,MG,0213,0092,6259,Deputado Federal,6,1300,PEDRO FARAH ROUSSEFF,PT,13,1,20261004T171142,594a57597232484155756778726c506c553237614f726d66564172386c6275476d314d52447757585363633d,Totalizado
Águas Vermelhas,MG,0213,0092,6259,Deputado Federal,6,1307,GLEIDE ANDRADE DE OLIVEIRA,PT,13,1,20261004T171142,594a57597232484155756778726c506c553237614f726d66564172386c6275476d314d52447757585363633d,Totalizado
Águas Vermelhas,MG,0213,0092,6259,Deputado Federal,6,1313,ROGERIO CORREIA DE MOURA BAPTISTA,PT,13,1,20261004T171142,594a57597232484155756778726c506c553237614f726d66564172386c6275476d314d52447757585363633d,Totalizado
Águas Vermelhas,MG,0213,0092,6259,Deputado Federal,6,1551,MARIA DORILEIA DA SILVA,MDB,15,1,20261004T171142,594a57597232484155756778726c506c553237614f726d66564172386c6275476d314d52447757585363633d,Totalizado
Águas Vermelhas,MG,0213,0092,6259,Deputado Federal,6,2020,NELI PEREIRA DE AQUINO,PODE,20,1,20261004T171142,594a57597232484155756778726c506c553237614f726d66564172386c6275476d314d52447757585363633d,Totalizado
Águas Vermelhas,MG,0213,0092,6259,Deputado Federal,6,2046,TALES MARCELO ALVES,PODE,20,1,20261004T171142,594a57597232484155756778726c506c553237614f726d66564172386c6275476d314d52447757585363633d,Totalizado
Águas Vermelhas,MG,0213,0092,6259,Deputado Federal,6,2277,EROS FERREIRA BIONDINI,PL,22,1,20261004T171142,594a57597232484155756778726c506c553237614f726d66564172386c6275476d314d52447757585363633d,Totalizado
Águas Vermelhas,MG,0213,0092,6259,Deputado Federal,6,4099,ITAMAR PEREIRA FAUSTINO,PSB,40,1,20261004T171142,594a57597232484155756778726c506c553237614f726d66564172386c6275476d314d52447757585363633d,Totalizado
Águas Vermelhas,MG,0213,0092,6259,Deputado Federal,6,4350,LOHANNA SOUZA FRANÇA MOREIRA DE OLIVEIRA,PV,43,1,20261004T171142,594a57597232484155756778726c506c553237614f726d66564172386c6275476d314d52447757585363633d,Totalizado
Águas Vermelhas,MG,0213,0092,6259,Deputado Federal,6,7024,RILTON RAMOS HILDEBRANDO,AVANTE,70,1,20261004T171142,594a57597232484155756778726c506c553237614f726d66564172386c6275476d314d52447757585363633d,Totalizado
Águas Vermelhas,MG,0213,0093,6259,Deputado Federal,6,1234,MARIO LUCIO HERINGER,PDT,12,50,20261004T170347,7a43493868526e646a753331326965453352316c3179326d4f3848654934534b5a583962454b4433514e733d,Totalizado
Águas Vermelhas,MG,0213,0093,6259,Deputado Federal,6,2270,GREYCE DE QUEIROZ ELIAS,PL,22,38,20261004T170347,7a43493868526e646a753331326965453352316c3179326d4f3848654934534b5a583962454b4433514e733d,Totalizado
Águas Vermelhas,MG,0213,0093,6259,Deputado Federal,6,1339,MIGUEL ANGELO MONTEIRO ANDRADE,PT,13,16,20261004T170347,7a43493868526e646a753331326965453352316c3179326d4f3848654934534b5a583962454b4433514e733d,Totalizado
Águas Vermelhas,MG,0213,0093,6259,Deputado Federal,6,1010,GILBERTO APARECIDO ABRAMO,REPUBLICANOS,10,15,20261004T170347,7a43493868526e646a753331326965453352316c3179326d4f3848654934534b5a583962454b4433514e733d,Totalizado
Águas Vermelhas,MG,0213,0093,6259,Deputado Federal,6,2222,NIKOLAS FERREIRA DE OLIVEIRA,PL,22,12,20261004T170347,7a43493868526e646a753331326965453352316c3179326d4f3848654934534b5a583962454b4433514e733d,Totalizado
Águas Vermelhas,MG,0213,0093,6259,Deputado Federal,6,2000,IGOR DE ALVARENGA OLIVEIRA ICASSATTI ROJAS,PODE,20,9,20261004T170347,7a43493868526e646a753331326965453352316c3179326d4f3848654934534b5a583962454b4433514e733d,Totalizado
Águas Vermelhas,MG,0213,0093,6259,Deputado Federal,6,1510,NEWTON CARDOSO JUNIOR,MDB,15,5,20261004T170347,7a43493868526e646a753331326965453352316c3179326d4f3848654934534b5a583962454b4433514e733d,Totalizado
Águas Vermelhas,MG,0213,0093,6259,Deputado Federal,6,1315,JOAO CARLOS SIQUEIRA,PT,13,4,20261004T170347,7a43493868526e646a753331326965453352316c3179326d4f3848654934534b5a583962454b4433514e733d,Totalizado
Águas Vermelhas,MG,0213,0093,6259,Deputado Federal,6,2020,NELI PEREIRA DE AQUINO,PODE,20,4,20261004T170347,7a43493868526e646a753331326965453352316c3179326d4f3848654934534b5a583962454b4433514e733d,Totalizado
Águas Vermelhas,MG,0213,0093,6259,Deputado Federal,6,4350,LOHANNA SOUZA FRANÇA MOREIRA DE OLIVEIRA,PV,43,4,20261004T170347,7a43493868526e646a753331326965453352316c3179326d4f3848654934534b5a583962454b4433514e733d,Totalizado
Águas Vermelhas,MG,0213,0093,6259,Deputado Federal,6,1331,ANA ELISA SANTOS SILVA,PT,13,3,20261004T170347,7a43493868526e646a753331326965453352316c3179326d4f3848654934534b5a583962454b4433514e733d,Totalizado
Águas Vermelhas,MG,0213,0093,6259,Deputado Federal,6,1313,ROGERIO CORREIA DE MOURA BAPTISTA,PT,13,2,20261004T170347,7a43493868526e646a753331326965453352316c3179326d4f3848654934534b5a583962454b4433514e733d,Totalizado
Águas Vermelhas,MG,0213,0093,6259,Deputado Federal,6,1813,ANDRE LUIS GASPAR JANONES,REDE,18,2,20261004T170347,7a43493868526e646a753331326965453352316c3179326d4f3848654934534b5a583962454b4433514e733d,Totalizado
Águas Vermelhas,MG,0213,0093,6259,Deputado Federal,6,1178,FERNANDO PEREIRA DA SILVA,PP,11,1,20261004T170347,7a43493868526e646a753331326965453352316c3179326d4f3848654934534b5a583962454b4433514e733d,Totalizado
Águas Vermelhas,MG,0213,0093,6259,Deputado Federal,6,2046,TALES MARCELO ALVES,PODE,20,1,20261004T170347,7a43493868526e646a753331326965453352316c3179326d4f3848654934534b5a583962454b4433514e733d,Totalizado
Águas Vermelhas,MG,0213,0093,6259,Deputado Federal,6,2234,IRLAN CHAVES DE OLIVEIRA MELO,PL,22,1,20261004T170347,7a43493868526e646a753331326965453352316c3179326d4f3848654934534b5a583962454b4433514e733d,Totalizado
Águas Vermelhas,MG,0213,0093,6259,Deputado Federal,6,4080,LUIZ FERNANDO ALVES,PSB,40,1,20261004T170347,7a43493868526e646a753331326965453352316c3179326d4f3848654934534b5a583962454b4433514e733d,Totalizado
Águas Vermelhas,MG,0213,0093,6259,Deputado Federal,6,4433,SAMUEL JOSÉ RODRIGUES DE VIANA,UNIÃO,44,1,20261004T170347,7a43493868526e646a753331326965453352316c3179326d4f3848654934534b5a583962454b4433514e733d,Totalizado
Águas Vermelhas,MG,0213,0093,6259,Deputado Federal,6,4444,MARCELO EDUARDO FREITAS,UNIÃO,44,1,20261004T170347,7a43493868526e646a753331326965453352316c3179326d4f3848654934534b5a583962454b4433514e733d,Totalizado
Águas Vermelhas,MG,0213,0093,6259,Deputado Federal,6,4477,JOSÉ SILVA SOARES,UNIÃO,44,1,20261004T170347,7a43493868526e646a753331326965453352316c3179326d4f3848654934534b5a583962454b4433514e733d,Totalizado
Águas Vermelhas,MG,0213,0093,6259,Deputado Federal,6,7012,JUNIA CELIA DE MEDEIROS,AVANTE,70,1,20261004T170347,7a43493868526e646a753331326965453352316c3179326d4f3848654934534b5a583962454b4433514e733d,Totalizado
Águas Vermelhas,MG,0213,0093,6259,Deputado Federal,6,7077,IGOR MASCARENHAS ETO,AVANTE,70,1,20261004T170347,7a43493868526e646a753331326965453352316c3179326d4f3848654934534b5a583962454b4433514e733d,Totalizado
Águas Vermelhas,MG,0213,0094,6259,Deputado Federal,6,1234,MARIO LUCIO HERINGER,PDT,12,66,20261004T171442,30737648666d7243586e726e4f66645252445a7a6379373942793878623768774b61736c636b436f7346493d,Totalizado
Águas Vermelhas,MG,0213,0094,6259,Deputado Federal,6,2270,GREYCE DE QUEIROZ ELIAS,PL,22,54,20261004T171442,30737648666d7243586e726e4f66645252445a7a6379373942793878623768774b61736c636b436f7346493d,Totalizado
Águas Vermelhas,MG,0213,0094,6259,Deputado Federal,6,2222,NIKOLAS FERREIRA DE OLIVEIRA,PL,22,17,20261004T171442,30737648666d7243586e726e4f66645252445a7a6379373942793878623768774b61736c636b436f7346493d,Totalizado
Águas Vermelhas,MG,0213,0094,6259,Deputado Federal,6,1010,GILBERTO APARECIDO ABRAMO,REPUBLICANOS,10,15,20261004T171442,30737648666d7243586e726e4f66645252445a7a6379373942793878623768774b61736c636b436f7346493d,Totalizado
Águas Vermelhas,MG,0213,0094,6259,Deputado Federal,6,2000,IGOR DE ALVARENGA OLIVEIRA ICASSATTI ROJAS,PODE,20,12,20261004T171442,30737648666d7243586e726e4f66645252445a7a6379373942793878623768774b61736c636b436f7346493d,Totalizado
Águas Vermelhas,MG,0213,0094,6259,Deputado Federal,6,1510,NEWTON CARDOSO JUNIOR,MDB,15,11,20261004T171442,30737648666d7243586e726e4f66645252445a7a6379373942793878623768774b61736c636b436f7346493d,Totalizado
Águas Vermelhas,MG,0213,0094,6259,Deputado Federal,6,1339,MIGUEL ANGELO MONTEIRO ANDRADE,PT,13,9,20261004T171442,30737648666d7243586e726e4f66645252445a7a6379373942793878623768774b61736c636b436f7346493d,Totalizado
Águas Vermelhas,MG,0213,0094,6259,Deputado Federal,6,1315,JOAO CARLOS SIQUEIRA,PT,13,8,20261004T171442,30737648666d7243586e726e4f66645252445a7a6379373942793878623768774b61736c636b436f7346493d,Totalizado
Águas Vermelhas,MG,0213,0094,6259,Deputado Federal,6,1331,ANA ELISA SANTOS SILVA,PT,13,6,20261004T171442,30737648666d7243586e726e4f66645252445a7a6379373942793878623768774b61736c636b436f7346493d,Totalizado
Águas Vermelhas,MG,0213,0094,6259,Deputado Federal,6,1313,ROGERIO CORREIA DE MOURA BAPTISTA,PT,13,3,20261004T171442,30737648666d7243586e726e4f66645252445a7a6379373942793878623768774b61736c636b436f7346493d,Totalizado
Águas Vermelhas,MG,0213,0094,6259,Deputado Federal,6,1813,ANDRE LUIS GASPAR JANONES,REDE,18,2,20261004T171442,30737648666d7243586e726e4f66645252445a7a6379373942793878623768774b61736c636b436f7346493d,Totalizado
Águas Vermelhas,MG,0213,0094,6259,Deputado Federal,6,1000,GLEIDSON GONTIJO AZEVEDO,REPUBLICANOS,10,1,20261004T171442,30737648666d7243586e726e4f66645252445a7a6379373942793878623768774b61736c636b436f7346493d,Totalizado
Águas Vermelhas,MG,0213,0094,6259,Deputado Federal,6,1100,MOACIR MARTINS DA COSTA JUNIOR,PP,11,1,20261004T171442,30737648666d7243586e726e4f66645252445a7a6379373942793878623768774b61736c636b436f7346493d,Totalizado
Águas Vermelhas,MG,0213,0094,6259,Deputado Federal,6,1210,EDNA DIAS SANTOS,PDT,12,1,20261004T171442,30737648666d7243586e726e4f66645252445a7a6379373942793878623768774b61736c636b436f7346493d,Totalizado
Águas Vermelhas,MG,0213,0094,6259,Deputado Federal,6,1231,JACQUELINE CALIXTO BARBOSA DE JESUS,PDT,12,1,20261004T171442,30737648666d7243586e726e4f66645252445a7a6379373942793878623768774b61736c636b436f7346493d,Totalizado
Águas Vermelhas,MG,0213,0094,6259,Deputado Federal,6,1237,JOSENI AGANETTI DUARTE,PDT,12,1,20261004T171442,30737648666d7243586e726e4f66645252445a7a6379373942793878623768774b61736c636b436f7346493d,Totalizado
Águas Vermelhas,MG,0213,0094,6259,Deputado Federal,6,1404,JULIANA RIOS MONTEIRO,MISSÃO,14,1,20261004T171442,30737648666d7243586e726e4f66645252445a7a6379373942793878623768774b61736c636b436f7346493d,Totalizado
Águas Vermelhas,MG,0213,0094,6259,Deputado Federal,6,2070,HUGO CARLOS RODRIGUES,PODE,20,1,20261004T171442,30737648666d7243586e726e4f66645252445a7a6379373942793878623768774b61736c636b436f7346493d,Totalizado
Águas Vermelhas,MG,0213,0094,6259,Deputado Federal,6,4350,LOHANNA SOUZA FRANÇA MOREIRA DE OLIVEIRA,PV,43,1,20261004T171442,30737648666d7243586e726e4f66645252445a7a6379373942793878623768774b61736c636b436f7346493d,Totalizado
Águas Vermelhas,MG,0213,0094,6259,Deputado Federal,6,5050,DUDA SALABERT,PSOL,50,1,20261004T171442,30737648666d7243586e726e4f66645252445a7a6379373942793878623768774b61736c636b436f7346493d,Totalizado
Águas Vermelhas,MG,0213,0094,6259,Deputado Federal,6,7012,JUNIA CELIA DE MEDEIROS,AVANTE,70,1,20261004T171442,30737648666d7243586e726e4f66645252445a7a6379373942793878623768774b61736c636b436f7346493d,Totalizado
Águas Vermelhas,MG,0213,0094,6259,Deputado Federal,6,7024,RILTON RAMOS HILDEBRANDO,AVANTE,70,1,20261004T171442,30737648666d7243586e726e4f66645252445a7a6379373942793878623768774b61736c636b436f7346493d,Totalizado
Águas Vermelhas,MG,0213,0095,6259,Deputado Federal,6,2270,GREYCE DE QUEIROZ ELIAS,PL,22,134,20261004T191327,504149424456704a2b6c2d77475439454c627631626d466a4f452b39493346344f57386b2d68762d5351593d,Totalizado
Águas Vermelhas,MG,0213,0095,6259,Deputado Federal,6,1510,NEWTON CARDOSO JUNIOR,MDB,15,27,20261004T191327,504149424456704a2b6c2d77475439454c627631626d466a4f452b39493346344f57386b2d68762d5351593d,Totalizado
Águas Vermelhas,MG,0213,0095,6259,Deputado Federal,6,2222,NIKOLAS FERREIRA DE OLIVEIRA,PL,22,20,20261004T191327,504149424456704a2b6c2d77475439454c627631626d466a4f452b39493346344f57386b2d68762d5351593d,Totalizado
Águas Vermelhas,MG,0213,0095,6259,Deputado Federal,6,1315,JOAO CARLOS SIQUEIRA,PT,13,18,20261004T191327,504149424456704a2b6c2d77475439454c627631626d466a4f452b39493346344f57386b2d68762d5351593d,Totalizado
Águas Vermelhas,MG,0213,0095,6259,Deputado Federal,6,1331,ANA ELISA SANTOS SILVA,PT,13,4,20261004T191327,504149424456704a2b6c2d77475439454c627631626d466a4f452b39493346344f57386b2d68762d5351593d,Totalizado
Águas Vermelhas,MG,0213,0095,6259,Deputado Federal,6,1363,JOSE LEONARDO COSTA MONTEIRO,PT,13,4,20261004T191327,504149424456704a2b6c2d77475439454c627631626d466a4f452b39493346344f57386b2d68762d5351593d,Totalizado
Águas Vermelhas,MG,0213,0095,6259,Deputado Federal,6,1123,LUCIANA DE OLIVEIRA RAMPI,PP,11,3,20261004T191327,504149424456704a2b6c2d77475439454c627631626d466a4f452b39493346344f57386b2d68762d5351593d,Totalizado
Águas Vermelhas,MG,0213,0095,6259,Deputado Federal,6,1339,MIGUEL ANGELO MONTEIRO ANDRADE,PT,13,3,20261004T191327,504149424456704a2b6c2d77475439454c627631626d466a4f452b39493346344f57386b2d68762d5351593d,Totalizado
Águas Vermelhas,MG,0213,0095,6259,Deputado Federal,6,1010,GILBERTO APARECIDO ABRAMO,REPUBLICANOS,10,2,20261004T191327,504149424456704a2b6c2d77475439454c627631626d466a4f452b39493346344f57386b2d68762d5351593d,Totalizado
Águas Vermelhas,MG,0213,0095,6259,Deputado Federal,6,1378,PAULO JOSE CARLOS GUEDES,PT,13,2,20261004T191327,504149424456704a2b6c2d77475439454c627631626d466a4f452b39493346344f57386b2d68762d5351593d,Totalizado
Águas Vermelhas,MG,0213,0095,6259,Deputado Federal,6,2278,ANDRE NUNES COSTA,PL,22,2,20261004T191327,504149424456704a2b6c2d77475439454c627631626d466a4f452b39493346344f57386b2d68762d5351593d,Totalizado
Águas Vermelhas,MG,0213,0095,6259,Deputado Federal,6,1178,FERNANDO PEREIRA DA SILVA,PP,11,1,20261004T191327,504149424456704a2b6c2d77475439454c627631626d466a4f452b39493346344f57386b2d68762d5351593d,Totalizado
Águas Vermelhas,MG,0213,0095,6259,Deputado Federal,6,1234,MARIO LUCIO HERINGER,PDT,12,1,20261004T191327,504149424456704a2b6c2d77475439454c627631626d466a4f452b39493346344f57386b2d68762d5351593d,Totalizado
Águas Vermelhas,MG,0213,0095,6259,Deputado Federal,6,1311,EDINALDO SOARES DE SOUZA,PT,13,1,20261004T191327,504149424456704a2b6c2d77475439454c627631626d466a4f452b39493346344f57386b2d68762d5351593d,Totalizado
Águas Vermelhas,MG,0213,0095,6259,Deputado Federal,6,1512,MILTON PEREIRA DA CRUZ JUNIOR,MDB,15,1,20261004T191327,504149424456704a2b6c2d77475439454c627631626d466a4f452b39493346344f57386b2d68762d5351593d,Totalizado
Águas Vermelhas,MG,0213,0095,6259,Deputado Federal,6,2234,IRLAN CHAVES DE OLIVEIRA MELO,PL,22,1,20261004T191327,504149424456704a2b6c2d77475439454c627631626d466a4f452b39493346344f57386b2d68762d5351593d,Totalizado
Águas Vermelhas,MG,0213,0095,6259,Deputado Federal,6,2250,LAFAYETTE LUIZ DOORGAL DE ANDRADA,PL,22,1,20261004T191327,504149424456704a2b6c2d77475439454c627631626d466a4f452b39493346344f57386b2d68762d5351593d,Totalizado
Águas Vermelhas,MG,0213,0095,6259,Deputado Federal,6,7777,PEDRO HENRIQUE SOARES BRAGA,SOLIDARIEDADE,77,1,20261004T191327,504149424456704a2b6c2d77475439454c627631626d466a4f452b39493346344f57386b2d68762d5351593d,Totalizado
Águas Vermelhas,MG,0213,0096,6259,Deputado Federal,6,2270,GREYCE DE QUEIROZ ELIAS,PL,22,145,20261004T191542,4f4975386f486f52762b795454433861774c66377066575a48317979476e543956324548314c637a37664d3d,Totalizado
Águas Vermelhas,MG,0213,0096,6259,Deputado Federal,6,1510,NEWTON CARDOSO JUNIOR,MDB,15,24,20261004T191542,4f4975386f486f52762b795454433861774c66377066575a48317979476e543956324548314c637a37664d3d,Totalizado
Águas Vermelhas,MG,0213,0096,6259,Deputado Federal,6,1315,JOAO CARLOS SIQUEIRA,PT,13,20,20261004T191542,4f4975386f486f52762b795454433861774c66377066575a48317979476e543956324548314c637a37664d3d,Totalizado
Águas Vermelhas,MG,0213,0096,6259,Deputado Federal,6,2222,NIKOLAS FERREIRA DE OLIVEIRA,PL,22,19,20261004T191542,4f4975386f486f52762b795454433861774c66377066575a48317979476e543956324548314c637a37664d3d,Totalizado
Águas Vermelhas,MG,0213,0096,6259,Deputado Federal,6,1339,MIGUEL ANGELO MONTEIRO ANDRADE,PT,13,7,20261004T191542,4f4975386f486f52762b795454433861774c66377066575a48317979476e543956324548314c637a37664d3d,Totalizado
Águas Vermelhas,MG,0213,0096,6259,Deputado Federal,6,4477,JOSÉ SILVA SOARES,UNIÃO,44,3,20261004T191542,4f4975386f486f52762b795454433861774c66377066575a48317979476e543956324548314c637a37664d3d,Totalizado
Águas Vermelhas,MG,0213,0096,6259,Deputado Federal,6,1010,GILBERTO APARECIDO ABRAMO,REPUBLICANOS,10,2,20261004T191542,4f4975386f486f52762b795454433861774c66377066575a48317979476e543956324548314c637a37664d3d,Totalizado
Águas Vermelhas,MG,0213,0096,6259,Deputado Federal,6,1331,ANA ELISA SANTOS SILVA,PT,13,2,20261004T191542,4f4975386f486f52762b795454433861774c66377066575a48317979476e543956324548314c637a37664d3d,Totalizado
Águas Vermelhas,MG,0213,0096,6259,Deputado Federal,6,1813,ANDRE LUIS GASPAR JANONES,REDE,18,2,20261004T191542,4f4975386f486f52762b795454433861774c66377066575a48317979476e543956324548314c637a37664d3d,Totalizado
Águas Vermelhas,MG,0213,0096,6259,Deputado Federal,6,1122,ANTÔNIO PINHEIRO NETO,PP,11,1,20261004T191542,4f4975386f486f52762b795454433861774c66377066575a48317979476e543956324548314c637a37664d3d,Totalizado
Águas Vermelhas,MG,0213,0096,6259,Deputado Federal,6,1211,RICARDO MARUM FILHO,PDT,12,1,20261004T191542,4f4975386f486f52762b795454433861774c66377066575a48317979476e543956324548314c637a37664d3d,Totalizado
Águas Vermelhas,MG,0213,0096,6259,Deputado Federal,6,1213,WALDINEI CHICARELI DE ANDRADE,PDT,12,1,20261004T191542,4f4975386f486f52762b795454433861774c66377066575a48317979476e543956324548314c637a37664d3d,Totalizado
Águas Vermelhas,MG,0213,0096,6259,Deputado Federal,6,1234,MARIO LUCIO HERINGER,PDT,12,1,20261004T191542,4f4975386f486f52762b795454433861774c66377066575a48317979476e543956324548314c637a37664d3d,Totalizado
Águas Vermelhas,MG,0213,0096,6259,Deputado Federal,6,1300,PEDRO FARAH ROUSSEFF,PT,13,1,20261004T191542,4f4975386f486f52762b795454433861774c66377066575a48317979476e543956324548314c637a37664d3d,Totalizado
Águas Vermelhas,MG,0213,0096,6259,Deputado Federal,6,1363,JOSE LEONARDO COSTA MONTEIRO,PT,13,1,20261004T191542,4f4975386f486f52762b795454433861774c66377066575a48317979476e543956324548314c637a37664d3d,Totalizado
Águas Vermelhas,MG,0213,0096,6259,Deputado Federal,6,1512,MILTON PEREIRA DA CRUZ JUNIOR,MDB,15,1,20261004T191542,4f4975386f486f52762b795454433861774c66377066575a48317979476e543956324548314c637a37664d3d,Totalizado
Águas Vermelhas,MG,0213,0096,6259,Deputado Federal,6,2204,RODRIGO RODRIGUES TAVARES,PL,22,1,20261004T191542,4f4975386f486f52762b795454433861774c66377066575a48317979476e543956324548314c637a37664d3d,Totalizado
Águas Vermelhas,MG,0213,0096,6259,Deputado Federal,6,2210,MAURICIO LUIZ DE SOUZA,PL,22,1,20261004T191542,4f4975386f486f52762b795454433861774c66377066575a48317979476e543956324548314c637a37664d3d,Totalizado
Águas Vermelhas,MG,0213,0096,6259,Deputado Federal,6,2211,WILI DOS SANTOS,PL,22,1,20261004T191542,4f4975386f486f52762b795454433861774c66377066575a48317979476e543956324548314c637a37664d3d,Totalizado
Águas Vermelhas,MG,0213,0096,6259,Deputado Federal,6,2223,FARLEY FREDERICO DE OLIVEIRA SOUZA,PL,22,1,20261004T191542,4f4975386f486f52762b795454433861774c66377066575a48317979476e543956324548314c637a37664d3d,Totalizado
Águas Vermelhas,MG,0213,0096,6259,Deputado Federal,6,2227,IGOR PEREIRA DOS SANTOS,PL,22,1,20261004T191542,4f4975386f486f52762b795454433861774c66377066575a48317979476e543956324548314c637a37664d3d,Totalizado
Águas Vermelhas,MG,0213,0096,6259,Deputado Federal,6,2278,ANDRE NUNES COSTA,PL,22,1,20261004T191542,4f4975386f486f52762b795454433861774c66377066575a48317979476e543956324548314c637a37664d3d,Totalizado
Águas Vermelhas,MG,0213,0096,6259,Deputado Federal,6,4350,LOHANNA SOUZA FRANÇA MOREIRA DE OLIVEIRA,PV,43,1,20261004T191542,4f4975386f486f52762b795454433861774c66377066575a48317979476e543956324548314c637a37664d3d,Totalizado
Águas Vermelhas,MG,0213,0096,6259,Deputado Federal,6,4444,MARCELO EDUARDO FREITAS,UNIÃO,44,1,20261004T191542,4f4975386f486f52762b795454433861774c66377066575a48317979476e543956324548314c637a37664d3d,Totalizado
Águas Vermelhas,MG,0213,0097,6259,Deputado Federal,6,2270,GREYCE DE QUEIROZ ELIAS,PL,22,190,20261004T185409,6e594571664d6e507072494c45517443334e32763377386a657746513679484632796973456c6a667767383d,Totalizado
Águas Vermelhas,MG,0213,0097,6259,Deputado Federal,6,1315,JOAO CARLOS SIQUEIRA,PT,13,11,20261004T185409,6e594571664d6e507072494c45517443334e32763377386a657746513679484632796973456c6a667767383d,Totalizado
Águas Vermelhas,MG,0213,0097,6259,Deputado Federal,6,2222,NIKOLAS FERREIRA DE OLIVEIRA,PL,22,9,20261004T185409,6e594571664d6e507072494c45517443334e32763377386a657746513679484632796973456c6a667767383d,Totalizado
Águas Vermelhas,MG,0213,0097,6259,Deputado Federal,6,1510,NEWTON CARDOSO JUNIOR,MDB,15,6,20261004T185409,6e594571664d6e507072494c45517443334e32763377386a657746513679484632796973456c6a667767383d,Totalizado
Águas Vermelhas,MG,0213,0097,6259,Deputado Federal,6,1234,MARIO LUCIO HERINGER,PDT,12,5,20261004T185409,6e594571664d6e507072494c45517443334e32763377386a657746513679484632796973456c6a667767383d,Totalizado
Águas Vermelhas,MG,0213,0097,6259,Deputado Federal,6,1331,ANA ELISA SANTOS SILVA,PT,13,2,20261004T185409,6e594571664d6e507072494c45517443334e32763377386a657746513679484632796973456c6a667767383d,Totalizado
Águas Vermelhas,MG,0213,0097,6259,Deputado Federal,6,1010,GILBERTO APARECIDO ABRAMO,REPUBLICANOS,10,1,20261004T185409,6e594571664d6e507072494c45517443334e32763377386a657746513679484632796973456c6a667767383d,Totalizado
Águas Vermelhas,MG,0213,0097,6259,Deputado Federal,6,1170,CELSO ROBERTO VAZ,PP,11,1,20261004T185409,6e594571664d6e507072494c45517443334e32763377386a657746513679484632796973456c6a667767383d,Totalizado
Águas Vermelhas,MG,0213,0097,6259,Deputado Federal,6,1230,LILIANE FRANCA DA SILVA,PDT,12,1,20261004T185409,6e594571664d6e507072494c45517443334e32763377386a657746513679484632796973456c6a667767383d,Totalizado
Águas Vermelhas,MG,0213,0097,6259,Deputado Federal,6,1300,PEDRO FARAH ROUSSEFF,PT,13,1,20261004T185409,6e594571664d6e507072494c45517443334e32763377386a657746513679484632796973456c6a667767383d,Totalizado
Águas Vermelhas,MG,0213,0097,6259,Deputado Federal,6,1313,ROGERIO CORREIA DE MOURA BAPTISTA,PT,13,1,20261004T185409,6e594571664d6e507072494c45517443334e32763377386a657746513679484632796973456c6a667767383d,Totalizado
Águas Vermelhas,MG,0213,0097,6259,Deputado Federal,6,1363,JOSE LEONARDO COSTA MONTEIRO,PT,13,1,20261004T185409,6e594571664d6e507072494c45517443334e32763377386a657746513679484632796973456c6a667767383d,Totalizado
Águas Vermelhas,MG,0213,0097,6259,Deputado Federal,6,2227,IGOR PEREIRA DOS SANTOS,PL,22,1,20261004T185409,6e594571664d6e507072494c45517443334e32763377386a657746513679484632796973456c6a667767383d,Totalizado
Águas Vermelhas,MG,0213,0097,6259,Deputado Federal,6,2256,REGINALDO FERREIRA TIAGO,PL,22,1,20261004T185409,6e594571664d6e507072494c45517443334e32763377386a657746513679484632796973456c6a667767383d,Totalizado
Águas Vermelhas,MG,0213,0097,6259,Deputado Federal,6,4444,MARCELO EDUARDO FREITAS,UNIÃO,44,1,20261004T185409,6e594571664d6e507072494c45517443334e32763377386a657746513679484632796973456c6a667767383d,Totalizado
Águas Vermelhas,MG,0213,0097,6259,Deputado Federal,6,5010,CRISTIANE PAULA MARQUES DE CARVALHO NUNES,PSOL,50,1,20261004T185409,6e594571664d6e507072494c45517443334e32763377386a657746513679484632796973456c6a667767383d,Totalizado
Águas Vermelhas,MG,0213,0097,6259,Deputado Federal,6,7077,IGOR MASCARENHAS ETO,AVANTE,70,1,20261004T185409,6e594571664d6e507072494c45517443334e32763377386a657746513679484632796973456c6a667767383d,Totalizado
Águas Vermelhas,MG,0213,0098,6259,Deputado Federal,6,2270,GREYCE DE QUEIROZ ELIAS,PL,22,185,20261004T184029,56496245624437644a316d307553753033714c474c635768365274587153467a636963754a5763513146493d,Totalizado
Águas Vermelhas,MG,0213,0098,6259,Deputado Federal,6,2222,NIKOLAS FERREIRA DE OLIVEIRA,PL,22,13,20261004T184029,56496245624437644a316d307553753033714c474c635768365274587153467a636963754a5763513146493d,Totalizado
Águas Vermelhas,MG,0213,0098,6259,Deputado Federal,6,1315,JOAO CARLOS SIQUEIRA,PT,13,7,20261004T184029,56496245624437644a316d307553753033714c474c635768365274587153467a636963754a5763513146493d,Totalizado
Águas Vermelhas,MG,0213,0098,6259,Deputado Federal,6,1510,NEWTON CARDOSO JUNIOR,MDB,15,7,20261004T184029,56496245624437644a316d307553753033714c474c635768365274587153467a636963754a5763513146493d,Totalizado
Águas Vermelhas,MG,0213,0098,6259,Deputado Federal,6,1010,GILBERTO APARECIDO ABRAMO,REPUBLICANOS,10,4,20261004T184029,56496245624437644a316d307553753033714c474c635768365274587153467a636963754a5763513146493d,Totalizado
Águas Vermelhas,MG,0213,0098,6259,Deputado Federal,6,1234,MARIO LUCIO HERINGER,PDT,12,3,20261004T184029,56496245624437644a316d307553753033714c474c635768365274587153467a636963754a5763513146493d,Totalizado
Águas Vermelhas,MG,0213,0098,6259,Deputado Federal,6,1178,FERNANDO PEREIRA DA SILVA,PP,11,1,20261004T184029,56496245624437644a316d307553753033714c474c635768365274587153467a636963754a5763513146493d,Totalizado
Águas Vermelhas,MG,0213,0098,6259,Deputado Federal,6,1312,REGINALDO LAZARO DE OLIVEIRA LOPES,PT,13,1,20261004T184029,56496245624437644a316d307553753033714c474c635768365274587153467a636963754a5763513146493d,Totalizado
Águas Vermelhas,MG,0213,0098,6259,Deputado Federal,6,1313,ROGERIO CORREIA DE MOURA BAPTISTA,PT,13,1,20261004T184029,56496245624437644a316d307553753033714c474c635768365274587153467a636963754a5763513146493d,Totalizado
Águas Vermelhas,MG,0213,0098,6259,Deputado Federal,6,1331,ANA ELISA SANTOS SILVA,PT,13,1,20261004T184029,56496245624437644a316d307553753033714c474c635768365274587153467a636963754a5763513146493d,Totalizado
Águas Vermelhas,MG,0213,0098,6259,Deputado Federal,6,1378,PAULO JOSE CARLOS GUEDES,PT,13,1,20261004T184029,56496245624437644a316d307553753033714c474c635768365274587153467a636963754a5763513146493d,Totalizado
Águas Vermelhas,MG,0213,0098,6259,Deputado Federal,6,1813,ANDRE LUIS GASPAR JANONES,REDE,18,1,20261004T184029,56496245624437644a316d307553753033714c474c635768365274587153467a636963754a5763513146493d,Totalizado
Águas Vermelhas,MG,0213,0098,6259,Deputado Federal,6,2227,IGOR PEREIRA DOS SANTOS,PL,22,1,20261004T184029,56496245624437644a316d307553753033714c474c635768365274587153467a636963754a5763513146493d,Totalizado
Águas Vermelhas,MG,0213,0098,6259,Deputado Federal,6,2236,FABIANO LOPES FERREIRA CAZECA,PL,22,1,20261004T184029,56496245624437644a316d307553753033714c474c635768365274587153467a636963754a5763513146493d,Totalizado
Águas Vermelhas,MG,0213,0098,6259,Deputado Federal,6,2278,ANDRE NUNES COSTA,PL,22,1,20261004T184029,56496245624437644a316d307553753033714c474c635768365274587153467a636963754a5763513146493d,Totalizado
Águas Vermelhas,MG,0213,0098,6259,Deputado Federal,6,2770,RICARDO EDUARDO GOMES,DC,27,1,20261004T184029,56496245624437644a316d307553753033714c474c635768365274587153467a636963754a5763513146493d,Totalizado
Águas Vermelhas,MG,0213,0098,6259,Deputado Federal,6,4477,JOSÉ SILVA SOARES,UNIÃO,44,1,20261004T184029,56496245624437644a316d307553753033714c474c635768365274587153467a636963754a5763513146493d,Totalizado
Águas Vermelhas,MG,0213,0099,6259,Deputado Federal,6,2270,GREYCE DE QUEIROZ ELIAS,PL,22,183,20261004T182910,6465376147743974423854456c554d6e66614654685573456357724744574872427a61462b45564f76326f3d,Totalizado
Águas Vermelhas,MG,0213,0099,6259,Deputado Federal,6,1315,JOAO CARLOS SIQUEIRA,PT,13,18,20261004T182910,6465376147743974423854456c554d6e66614654685573456357724744574872427a61462b45564f76326f3d,Totalizado
Águas Vermelhas,MG,0213,0099,6259,Deputado Federal,6,2222,NIKOLAS FERREIRA DE OLIVEIRA,PL,22,6,20261004T182910,6465376147743974423854456c554d6e66614654685573456357724744574872427a61462b45564f76326f3d,Totalizado
Águas Vermelhas,MG,0213,0099,6259,Deputado Federal,6,1331,ANA ELISA SANTOS SILVA,PT,13,4,20261004T182910,6465376147743974423854456c554d6e66614654685573456357724744574872427a61462b45564f76326f3d,Totalizado
Águas Vermelhas,MG,0213,0099,6259,Deputado Federal,6,1010,GILBERTO APARECIDO ABRAMO,REPUBLICANOS,10,3,20261004T182910,6465376147743974423854456c554d6e66614654685573456357724744574872427a61462b45564f76326f3d,Totalizado
Águas Vermelhas,MG,0213,0099,6259,Deputado Federal,6,1510,NEWTON CARDOSO JUNIOR,MDB,15,3,20261004T182910,6465376147743974423854456c554d6e66614654685573456357724744574872427a61462b45564f76326f3d,Totalizado
Águas Vermelhas,MG,0213,0099,6259,Deputado Federal,6,1813,ANDRE LUIS GASPAR JANONES,REDE,18,2,20261004T182910,6465376147743974423854456c554d6e66614654685573456357724744574872427a61462b45564f76326f3d,Totalizado
Águas Vermelhas,MG,0213,0099,6259,Deputado Federal,6,7024,RILTON RAMOS HILDEBRANDO,AVANTE,70,2,20261004T182910,6465376147743974423854456c554d6e66614654685573456357724744574872427a61462b45564f76326f3d,Totalizado
Águas Vermelhas,MG,0213,0099,6259,Deputado Federal,6,1131,VINICIUS DE RESENDE,PP,11,1,20261004T182910,6465376147743974423854456c554d6e66614654685573456357724744574872427a61462b45564f76326f3d,Totalizado
Águas Vermelhas,MG,0213,0099,6259,Deputado Federal,6,1170,CELSO ROBERTO VAZ,PP,11,1,20261004T182910,6465376147743974423854456c554d6e66614654685573456357724744574872427a61462b45564f76326f3d,Totalizado
Águas Vermelhas,MG,0213,0099,6259,Deputado Federal,6,1178,FERNANDO PEREIRA DA SILVA,PP,11,1,20261004T182910,6465376147743974423854456c554d6e66614654685573456357724744574872427a61462b45564f76326f3d,Totalizado
Águas Vermelhas,MG,0213,0099,6259,Deputado Federal,6,1234,MARIO LUCIO HERINGER,PDT,12,1,20261004T182910,6465376147743974423854456c554d6e66614654685573456357724744574872427a61462b45564f76326f3d,Totalizado
Águas Vermelhas,MG,0213,0099,6259,Deputado Federal,6,1300,PEDRO FARAH ROUSSEFF,PT,13,1,20261004T182910,6465376147743974423854456c554d6e66614654685573456357724744574872427a61462b45564f76326f3d,Totalizado
Águas Vermelhas,MG,0213,0099,6259,Deputado Federal,6,1312,REGINALDO LAZARO DE OLIVEIRA LOPES,PT,13,1,20261004T182910,6465376147743974423854456c554d6e66614654685573456357724744574872427a61462b45564f76326f3d,Totalizado
Águas Vermelhas,MG,0213,0099,6259,Deputado Federal,6,1339,MIGUEL ANGELO MONTEIRO ANDRADE,PT,13,1,20261004T182910,6465376147743974423854456c554d6e66614654685573456357724744574872427a61462b45564f76326f3d,Totalizado
Águas Vermelhas,MG,0213,0099,6259,Deputado Federal,6,1355,MARILDA APARECIDA SIMEAO,PT,13,1,20261004T182910,6465376147743974423854456c554d6e66614654685573456357724744574872427a61462b45564f76326f3d,Totalizado
Águas Vermelhas,MG,0213,0099,6259,Deputado Federal,6,2234,IRLAN CHAVES DE OLIVEIRA MELO,PL,22,1,20261004T182910,6465376147743974423854456c554d6e66614654685573456357724744574872427a61462b45564f76326f3d,Totalizado
Águas Vermelhas,MG,0213,0099,6259,Deputado Federal,6,2236,FABIANO LOPES FERREIRA CAZECA,PL,22,1,20261004T182910,6465376147743974423854456c554d6e66614654685573456357724744574872427a61462b45564f76326f3d,Totalizado
Águas Vermelhas,MG,0213,0099,6259,Deputado Federal,6,2240,EMIDIO ALVES MADEIRA JUNIOR,PL,22,1,20261004T182910,6465376147743974423854456c554d6e66614654685573456357724744574872427a61462b45564f76326f3d,Totalizado
Águas Vermelhas,MG,0213,0099,6259,Deputado Federal,6,2277,EROS FERREIRA BIONDINI,PL,22,1,20261004T182910,6465376147743974423854456c554d6e66614654685573456357724744574872427a61462b45564f76326f3d,Totalizado
Águas Vermelhas,MG,0213,0099,6259,Deputado Federal,6,2533,FREDERICO BORGES DA COSTA,PRD,25,1,20261004T182910,6465376147743974423854456c554d6e66614654685573456357724744574872427a61462b45564f76326f3d,Totalizado
Águas Vermelhas,MG,0213,0100,6259,Deputado Federal,6,2270,GREYCE DE QUEIROZ ELIAS,PL,22,187,20261004T190206,51596258463861582d702d66787858323963726b46623659383053733771526467662b5546616d7a7239383d,Totalizado
Águas Vermelhas,MG,0213,0100,6259,Deputado Federal,6,1315,JOAO CARLOS SIQUEIRA,PT,13,11,20261004T190206,51596258463861582d702d66787858323963726b46623659383053733771526467662b5546616d7a7239383d,Totalizado
Águas Vermelhas,MG,0213,0100,6259,Deputado Federal,6,2222,NIKOLAS FERREIRA DE OLIVEIRA,PL,22,7,20261004T190206,51596258463861582d702d66787858323963726b46623659383053733771526467662b5546616d7a7239383d,Totalizado
Águas Vermelhas,MG,0213,0100,6259,Deputado Federal,6,1234,MARIO LUCIO HERINGER,PDT,12,4,20261004T190206,51596258463861582d702d66787858323963726b46623659383053733771526467662b5546616d7a7239383d,Totalizado
Águas Vermelhas,MG,0213,0100,6259,Deputado Federal,6,1331,ANA ELISA SANTOS SILVA,PT,13,4,20261004T190206,51596258463861582d702d66787858323963726b46623659383053733771526467662b5546616d7a7239383d,Totalizado
Águas Vermelhas,MG,0213,0100,6259,Deputado Federal,6,1510,NEWTON CARDOSO JUNIOR,MDB,15,4,20261004T190206,51596258463861582d702d66787858323963726b46623659383053733771526467662b5546616d7a7239383d,Totalizado
Águas Vermelhas,MG,0213,0100,6259,Deputado Federal,6,1178,FERNANDO PEREIRA DA SILVA,PP,11,3,20261004T190206,51596258463861582d702d66787858323963726b46623659383053733771526467662b5546616d7a7239383d,Totalizado
Águas Vermelhas,MG,0213,0100,6259,Deputado Federal,6,1010,GILBERTO APARECIDO ABRAMO,REPUBLICANOS,10,2,20261004T190206,51596258463861582d702d66787858323963726b46623659383053733771526467662b5546616d7a7239383d,Totalizado
Águas Vermelhas,MG,0213,0100,6259,Deputado Federal,6,1111,DIMAS FABIANO TOLEDO JUNIOR,PP,11,1,20261004T190206,51596258463861582d702d66787858323963726b46623659383053733771526467662b5546616d7a7239383d,Totalizado
Águas Vermelhas,MG,0213,0100,6259,Deputado Federal,6,1123,LUCIANA DE OLIVEIRA RAMPI,PP,11,1,20261004T190206,51596258463861582d702d66787858323963726b46623659383053733771526467662b5546616d7a7239383d,Totalizado
Águas Vermelhas,MG,0213,0100,6259,Deputado Federal,6,1313,ROGERIO CORREIA DE MOURA BAPTISTA,PT,13,1,20261004T190206,51596258463861582d702d66787858323963726b46623659383053733771526467662b5546616d7a7239383d,Totalizado
Águas Vermelhas,MG,0213,0100,6259,Deputado Federal,6,2227,IGOR PEREIRA DOS SANTOS,PL,22,1,20261004T190206,51596258463861582d702d66787858323963726b46623659383053733771526467662b5546616d7a7239383d,Totalizado
Águas Vermelhas,MG,0213,0100,6259,Deputado Federal,6,2277,EROS FERREIRA BIONDINI,PL,22,1,20261004T190206,51596258463861582d702d66787858323963726b46623659383053733771526467662b5546616d7a7239383d,Totalizado
Águas Vermelhas,MG,0213,0100,6259,Deputado Federal,6,2278,ANDRE NUNES COSTA,PL,22,1,20261004T190206,51596258463861582d702d66787858323963726b46623659383053733771526467662b5546616d7a7239383d,Totalizado
Águas Vermelhas,MG,0213,0101,6259,Deputado Federal,6,2270,GREYCE DE QUEIROZ ELIAS,PL,22,201,20261004T180932,2d50734c37475130786131623374542d4c467569392b66394e3734613271786e4f435644574f486e5239553d,Totalizado
Águas Vermelhas,MG,0213,0101,6259,Deputado Federal,6,1315,JOAO CARLOS SIQUEIRA,PT,13,21,20261004T180932,2d50734c37475130786131623374542d4c467569392b66394e3734613271786e4f435644574f486e5239553d,Totalizado
Águas Vermelhas,MG,0213,0101,6259,Deputado Federal,6,2222,NIKOLAS FERREIRA DE OLIVEIRA,PL,22,10,20261004T180932,2d50734c37475130786131623374542d4c467569392b66394e3734613271786e4f435644574f486e5239553d,Totalizado
Águas Vermelhas,MG,0213,0101,6259,Deputado Federal,6,1331,ANA ELISA SANTOS SILVA,PT,13,6,20261004T180932,2d50734c37475130786131623374542d4c467569392b66394e3734613271786e4f435644574f486e5239553d,Totalizado
Águas Vermelhas,MG,0213,0101,6259,Deputado Federal,6,1234,MARIO LUCIO HERINGER,PDT,12,4,20261004T180932,2d50734c37475130786131623374542d4c467569392b66394e3734613271786e4f435644574f486e5239553d,Totalizado
Águas Vermelhas,MG,0213,0101,6259,Deputado Federal,6,1510,NEWTON CARDOSO JUNIOR,MDB,15,4,20261004T180932,2d50734c37475130786131623374542d4c467569392b66394e3734613271786e4f435644574f486e5239553d,Totalizado
Águas Vermelhas,MG,0213,0101,6259,Deputado Federal,6,1010,GILBERTO APARECIDO ABRAMO,REPUBLICANOS,10,3,20261004T180932,2d50734c37475130786131623374542d4c467569392b66394e3734613271786e4f435644574f486e5239553d,Totalizado
Águas Vermelhas,MG,0213,0101,6259,Deputado Federal,6,1312,REGINALDO LAZARO DE OLIVEIRA LOPES,PT,13,2,20261004T180932,2d50734c37475130786131623374542d4c467569392b66394e3734613271786e4f435644574f486e5239553d,Totalizado
Águas Vermelhas,MG,0213,0101,6259,Deputado Federal,6,1111,DIMAS FABIANO TOLEDO JUNIOR,PP,11,1,20261004T180932,2d50734c37475130786131623374542d4c467569392b66394e3734613271786e4f435644574f486e5239553d,Totalizado
Águas Vermelhas,MG,0213,0101,6259,Deputado Federal,6,1311,EDINALDO SOARES DE SOUZA,PT,13,1,20261004T180932,2d50734c37475130786131623374542d4c467569392b66394e3734613271786e4f435644574f486e5239553d,Totalizado
Águas Vermelhas,MG,0213,0101,6259,Deputado Federal,6,1313,ROGERIO CORREIA DE MOURA BAPTISTA,PT,13,1,20261004T180932,2d50734c37475130786131623374542d4c467569392b66394e3734613271786e4f435644574f486e5239553d,Totalizado
Águas Vermelhas,MG,0213,0101,6259,Deputado Federal,6,1314,ANA CRISTINA DE LIMA PIMENTEL,PT,13,1,20261004T180932,2d50734c37475130786131623374542d4c467569392b66394e3734613271786e4f435644574f486e5239553d,Totalizado
Águas Vermelhas,MG,0213,0101,6259,Deputado Federal,6,1339,MIGUEL ANGELO MONTEIRO ANDRADE,PT,13,1,20261004T180932,2d50734c37475130786131623374542d4c467569392b66394e3734613271786e4f435644574f486e5239553d,Totalizado
Águas Vermelhas,MG,0213,0101,6259,Deputado Federal,6,1511,GILBERTO REZENDE SOBRINHO,MDB,15,1,20261004T180932,2d50734c37475130786131623374542d4c467569392b66394e3734613271786e4f435644574f486e5239553d,Totalizado
Águas Vermelhas,MG,0213,0101,6259,Deputado Federal,6,1813,ANDRE LUIS GASPAR JANONES,REDE,18,1,20261004T180932,2d50734c37475130786131623374542d4c467569392b66394e3734613271786e4f435644574f486e5239553d,Totalizado
Águas Vermelhas,MG,0213,0101,6259,Deputado Federal,6,2252,FREDERICO DE CASTRO ESCALEIRA,PL,22,1,20261004T180932,2d50734c37475130786131623374542d4c467569392b66394e3734613271786e4f435644574f486e5239553d,Totalizado
Águas Vermelhas,MG,0213,0101,6259,Deputado Federal,6,2312,EDUARDO DA SILVA SANTOS,CIDADANIA,23,1,20261004T180932,2d50734c37475130786131623374542d4c467569392b66394e3734613271786e4f435644574f486e5239553d,Totalizado
Águas Vermelhas,MG,0213,0101,6259,Deputado Federal,6,5555,DIEGO LEONARDO DE ANDRADE CARVALHO,PSD,55,1,20261004T180932,2d50734c37475130786131623374542d4c467569392b66394e3734613271786e4f435644574f486e5239553d,Totalizado
Águas Vermelhas,MG,0213,0101,6259,Deputado Federal,6,7024,RILTON RAMOS HILDEBRANDO,AVANTE,70,1,20261004T180932,2d50734c37475130786131623374542d4c467569392b66394e3734613271786e4f435644574f486e5239553d,Totalizado
Águas Vermelhas,MG,0213,0104,6259,Deputado Federal,6,2270,GREYCE DE QUEIROZ ELIAS,PL,22,141,20261004T170944,714752734477356c7a5a38456e477355396d4c54622b63627436306458536337644f2b51725950416b4d553d,Totalizado
Águas Vermelhas,MG,0213,0104,6259,Deputado Federal,6,1010,GILBERTO APARECIDO ABRAMO,REPUBLICANOS,10,24,20261004T170944,714752734477356c7a5a38456e477355396d4c54622b63627436306458536337644f2b51725950416b4d553d,Totalizado
Águas Vermelhas,MG,0213,0104,6259,Deputado Federal,6,2222,NIKOLAS FERREIRA DE OLIVEIRA,PL,22,4,20261004T170944,714752734477356c7a5a38456e477355396d4c54622b63627436306458536337644f2b51725950416b4d553d,Totalizado
Águas Vermelhas,MG,0213,0104,6259,Deputado Federal,6,1510,NEWTON CARDOSO JUNIOR,MDB,15,3,20261004T170944,714752734477356c7a5a38456e477355396d4c54622b63627436306458536337644f2b51725950416b4d553d,Totalizado
Águas Vermelhas,MG,0213,0104,6259,Deputado Federal,6,1313,ROGERIO CORREIA DE MOURA BAPTISTA,PT,13,2,20261004T170944,714752734477356c7a5a38456e477355396d4c54622b63627436306458536337644f2b51725950416b4d553d,Totalizado
Águas Vermelhas,MG,0213,0104,6259,Deputado Federal,6,1122,ANTÔNIO PINHEIRO NETO,PP,11,1,20261004T170944,714752734477356c7a5a38456e477355396d4c54622b63627436306458536337644f2b51725950416b4d553d,Totalizado
Águas Vermelhas,MG,0213,0104,6259,Deputado Federal,6,1123,LUCIANA DE OLIVEIRA RAMPI,PP,11,1,20261004T170944,714752734477356c7a5a38456e477355396d4c54622b63627436306458536337644f2b51725950416b4d553d,Totalizado
Águas Vermelhas,MG,0213,0104,6259,Deputado Federal,6,1178,FERNANDO PEREIRA DA SILVA,PP,11,1,20261004T170944,714752734477356c7a5a38456e477355396d4c54622b63627436306458536337644f2b51725950416b4d553d,Totalizado
Águas Vermelhas,MG,0213,0104,6259,Deputado Federal,6,1208,RODRIGO DA SILVA REIS,PDT,12,1,20261004T170944,714752734477356c7a5a38456e477355396d4c54622b63627436306458536337644f2b51725950416b4d553d,Totalizado
Águas Vermelhas,MG,0213,0104,6259,Deputado Federal,6,1230,LILIANE FRANCA DA SILVA,PDT,12,1,20261004T170944,714752734477356c7a5a38456e477355396d4c54622b63627436306458536337644f2b51725950416b4d553d,Totalizado
Águas Vermelhas,MG,0213,0104,6259,Deputado Federal,6,1231,JACQUELINE CALIXTO BARBOSA DE JESUS,PDT,12,1,20261004T170944,714752734477356c7a5a38456e477355396d4c54622b63627436306458536337644f2b51725950416b4d553d,Totalizado
Águas Vermelhas,MG,0213,0104,6259,Deputado Federal,6,1234,MARIO LUCIO HERINGER,PDT,12,1,20261004T170944,714752734477356c7a5a38456e477355396d4c54622b63627436306458536337644f2b51725950416b4d553d,Totalizado
Águas Vermelhas,MG,0213,0104,6259,Deputado Federal,6,1331,ANA ELISA SANTOS SILVA,PT,13,1,20261004T170944,714752734477356c7a5a38456e477355396d4c54622b63627436306458536337644f2b51725950416b4d553d,Totalizado
Águas Vermelhas,MG,0213,0104,6259,Deputado Federal,6,1339,MIGUEL ANGELO MONTEIRO ANDRADE,PT,13,1,20261004T170944,714752734477356c7a5a38456e477355396d4c54622b63627436306458536337644f2b51725950416b4d553d,Totalizado
Águas Vermelhas,MG,0213,0104,6259,Deputado Federal,6,1515,PAULO EDUARDO ROCHA BRANT,MDB,15,1,20261004T170944,714752734477356c7a5a38456e477355396d4c54622b63627436306458536337644f2b51725950416b4d553d,Totalizado
Águas Vermelhas,MG,0213,0104,6259,Deputado Federal,6,1813,ANDRE LUIS GASPAR JANONES,REDE,18,1,20261004T170944,714752734477356c7a5a38456e477355396d4c54622b63627436306458536337644f2b51725950416b4d553d,Totalizado
Águas Vermelhas,MG,0213,0104,6259,Deputado Federal,6,2230,GLAUCIA MARIA SANTIAGO RODRIGUES,PL,22,1,20261004T170944,714752734477356c7a5a38456e477355396d4c54622b63627436306458536337644f2b51725950416b4d553d,Totalizado
Águas Vermelhas,MG,0213,0104,6259,Deputado Federal,6,2278,ANDRE NUNES COSTA,PL,22,1,20261004T170944,714752734477356c7a5a38456e477355396d4c54622b63627436306458536337644f2b51725950416b4d553d,Totalizado
Águas Vermelhas,MG,0213,0107,6259,Deputado Federal,6,2270,GREYCE DE QUEIROZ ELIAS,PL,22,149,20261004T183932,773367597946417034676b5269466d726a47796965497a6e70442d4c57574e69746759696c4c53313177453d,Totalizado
Águas Vermelhas,MG,0213,0107,6259,Deputado Federal,6,2222,NIKOLAS FERREIRA DE OLIVEIRA,PL,22,25,20261004T183932,773367597946417034676b5269466d726a47796965497a6e70442d4c57574e69746759696c4c53313177453d,Totalizado
Águas Vermelhas,MG,0213,0107,6259,Deputado Federal,6,1315,JOAO CARLOS SIQUEIRA,PT,13,24,20261004T183932,773367597946417034676b5269466d726a47796965497a6e70442d4c57574e69746759696c4c53313177453d,Totalizado
Águas Vermelhas,MG,0213,0107,6259,Deputado Federal,6,1510,NEWTON CARDOSO JUNIOR,MDB,15,15,20261004T183932,773367597946417034676b5269466d726a47796965497a6e70442d4c57574e69746759696c4c53313177453d,Totalizado
Águas Vermelhas,MG,0213,0107,6259,Deputado Federal,6,1339,MIGUEL ANGELO MONTEIRO ANDRADE,PT,13,9,20261004T183932,773367597946417034676b5269466d726a47796965497a6e70442d4c57574e69746759696c4c53313177453d,Totalizado
Águas Vermelhas,MG,0213,0107,6259,Deputado Federal,6,1010,GILBERTO APARECIDO ABRAMO,REPUBLICANOS,10,5,20261004T183932,773367597946417034676b5269466d726a47796965497a6e70442d4c57574e69746759696c4c53313177453d,Totalizado
Águas Vermelhas,MG,0213,0107,6259,Deputado Federal,6,4477,JOSÉ SILVA SOARES,UNIÃO,44,3,20261004T183932,773367597946417034676b5269466d726a47796965497a6e70442d4c57574e69746759696c4c53313177453d,Totalizado
Águas Vermelhas,MG,0213,0107,6259,Deputado Federal,6,1122,ANTÔNIO PINHEIRO NETO,PP,11,2,20261004T183932,773367597946417034676b5269466d726a47796965497a6e70442d4c57574e69746759696c4c53313177453d,Totalizado
Águas Vermelhas,MG,0213,0107,6259,Deputado Federal,6,1234,MARIO LUCIO HERINGER,PDT,12,2,20261004T183932,773367597946417034676b5269466d726a47796965497a6e70442d4c57574e69746759696c4c53313177453d,Totalizado
Águas Vermelhas,MG,0213,0107,6259,Deputado Federal,6,1331,ANA ELISA SANTOS SILVA,PT,13,2,20261004T183932,773367597946417034676b5269466d726a47796965497a6e70442d4c57574e69746759696c4c53313177453d,Totalizado
Águas Vermelhas,MG,0213,0107,6259,Deputado Federal,6,1363,JOSE LEONARDO COSTA MONTEIRO,PT,13,2,20261004T183932,773367597946417034676b5269466d726a47796965497a6e70442d4c57574e69746759696c4c53313177453d,Totalizado
Águas Vermelhas,MG,0213,0107,6259,Deputado Federal,6,2277,EROS FERREIRA BIONDINI,PL,22,2,20261004T183932,773367597946417034676b5269466d726a47796965497a6e70442d4c57574e69746759696c4c53313177453d,Totalizado
Águas Vermelhas,MG,0213,0107,6259,Deputado Federal,6,1000,GLEIDSON GONTIJO AZEVEDO,REPUBLICANOS,10,1,20261004T183932,773367597946417034676b5269466d726a47796965497a6e70442d4c57574e69746759696c4c53313177453d,Totalizado
Águas Vermelhas,MG,0213,0107,6259,Deputado Federal,6,1378,PAULO JOSE CARLOS GUEDES,PT,13,1,20261004T183932,773367597946417034676b5269466d726a47796965497a6e70442d4c57574e69746759696c4c53313177453d,Totalizado
Águas Vermelhas,MG,0213,0107,6259,Deputado Federal,6,1390,ISABELLA GONÇALVES MIRANDA,PT,13,1,20261004T183932,773367597946417034676b5269466d726a47796965497a6e70442d4c57574e69746759696c4c53313177453d,Totalizado
Águas Vermelhas,MG,0213,0107,6259,Deputado Federal,6,2000,IGOR DE ALVARENGA OLIVEIRA ICASSATTI ROJAS,PODE,20,1,20261004T183932,773367597946417034676b5269466d726a47796965497a6e70442d4c57574e69746759696c4c53313177453d,Totalizado
Águas Vermelhas,MG,0213,0107,6259,Deputado Federal,6,2234,IRLAN CHAVES DE OLIVEIRA MELO,PL,22,1,20261004T183932,773367597946417034676b5269466d726a47796965497a6e70442d4c57574e69746759696c4c53313177453d,Totalizado
Águas Vermelhas,MG,0213,0107,6259,Deputado Federal,6,2250,LAFAYETTE LUIZ DOORGAL DE ANDRADA,PL,22,1,20261004T183932,773367597946417034676b5269466d726a47796965497a6e70442d4c57574e69746759696c4c53313177453d,Totalizado
Águas Vermelhas,MG,0213,0107,6259,Deputado Federal,6,4545,PAULO ABI-ACKEL,PSDB,45,1,20261004T183932,773367597946417034676b5269466d726a47796965497a6e70442d4c57574e69746759696c4c53313177453d,Totalizado
Águas Vermelhas,MG,0213,0110,6259,Deputado Federal,6,2270,GREYCE DE QUEIROZ ELIAS,PL,22,190,20261004T181106,7a336355712d6a4d686541304e755834654e70557579636946634e42444571534c46414650744d3650734d3d,Totalizado
Águas Vermelhas,MG,0213,0110,6259,Deputado Federal,6,1315,JOAO CARLOS SIQUEIRA,PT,13,22,20261004T181106,7a336355712d6a4d686541304e755834654e70557579636946634e42444571534c46414650744d3650734d3d,Totalizado
Águas Vermelhas,MG,0213,0110,6259,Deputado Federal,6,2222,NIKOLAS FERREIRA DE OLIVEIRA,PL,22,15,20261004T181106,7a336355712d6a4d686541304e755834654e70557579636946634e42444571534c46414650744d3650734d3d,Totalizado
Águas Vermelhas,MG,0213,0110,6259,Deputado Federal,6,1234,MARIO LUCIO HERINGER,PDT,12,6,20261004T181106,7a336355712d6a4d686541304e755834654e70557579636946634e42444571534c46414650744d3650734d3d,Totalizado
Águas Vermelhas,MG,0213,0110,6259,Deputado Federal,6,1510,NEWTON CARDOSO JUNIOR,MDB,15,6,20261004T181106,7a336355712d6a4d686541304e755834654e70557579636946634e42444571534c46414650744d3650734d3d,Totalizado
Águas Vermelhas,MG,0213,0110,6259,Deputado Federal,6,1010,GILBERTO APARECIDO ABRAMO,REPUBLICANOS,10,3,20261004T181106,7a336355712d6a4d686541304e755834654e70557579636946634e42444571534c46414650744d3650734d3d,Totalizado
Águas Vermelhas,MG,0213,0110,6259,Deputado Federal,6,1331,ANA ELISA SANTOS SILVA,PT,13,3,20261004T181106,7a336355712d6a4d686541304e755834654e70557579636946634e42444571534c46414650744d3650734d3d,Totalizado
Águas Vermelhas,MG,0213,0110,6259,Deputado Federal,6,1122,ANTÔNIO PINHEIRO NETO,PP,11,2,20261004T181106,7a336355712d6a4d686541304e755834654e70557579636946634e42444571534c46414650744d3650734d3d,Totalizado
Águas Vermelhas,MG,0213,0110,6259,Deputado Federal,6,1312,REGINALDO LAZARO DE OLIVEIRA LOPES,PT,13,2,20261004T181106,7a336355712d6a4d686541304e755834654e70557579636946634e42444571534c46414650744d3650734d3d,Totalizado
Águas Vermelhas,MG,0213,0110,6259,Deputado Federal,6,7077,IGOR MASCARENHAS ETO,AVANTE,70,2,20261004T181106,7a336355712d6a4d686541304e755834654e70557579636946634e42444571534c46414650744d3650734d3d,Totalizado
Águas Vermelhas,MG,0213,0110,6259,Deputado Federal,6,1313,ROGERIO CORREIA DE MOURA BAPTISTA,PT,13,1,20261004T181106,7a336355712d6a4d686541304e755834654e70557579636946634e42444571534c46414650744d3650734d3d,Totalizado
Águas Vermelhas,MG,0213,0110,6259,Deputado Federal,6,1334,DANDARA TONANTZIN SILVA CASTRO,PT,13,1,20261004T181106,7a336355712d6a4d686541304e755834654e70557579636946634e42444571534c46414650744d3650734d3d,Totalizado
Águas Vermelhas,MG,0213,0110,6259,Deputado Federal,6,1390,ISABELLA GONÇALVES MIRANDA,PT,13,1,20261004T181106,7a336355712d6a4d686541304e755834654e70557579636946634e42444571534c46414650744d3650734d3d,Totalizado
Águas Vermelhas,MG,0213,0110,6259,Deputado Federal,6,1813,ANDRE LUIS GASPAR JANONES,REDE,18,1,20261004T181106,7a336355712d6a4d686541304e755834654e70557579636946634e42444571534c46414650744d3650734d3d,Totalizado
Águas Vermelhas,MG,0213,0110,6259,Deputado Federal,6,2000,IGOR DE ALVARENGA OLIVEIRA ICASSATTI ROJAS,PODE,20,1,20261004T181106,7a336355712d6a4d686541304e755834654e70557579636946634e42444571534c46414650744d3650734d3d,Totalizado
Águas Vermelhas,MG,0213,0110,6259,Deputado Federal,6,2236,FABIANO LOPES FERREIRA CAZECA,PL,22,1,20261004T181106,7a336355712d6a4d686541304e755834654e70557579636946634e42444571534c46414650744d3650734d3d,Totalizado
Águas Vermelhas,MG,0213,0120,6259,Deputado Federal,6,1234,MARIO LUCIO HERINGER,PDT,12,102,20261004T171030,514336746a594f613547426e77693973644b2d497579365a626577436d4f57314b417a4853734f71302d673d,Totalizado
Águas Vermelhas,MG,0213,0120,6259,Deputado Federal,6,2222,NIKOLAS FERREIRA DE OLIVEIRA,PL,22,21,20261004T171030,514336746a594f613547426e77693973644b2d497579365a626577436d4f57314b417a4853734f71302d673d,Totalizado
Águas Vermelhas,MG,0213,0120,6259,Deputado Federal,6,1378,PAULO JOSE CARLOS GUEDES,PT,13,18,20261004T171030,514336746a594f613547426e77693973644b2d497579365a626577436d4f57314b417a4853734f71302d673d,Totalizado
Águas Vermelhas,MG,0213,0120,6259,Deputado Federal,6,1510,NEWTON CARDOSO JUNIOR,MDB,15,15,20261004T171030,514336746a594f613547426e77693973644b2d497579365a626577436d4f57314b417a4853734f71302d673d,Totalizado
Águas Vermelhas,MG,0213,0120,6259,Deputado Federal,6,1010,GILBERTO APARECIDO ABRAMO,REPUBLICANOS,10,14,20261004T171030,514336746a594f613547426e77693973644b2d497579365a626577436d4f57314b417a4853734f71302d673d,Totalizado
Águas Vermelhas,MG,0213,0120,6259,Deputado Federal,6,1331,ANA ELISA SANTOS SILVA,PT,13,13,20261004T171030,514336746a594f613547426e77693973644b2d497579365a626577436d4f57314b417a4853734f71302d673d,Totalizado
Águas Vermelhas,MG,0213,0120,6259,Deputado Federal,6,7077,IGOR MASCARENHAS ETO,AVANTE,70,11,20261004T171030,514336746a594f613547426e77693973644b2d497579365a626577436d4f57314b417a4853734f71302d673d,Totalizado
Águas Vermelhas,MG,0213,0120,6259,Deputado Federal,6,1363,JOSE LEONARDO COSTA MONTEIRO,PT,13,6,20261004T171030,514336746a594f613547426e77693973644b2d497579365a626577436d4f57314b417a4853734f71302d673d,Totalizado
Águas Vermelhas,MG,0213,0120,6259,Deputado Federal,6,1339,MIGUEL ANGELO MONTEIRO ANDRADE,PT,13,5,20261004T171030,514336746a594f613547426e77693973644b2d497579365a626577436d4f57314b417a4853734f71302d673d,Totalizado
Águas Vermelhas,MG,0213,0120,6259,Deputado Federal,6,2270,GREYCE DE QUEIROZ ELIAS,PL,22,5,20261004T171030,514336746a594f613547426e77693973644b2d497579365a626577436d4f57314b417a4853734f71302d673d,Totalizado
Águas Vermelhas,MG,0213,0120,6259,Deputado Federal,6,1813,ANDRE LUIS GASPAR JANONES,REDE,18,3,20261004T171030,514336746a594f613547426e77693973644b2d497579365a626577436d4f57314b417a4853734f71302d673d,Totalizado
Águas Vermelhas,MG,0213,0120,6259,Deputado Federal,6,4444,MARCELO EDUARDO FREITAS,UNIÃO,44,3,20261004T171030,514336746a594f613547426e77693973644b2d497579365a626577436d4f57314b417a4853734f71302d673d,Totalizado
Águas Vermelhas,MG,0213,0120,6259,Deputado Federal,6,1077,BRUNO SOUZA FARIAS,REPUBLICANOS,10,2,20261004T171030,514336746a594f613547426e77693973644b2d497579365a626577436d4f57314b417a4853734f71302d673d,Totalizado
Águas Vermelhas,MG,0213,0120,6259,Deputado Federal,6,1231,JACQUELINE CALIXTO BARBOSA DE JESUS,PDT,12,2,20261004T171030,514336746a594f613547426e77693973644b2d497579365a626577436d4f57314b417a4853734f71302d673d,Totalizado
Águas Vermelhas,MG,0213,0120,6259,Deputado Federal,6,1315,JOAO CARLOS SIQUEIRA,PT,13,2,20261004T171030,514336746a594f613547426e77693973644b2d497579365a626577436d4f57314b417a4853734f71302d673d,Totalizado
Águas Vermelhas,MG,0213,0120,6259,Deputado Federal,6,1089,EDUARDO COSENTINO DA CUNHA,REPUBLICANOS,10,1,20261004T171030,514336746a594f613547426e77693973644b2d497579365a626577436d4f57314b417a4853734f71302d673d,Totalizado
Águas Vermelhas,MG,0213,0120,6259,Deputado Federal,6,1222,BRUNO GATTI BAVUZO COELHO PEREIRA,PDT,12,1,20261004T171030,514336746a594f613547426e77693973644b2d497579365a626577436d4f57314b417a4853734f71302d673d,Totalizado
Águas Vermelhas,MG,0213,0120,6259,Deputado Federal,6,1237,JOSENI AGANETTI DUARTE,PDT,12,1,20261004T171030,514336746a594f613547426e77693973644b2d497579365a626577436d4f57314b417a4853734f71302d673d,Totalizado
Águas Vermelhas,MG,0213,0120,6259,Deputado Federal,6,1300,PEDRO FARAH ROUSSEFF,PT,13,1,20261004T171030,514336746a594f613547426e77693973644b2d497579365a626577436d4f57314b417a4853734f71302d673d,Totalizado
Águas Vermelhas,MG,0213,0120,6259,Deputado Federal,6,1312,REGINALDO LAZARO DE OLIVEIRA LOPES,PT,13,1,20261004T171030,514336746a594f613547426e77693973644b2d497579365a626577436d4f57314b417a4853734f71302d673d,Totalizado
Águas Vermelhas,MG,0213,0120,6259,Deputado Federal,6,1334,DANDARA TONANTZIN SILVA CASTRO,PT,13,1,20261004T171030,514336746a594f613547426e77693973644b2d497579365a626577436d4f57314b417a4853734f71302d673d,Totalizado
Águas Vermelhas,MG,0213,0120,6259,Deputado Federal,6,2070,HUGO CARLOS RODRIGUES,PODE,20,1,20261004T171030,514336746a594f613547426e77693973644b2d497579365a626577436d4f57314b417a4853734f71302d673d,Totalizado
Águas Vermelhas,MG,0213,0120,6259,Deputado Federal,6,2090,PEDRO HENRIQUE VELOSO CUNHA,PODE,20,1,20261004T171030,514336746a594f613547426e77693973644b2d497579365a626577436d4f57314b417a4853734f71302d673d,Totalizado
Águas Vermelhas,MG,0213,0120,6259,Deputado Federal,6,2210,MAURICIO LUIZ DE SOUZA,PL,22,1,20261004T171030,514336746a594f613547426e77693973644b2d497579365a626577436d4f57314b417a4853734f71302d673d,Totalizado
Águas Vermelhas,MG,0213,0120,6259,Deputado Federal,6,2221,CAROLINE FIGUEIREDO COSTA,PL,22,1,20261004T171030,514336746a594f613547426e77693973644b2d497579365a626577436d4f57314b417a4853734f71302d673d,Totalizado
Águas Vermelhas,MG,0213,0120,6259,Deputado Federal,6,2277,EROS FERREIRA BIONDINI,PL,22,1,20261004T171030,514336746a594f613547426e77693973644b2d497579365a626577436d4f57314b417a4853734f71302d673d,Totalizado
Águas Vermelhas,MG,0213,0120,6259,Deputado Federal,6,3007,MÁRCIO ALMEIDA BERNARDINO,NOVO,30,1,20261004T171030,514336746a594f613547426e77693973644b2d497579365a626577436d4f57314b417a4853734f71302d673d,Totalizado
Águas Vermelhas,MG,0213,0120,6259,Deputado Federal,6,4310,CLAYSON FELIZOLA DOS REIS,PV,43,1,20261004T171030,514336746a594f613547426e77693973644b2d497579365a626577436d4f57314b417a4853734f71302d673d,Totalizado
Águas Vermelhas,MG,0213,0120,6259,Deputado Federal,6,4350,LOHANNA SOUZA FRANÇA MOREIRA DE OLIVEIRA,PV,43,1,20261004T171030,514336746a594f613547426e77693973644b2d497579365a626577436d4f57314b417a4853734f71302d673d,Totalizado
Águas Vermelhas,MG,0213,0128,6259,Deputado Federal,6,1234,MARIO LUCIO HERINGER,PDT,12,76,20261004T172915,70334d5a4436665579585433424e5244493549634f6c774b5262706e4142502d7559436e4530746a4654343d,Totalizado
Águas Vermelhas,MG,0213,0128,6259,Deputado Federal,6,2222,NIKOLAS FERREIRA DE OLIVEIRA,PL,22,37,20261004T172915,70334d5a4436665579585433424e5244493549634f6c774b5262706e4142502d7559436e4530746a4654343d,Totalizado
Águas Vermelhas,MG,0213,0128,6259,Deputado Federal,6,1510,NEWTON CARDOSO JUNIOR,MDB,15,16,20261004T172915,70334d5a4436665579585433424e5244493549634f6c774b5262706e4142502d7559436e4530746a4654343d,Totalizado
Águas Vermelhas,MG,0213,0128,6259,Deputado Federal,6,1010,GILBERTO APARECIDO ABRAMO,REPUBLICANOS,10,13,20261004T172915,70334d5a4436665579585433424e5244493549634f6c774b5262706e4142502d7559436e4530746a4654343d,Totalizado
Águas Vermelhas,MG,0213,0128,6259,Deputado Federal,6,1331,ANA ELISA SANTOS SILVA,PT,13,13,20261004T172915,70334d5a4436665579585433424e5244493549634f6c774b5262706e4142502d7559436e4530746a4654343d,Totalizado
Águas Vermelhas,MG,0213,0128,6259,Deputado Federal,6,7077,IGOR MASCARENHAS ETO,AVANTE,70,12,20261004T172915,70334d5a4436665579585433424e5244493549634f6c774b5262706e4142502d7559436e4530746a4654343d,Totalizado
Águas Vermelhas,MG,0213,0128,6259,Deputado Federal,6,1339,MIGUEL ANGELO MONTEIRO ANDRADE,PT,13,8,20261004T172915,70334d5a4436665579585433424e5244493549634f6c774b5262706e4142502d7559436e4530746a4654343d,Totalizado
Águas Vermelhas,MG,0213,0128,6259,Deputado Federal,6,1378,PAULO JOSE CARLOS GUEDES,PT,13,8,20261004T172915,70334d5a4436665579585433424e5244493549634f6c774b5262706e4142502d7559436e4530746a4654343d,Totalizado
Águas Vermelhas,MG,0213,0128,6259,Deputado Federal,6,1077,BRUNO SOUZA FARIAS,REPUBLICANOS,10,6,20261004T172915,70334d5a4436665579585433424e5244493549634f6c774b5262706e4142502d7559436e4530746a4654343d,Totalizado
Águas Vermelhas,MG,0213,0128,6259,Deputado Federal,6,1363,JOSE LEONARDO COSTA MONTEIRO,PT,13,4,20261004T172915,70334d5a4436665579585433424e5244493549634f6c774b5262706e4142502d7559436e4530746a4654343d,Totalizado
Águas Vermelhas,MG,0213,0128,6259,Deputado Federal,6,1123,LUCIANA DE OLIVEIRA RAMPI,PP,11,2,20261004T172915,70334d5a4436665579585433424e5244493549634f6c774b5262706e4142502d7559436e4530746a4654343d,Totalizado
Águas Vermelhas,MG,0213,0128,6259,Deputado Federal,6,1312,REGINALDO LAZARO DE OLIVEIRA LOPES,PT,13,2,20261004T172915,70334d5a4436665579585433424e5244493549634f6c774b5262706e4142502d7559436e4530746a4654343d,Totalizado
Águas Vermelhas,MG,0213,0128,6259,Deputado Federal,6,1313,ROGERIO CORREIA DE MOURA BAPTISTA,PT,13,2,20261004T172915,70334d5a4436665579585433424e5244493549634f6c774b5262706e4142502d7559436e4530746a4654343d,Totalizado
Águas Vermelhas,MG,0213,0128,6259,Deputado Federal,6,1315,JOAO CARLOS SIQUEIRA,PT,13,2,20261004T172915,70334d5a4436665579585433424e5244493549634f6c774b5262706e4142502d7559436e4530746a4654343d,Totalizado
Águas Vermelhas,MG,0213,0128,6259,Deputado Federal,6,1813,ANDRE LUIS GASPAR JANONES,REDE,18,2,20261004T172915,70334d5a4436665579585433424e5244493549634f6c774b5262706e4142502d7559436e4530746a4654343d,Totalizado
Águas Vermelhas,MG,0213,0128,6259,Deputado Federal,6,2256,REGINALDO FERREIRA TIAGO,PL,22,2,20261004T172915,70334d5a4436665579585433424e5244493549634f6c774b5262706e4142502d7559436e4530746a4654343d,Totalizado
Águas Vermelhas,MG,0213,0128,6259,Deputado Federal,6,2270,GREYCE DE QUEIROZ ELIAS,PL,22,2,20261004T172915,70334d5a4436665579585433424e5244493549634f6c774b5262706e4142502d7559436e4530746a4654343d,Totalizado
Águas Vermelhas,MG,0213,0128,6259,Deputado Federal,6,1018,DULCE JOANE SOUSA MONTE,REPUBLICANOS,10,1,20261004T172915,70334d5a4436665579585433424e5244493549634f6c774b5262706e4142502d7559436e4530746a4654343d,Totalizado
Águas Vermelhas,MG,0213,0128,6259,Deputado Federal,6,1111,DIMAS FABIANO TOLEDO JUNIOR,PP,11,1,20261004T172915,70334d5a4436665579585433424e5244493549634f6c774b5262706e4142502d7559436e4530746a4654343d,Totalizado
Águas Vermelhas,MG,0213,0128,6259,Deputado Federal,6,1345,JOAQUIM FLORISVALDO TEÓFILO,PT,13,1,20261004T172915,70334d5a4436665579585433424e5244493549634f6c774b5262706e4142502d7559436e4530746a4654343d,Totalizado
Águas Vermelhas,MG,0213,0128,6259,Deputado Federal,6,1390,ISABELLA GONÇALVES MIRANDA,PT,13,1,20261004T172915,70334d5a4436665579585433424e5244493549634f6c774b5262706e4142502d7559436e4530746a4654343d,Totalizado
Águas Vermelhas,MG,0213,0128,6259,Deputado Federal,6,2252,FREDERICO DE CASTRO ESCALEIRA,PL,22,1,20261004T172915,70334d5a4436665579585433424e5244493549634f6c774b5262706e4142502d7559436e4530746a4654343d,Totalizado
Águas Vermelhas,MG,0213,0128,6259,Deputado Federal,6,4003,MAYKON HENRIQUE DELFINO BORGES CRUZ,PSB,40,1,20261004T172915,70334d5a4436665579585433424e5244493549634f6c774b5262706e4142502d7559436e4530746a4654343d,Totalizado
Águas Vermelhas,MG,0213,0128,6259,Deputado Federal,6,4099,ITAMAR PEREIRA FAUSTINO,PSB,40,1,20261004T172915,70334d5a4436665579585433424e5244493549634f6c774b5262706e4142502d7559436e4530746a4654343d,Totalizado
Águas Vermelhas,MG,0213,0128,6259,Deputado Federal,6,4433,SAMUEL JOSÉ RODRIGUES DE VIANA,UNIÃO,44,1,20261004T172915,70334d5a4436665579585433424e5244493549634f6c774b5262706e4142502d7559436e4530746a4654343d,Totalizado
Águas Vermelhas,MG,0213,0128,6259,Deputado Federal,6,4444,MARCELO EDUARDO FREITAS,UNIÃO,44,1,20261004T172915,70334d5a4436665579585433424e5244493549634f6c774b5262706e4142502d7559436e4530746a4654343d,Totalizado
Águas Vermelhas,MG,0213,0128,6259,Deputado Federal,6,7007,KAIO LUCIO BAHIA,AVANTE,70,1,20261004T172915,70334d5a4436665579585433424e5244493549634f6c774b5262706e4142502d7559436e4530746a4654343d,Totalizado
Águas Vermelhas,MG,0213,0134,6259,Deputado Federal,6,2270,GREYCE DE QUEIROZ ELIAS,PL,22,172,20261004T173115,6d3967476439514f395233456d533536474e736a6c4a4f64485357576e76694758766c4b6f635146376b303d,Totalizado
Águas Vermelhas,MG,0213,0134,6259,Deputado Federal,6,2222,NIKOLAS FERREIRA DE OLIVEIRA,PL,22,22,20261004T173115,6d3967476439514f395233456d533536474e736a6c4a4f64485357576e76694758766c4b6f635146376b303d,Totalizado
Águas Vermelhas,MG,0213,0134,6259,Deputado Federal,6,1315,JOAO CARLOS SIQUEIRA,PT,13,14,20261004T173115,6d3967476439514f395233456d533536474e736a6c4a4f64485357576e76694758766c4b6f635146376b303d,Totalizado
Águas Vermelhas,MG,0213,0134,6259,Deputado Federal,6,1010,GILBERTO APARECIDO ABRAMO,REPUBLICANOS,10,7,20261004T173115,6d3967476439514f395233456d533536474e736a6c4a4f64485357576e76694758766c4b6f635146376b303d,Totalizado
Águas Vermelhas,MG,0213,0134,6259,Deputado Federal,6,1331,ANA ELISA SANTOS SILVA,PT,13,7,20261004T173115,6d3967476439514f395233456d533536474e736a6c4a4f64485357576e76694758766c4b6f635146376b303d,Totalizado
Águas Vermelhas,MG,0213,0134,6259,Deputado Federal,6,1234,MARIO LUCIO HERINGER,PDT,12,5,20261004T173115,6d3967476439514f395233456d533536474e736a6c4a4f64485357576e76694758766c4b6f635146376b303d,Totalizado
Águas Vermelhas,MG,0213,0134,6259,Deputado Federal,6,1510,NEWTON CARDOSO JUNIOR,MDB,15,5,20261004T173115,6d3967476439514f395233456d533536474e736a6c4a4f64485357576e76694758766c4b6f635146376b303d,Totalizado
Águas Vermelhas,MG,0213,0134,6259,Deputado Federal,6,1178,FERNANDO PEREIRA DA SILVA,PP,11,2,20261004T173115,6d3967476439514f395233456d533536474e736a6c4a4f64485357576e76694758766c4b6f635146376b303d,Totalizado
Águas Vermelhas,MG,0213,0134,6259,Deputado Federal,6,1122,ANTÔNIO PINHEIRO NETO,PP,11,1,20261004T173115,6d3967476439514f395233456d533536474e736a6c4a4f64485357576e76694758766c4b6f635146376b303d,Totalizado
Águas Vermelhas,MG,0213,0134,6259,Deputado Federal,6,1312,REGINALDO LAZARO DE OLIVEIRA LOPES,PT,13,1,20261004T173115,6d3967476439514f395233456d533536474e736a6c4a4f64485357576e76694758766c4b6f635146376b303d,Totalizado
Águas Vermelhas,MG,0213,0134,6259,Deputado Federal,6,1339,MIGUEL ANGELO MONTEIRO ANDRADE,PT,13,1,20261004T173115,6d3967476439514f395233456d533536474e736a6c4a4f64485357576e76694758766c4b6f635146376b303d,Totalizado
Águas Vermelhas,MG,0213,0134,6259,Deputado Federal,6,1390,ISABELLA GONÇALVES MIRANDA,PT,13,1,20261004T173115,6d3967476439514f395233456d533536474e736a6c4a4f64485357576e76694758766c4b6f635146376b303d,Totalizado
Águas Vermelhas,MG,0213,0134,6259,Deputado Federal,6,1511,GILBERTO REZENDE SOBRINHO,MDB,15,1,20261004T173115,6d3967476439514f395233456d533536474e736a6c4a4f64485357576e76694758766c4b6f635146376b303d,Totalizado
Águas Vermelhas,MG,0213,0134,6259,Deputado Federal,6,1813,ANDRE LUIS GASPAR JANONES,REDE,18,1,20261004T173115,6d3967476439514f395233456d533536474e736a6c4a4f64485357576e76694758766c4b6f635146376b303d,Totalizado
Águas Vermelhas,MG,0213,0134,6259,Deputado Federal,6,2000,IGOR DE ALVARENGA OLIVEIRA ICASSATTI ROJAS,PODE,20,1,20261004T173115,6d3967476439514f395233456d533536474e736a6c4a4f64485357576e76694758766c4b6f635146376b303d,Totalizado
Águas Vermelhas,MG,0213,0135,6259,Deputado Federal,6,1234,MARIO LUCIO HERINGER,PDT,12,81,20261004T172330,705450566d677441636c2b76494677382d354752413135363779644c654d6d4e69722b4a32585179766f6b3d,Totalizado
Águas Vermelhas,MG,0213,0135,6259,Deputado Federal,6,2222,NIKOLAS FERREIRA DE OLIVEIRA,PL,22,24,20261004T172330,705450566d677441636c2b76494677382d354752413135363779644c654d6d4e69722b4a32585179766f6b3d,Totalizado
Águas Vermelhas,MG,0213,0135,6259,Deputado Federal,6,1378,PAULO JOSE CARLOS GUEDES,PT,13,22,20261004T172330,705450566d677441636c2b76494677382d354752413135363779644c654d6d4e69722b4a32585179766f6b3d,Totalizado
Águas Vermelhas,MG,0213,0135,6259,Deputado Federal,6,1331,ANA ELISA SANTOS SILVA,PT,13,19,20261004T172330,705450566d677441636c2b76494677382d354752413135363779644c654d6d4e69722b4a32585179766f6b3d,Totalizado
Águas Vermelhas,MG,0213,0135,6259,Deputado Federal,6,1510,NEWTON CARDOSO JUNIOR,MDB,15,16,20261004T172330,705450566d677441636c2b76494677382d354752413135363779644c654d6d4e69722b4a32585179766f6b3d,Totalizado
Águas Vermelhas,MG,0213,0135,6259,Deputado Federal,6,1010,GILBERTO APARECIDO ABRAMO,REPUBLICANOS,10,12,20261004T172330,705450566d677441636c2b76494677382d354752413135363779644c654d6d4e69722b4a32585179766f6b3d,Totalizado
Águas Vermelhas,MG,0213,0135,6259,Deputado Federal,6,7077,IGOR MASCARENHAS ETO,AVANTE,70,10,20261004T172330,705450566d677441636c2b76494677382d354752413135363779644c654d6d4e69722b4a32585179766f6b3d,Totalizado
Águas Vermelhas,MG,0213,0135,6259,Deputado Federal,6,1339,MIGUEL ANGELO MONTEIRO ANDRADE,PT,13,9,20261004T172330,705450566d677441636c2b76494677382d354752413135363779644c654d6d4e69722b4a32585179766f6b3d,Totalizado
Águas Vermelhas,MG,0213,0135,6259,Deputado Federal,6,1363,JOSE LEONARDO COSTA MONTEIRO,PT,13,6,20261004T172330,705450566d677441636c2b76494677382d354752413135363779644c654d6d4e69722b4a32585179766f6b3d,Totalizado
Águas Vermelhas,MG,0213,0135,6259,Deputado Federal,6,2270,GREYCE DE QUEIROZ ELIAS,PL,22,6,20261004T172330,705450566d677441636c2b76494677382d354752413135363779644c654d6d4e69722b4a32585179766f6b3d,Totalizado
Águas Vermelhas,MG,0213,0135,6259,Deputado Federal,6,1312,REGINALDO LAZARO DE OLIVEIRA LOPES,PT,13,4,20261004T172330,705450566d677441636c2b76494677382d354752413135363779644c654d6d4e69722b4a32585179766f6b3d,Totalizado
Águas Vermelhas,MG,0213,0135,6259,Deputado Federal,6,4444,MARCELO EDUARDO FREITAS,UNIÃO,44,4,20261004T172330,705450566d677441636c2b76494677382d354752413135363779644c654d6d4e69722b4a32585179766f6b3d,Totalizado
Águas Vermelhas,MG,0213,0135,6259,Deputado Federal,6,1315,JOAO CARLOS SIQUEIRA,PT,13,3,20261004T172330,705450566d677441636c2b76494677382d354752413135363779644c654d6d4e69722b4a32585179766f6b3d,Totalizado
Águas Vermelhas,MG,0213,0135,6259,Deputado Federal,6,1813,ANDRE LUIS GASPAR JANONES,REDE,18,3,20261004T172330,705450566d677441636c2b76494677382d354752413135363779644c654d6d4e69722b4a32585179766f6b3d,Totalizado
Águas Vermelhas,MG,0213,0135,6259,Deputado Federal,6,1077,BRUNO SOUZA FARIAS,REPUBLICANOS,10,2,20261004T172330,705450566d677441636c2b76494677382d354752413135363779644c654d6d4e69722b4a32585179766f6b3d,Totalizado
Águas Vermelhas,MG,0213,0135,6259,Deputado Federal,6,2204,RODRIGO RODRIGUES TAVARES,PL,22,2,20261004T172330,705450566d677441636c2b76494677382d354752413135363779644c654d6d4e69722b4a32585179766f6b3d,Totalizado
Águas Vermelhas,MG,0213,0135,6259,Deputado Federal,6,7012,JUNIA CELIA DE MEDEIROS,AVANTE,70,2,20261004T172330,705450566d677441636c2b76494677382d354752413135363779644c654d6d4e69722b4a32585179766f6b3d,Totalizado
Águas Vermelhas,MG,0213,0135,6259,Deputado Federal,6,1089,EDUARDO COSENTINO DA CUNHA,REPUBLICANOS,10,1,20261004T172330,705450566d677441636c2b76494677382d354752413135363779644c654d6d4e69722b4a32585179766f6b3d,Totalizado
Águas Vermelhas,MG,0213,0135,6259,Deputado Federal,6,1111,DIMAS FABIANO TOLEDO JUNIOR,PP,11,1,20261004T172330,705450566d677441636c2b76494677382d354752413135363779644c654d6d4e69722b4a32585179766f6b3d,Totalizado
Águas Vermelhas,MG,0213,0135,6259,Deputado Federal,6,1230,LILIANE FRANCA DA SILVA,PDT,12,1,20261004T172330,705450566d677441636c2b76494677382d354752413135363779644c654d6d4e69722b4a32585179766f6b3d,Totalizado
Águas Vermelhas,MG,0213,0135,6259,Deputado Federal,6,1236,ANDERSON BRITO PEREIRA,PDT,12,1,20261004T172330,705450566d677441636c2b76494677382d354752413135363779644c654d6d4e69722b4a32585179766f6b3d,Totalizado
Águas Vermelhas,MG,0213,0135,6259,Deputado Federal,6,1310,ADRIANA CRISTINA ARAUJO,PT,13,1,20261004T172330,705450566d677441636c2b76494677382d354752413135363779644c654d6d4e69722b4a32585179766f6b3d,Totalizado
Águas Vermelhas,MG,0213,0135,6259,Deputado Federal,6,1311,EDINALDO SOARES DE SOUZA,PT,13,1,20261004T172330,705450566d677441636c2b76494677382d354752413135363779644c654d6d4e69722b4a32585179766f6b3d,Totalizado
Águas Vermelhas,MG,0213,0135,6259,Deputado Federal,6,1330,LUNNA DA SILVA,PT,13,1,20261004T172330,705450566d677441636c2b76494677382d354752413135363779644c654d6d4e69722b4a32585179766f6b3d,Totalizado
Águas Vermelhas,MG,0213,0135,6259,Deputado Federal,6,1390,ISABELLA GONÇALVES MIRANDA,PT,13,1,20261004T172330,705450566d677441636c2b76494677382d354752413135363779644c654d6d4e69722b4a32585179766f6b3d,Totalizado
Águas Vermelhas,MG,0213,0135,6259,Deputado Federal,6,1414,CARLOS HENRIQUE DIAS DE FREITAS,MISSÃO,14,1,20261004T172330,705450566d677441636c2b76494677382d354752413135363779644c654d6d4e69722b4a32585179766f6b3d,Totalizado
Águas Vermelhas,MG,0213,0135,6259,Deputado Federal,6,3007,MÁRCIO ALMEIDA BERNARDINO,NOVO,30,1,20261004T172330,705450566d677441636c2b76494677382d354752413135363779644c654d6d4e69722b4a32585179766f6b3d,Totalizado
Águas Vermelhas,MG,0213,0135,6259,Deputado Federal,6,4003,MAYKON HENRIQUE DELFINO BORGES CRUZ,PSB,40,1,20261004T172330,705450566d677441636c2b76494677382d354752413135363779644c654d6d4e69722b4a32585179766f6b3d,Totalizado
Águas Vermelhas,MG,0213,0135,6259,Deputado Federal,6,4088,LOURINEI FRANCISCO DE SOUZA,PSB,40,1,20261004T172330,705450566d677441636c2b76494677382d354752413135363779644c654d6d4e69722b4a32585179766f6b3d,Totalizado
Águas Vermelhas,MG,0213,0135,6259,Deputado Federal,6,4433,SAMUEL JOSÉ RODRIGUES DE VIANA,UNIÃO,44,1,20261004T172330,705450566d677441636c2b76494677382d354752413135363779644c654d6d4e69722b4a32585179766f6b3d,Totalizado
Águas Vermelhas,MG,0213,0135,6259,Deputado Federal,6,4477,JOSÉ SILVA SOARES,UNIÃO,44,1,20261004T172330,705450566d677441636c2b76494677382d354752413135363779644c654d6d4e69722b4a32585179766f6b3d,Totalizado
Águas Vermelhas,MG,0213,0135,6259,Deputado Federal,6,5050,DUDA SALABERT,PSOL,50,1,20261004T172330,705450566d677441636c2b76494677382d354752413135363779644c654d6d4e69722b4a32585179766f6b3d,Totalizado
Águas Vermelhas,MG,0213,0139,6259,Deputado Federal,6,2270,GREYCE DE QUEIROZ ELIAS,PL,22,68,20261004T171225,6c797743334a6868427355317941593832625768334d474a6e4750306f4c7174475a4b2d546955325251413d,Totalizado
Águas Vermelhas,MG,0213,0139,6259,Deputado Federal,6,1510,NEWTON CARDOSO JUNIOR,MDB,15,12,20261004T171225,6c797743334a6868427355317941593832625768334d474a6e4750306f4c7174475a4b2d546955325251413d,Totalizado
Águas Vermelhas,MG,0213,0139,6259,Deputado Federal,6,1234,MARIO LUCIO HERINGER,PDT,12,5,20261004T171225,6c797743334a6868427355317941593832625768334d474a6e4750306f4c7174475a4b2d546955325251413d,Totalizado
Águas Vermelhas,MG,0213,0139,6259,Deputado Federal,6,1339,MIGUEL ANGELO MONTEIRO ANDRADE,PT,13,5,20261004T171225,6c797743334a6868427355317941593832625768334d474a6e4750306f4c7174475a4b2d546955325251413d,Totalizado
Águas Vermelhas,MG,0213,0139,6259,Deputado Federal,6,1010,GILBERTO APARECIDO ABRAMO,REPUBLICANOS,10,3,20261004T171225,6c797743334a6868427355317941593832625768334d474a6e4750306f4c7174475a4b2d546955325251413d,Totalizado
Águas Vermelhas,MG,0213,0139,6259,Deputado Federal,6,1378,PAULO JOSE CARLOS GUEDES,PT,13,2,20261004T171225,6c797743334a6868427355317941593832625768334d474a6e4750306f4c7174475a4b2d546955325251413d,Totalizado
Águas Vermelhas,MG,0213,0139,6259,Deputado Federal,6,2222,NIKOLAS FERREIRA DE OLIVEIRA,PL,22,2,20261004T171225,6c797743334a6868427355317941593832625768334d474a6e4750306f4c7174475a4b2d546955325251413d,Totalizado
Águas Vermelhas,MG,0213,0139,6259,Deputado Federal,6,2227,IGOR PEREIRA DOS SANTOS,PL,22,2,20261004T171225,6c797743334a6868427355317941593832625768334d474a6e4750306f4c7174475a4b2d546955325251413d,Totalizado
Águas Vermelhas,MG,0213,0139,6259,Deputado Federal,6,2278,ANDRE NUNES COSTA,PL,22,2,20261004T171225,6c797743334a6868427355317941593832625768334d474a6e4750306f4c7174475a4b2d546955325251413d,Totalizado
Águas Vermelhas,MG,0213,0139,6259,Deputado Federal,6,1089,EDUARDO COSENTINO DA CUNHA,REPUBLICANOS,10,1,20261004T171225,6c797743334a6868427355317941593832625768334d474a6e4750306f4c7174475a4b2d546955325251413d,Totalizado
Águas Vermelhas,MG,0213,0139,6259,Deputado Federal,6,1178,FERNANDO PEREIRA DA SILVA,PP,11,1,20261004T171225,6c797743334a6868427355317941593832625768334d474a6e4750306f4c7174475a4b2d546955325251413d,Totalizado
Águas Vermelhas,MG,0213,0139,6259,Deputado Federal,6,1231,JACQUELINE CALIXTO BARBOSA DE JESUS,PDT,12,1,20261004T171225,6c797743334a6868427355317941593832625768334d474a6e4750306f4c7174475a4b2d546955325251413d,Totalizado
Águas Vermelhas,MG,0213,0139,6259,Deputado Federal,6,1315,JOAO CARLOS SIQUEIRA,PT,13,1,20261004T171225,6c797743334a6868427355317941593832625768334d474a6e4750306f4c7174475a4b2d546955325251413d,Totalizado
Águas Vermelhas,MG,0213,0139,6259,Deputado Federal,6,1363,JOSE LEONARDO COSTA MONTEIRO,PT,13,1,20261004T171225,6c797743334a6868427355317941593832625768334d474a6e4750306f4c7174475a4b2d546955325251413d,Totalizado
Águas Vermelhas,MG,0213,0139,6259,Deputado Federal,6,1520,BERNARDO DE OLIVEIRA OTOCH CHAVES,MDB,15,1,20261004T171225,6c797743334a6868427355317941593832625768334d474a6e4750306f4c7174475a4b2d546955325251413d,Totalizado
Águas Vermelhas,MG,0213,0139,6259,Deputado Federal,6,1813,ANDRE LUIS GASPAR JANONES,REDE,18,1,20261004T171225,6c797743334a6868427355317941593832625768334d474a6e4750306f4c7174475a4b2d546955325251413d,Totalizado
Águas Vermelhas,MG,0213,0139,6259,Deputado Federal,6,2231,CLEUSA BERNADETH LARA CORREA,PL,22,1,20261004T171225,6c797743334a6868427355317941593832625768334d474a6e4750306f4c7174475a4b2d546955325251413d,Totalizado
Águas Vermelhas,MG,0213,0139,6259,Deputado Federal,6,4447,BIANCA NUNES LEÃO,UNIÃO,44,1,20261004T171225,6c797743334a6868427355317941593832625768334d474a6e4750306f4c7174475a4b2d546955325251413d,Totalizado
Águas Vermelhas,MG,0213,0139,6259,Deputado Federal,6,4477,JOSÉ SILVA SOARES,UNIÃO,44,1,20261004T171225,6c797743334a6868427355317941593832625768334d474a6e4750306f4c7174475a4b2d546955325251413d,Totalizado
Águas Vermelhas,MG,0213,0140,6259,Deputado Federal,6,2270,GREYCE DE QUEIROZ ELIAS,PL,22,47,20261004T170406,62504246616b61634f7477454c3673325564364b6d66526a4748464676714879496754652d4d32516266413d,Totalizado
Águas Vermelhas,MG,0213,0140,6259,Deputado Federal,6,1234,MARIO LUCIO HERINGER,PDT,12,41,20261004T170406,62504246616b61634f7477454c3673325564364b6d66526a4748464676714879496754652d4d32516266413d,Totalizado
Águas Vermelhas,MG,0213,0140,6259,Deputado Federal,6,2222,NIKOLAS FERREIRA DE OLIVEIRA,PL,22,19,20261004T170406,62504246616b61634f7477454c3673325564364b6d66526a4748464676714879496754652d4d32516266413d,Totalizado
Águas Vermelhas,MG,0213,0140,6259,Deputado Federal,6,1010,GILBERTO APARECIDO ABRAMO,REPUBLICANOS,10,13,20261004T170406,62504246616b61634f7477454c3673325564364b6d66526a4748464676714879496754652d4d32516266413d,Totalizado
Águas Vermelhas,MG,0213,0140,6259,Deputado Federal,6,1339,MIGUEL ANGELO MONTEIRO ANDRADE,PT,13,11,20261004T170406,62504246616b61634f7477454c3673325564364b6d66526a4748464676714879496754652d4d32516266413d,Totalizado
Águas Vermelhas,MG,0213,0140,6259,Deputado Federal,6,1510,NEWTON CARDOSO JUNIOR,MDB,15,6,20261004T170406,62504246616b61634f7477454c3673325564364b6d66526a4748464676714879496754652d4d32516266413d,Totalizado
Águas Vermelhas,MG,0213,0140,6259,Deputado Federal,6,2000,IGOR DE ALVARENGA OLIVEIRA ICASSATTI ROJAS,PODE,20,6,20261004T170406,62504246616b61634f7477454c3673325564364b6d66526a4748464676714879496754652d4d32516266413d,Totalizado
Águas Vermelhas,MG,0213,0140,6259,Deputado Federal,6,1315,JOAO CARLOS SIQUEIRA,PT,13,5,20261004T170406,62504246616b61634f7477454c3673325564364b6d66526a4748464676714879496754652d4d32516266413d,Totalizado
Águas Vermelhas,MG,0213,0140,6259,Deputado Federal,6,1331,ANA ELISA SANTOS SILVA,PT,13,5,20261004T170406,62504246616b61634f7477454c3673325564364b6d66526a4748464676714879496754652d4d32516266413d,Totalizado
Águas Vermelhas,MG,0213,0140,6259,Deputado Federal,6,4350,LOHANNA SOUZA FRANÇA MOREIRA DE OLIVEIRA,PV,43,4,20261004T170406,62504246616b61634f7477454c3673325564364b6d66526a4748464676714879496754652d4d32516266413d,Totalizado
Águas Vermelhas,MG,0213,0140,6259,Deputado Federal,6,7024,RILTON RAMOS HILDEBRANDO,AVANTE,70,4,20261004T170406,62504246616b61634f7477454c3673325564364b6d66526a4748464676714879496754652d4d32516266413d,Totalizado
Águas Vermelhas,MG,0213,0140,6259,Deputado Federal,6,1300,PEDRO FARAH ROUSSEFF,PT,13,2,20261004T170406,62504246616b61634f7477454c3673325564364b6d66526a4748464676714879496754652d4d32516266413d,Totalizado
Águas Vermelhas,MG,0213,0140,6259,Deputado Federal,6,1312,REGINALDO LAZARO DE OLIVEIRA LOPES,PT,13,2,20261004T170406,62504246616b61634f7477454c3673325564364b6d66526a4748464676714879496754652d4d32516266413d,Totalizado
Águas Vermelhas,MG,0213,0140,6259,Deputado Federal,6,1813,ANDRE LUIS GASPAR JANONES,REDE,18,2,20261004T170406,62504246616b61634f7477454c3673325564364b6d66526a4748464676714879496754652d4d32516266413d,Totalizado
Águas Vermelhas,MG,0213,0140,6259,Deputado Federal,6,7012,JUNIA CELIA DE MEDEIROS,AVANTE,70,2,20261004T170406,62504246616b61634f7477454c3673325564364b6d66526a4748464676714879496754652d4d32516266413d,Totalizado
Águas Vermelhas,MG,0213,0140,6259,Deputado Federal,6,1000,GLEIDSON GONTIJO AZEVEDO,REPUBLICANOS,10,1,20261004T170406,62504246616b61634f7477454c3673325564364b6d66526a4748464676714879496754652d4d32516266413d,Totalizado
Águas Vermelhas,MG,0213,0140,6259,Deputado Federal,6,1015,EUCLYDES MARCOS PETTERSEN NETO,REPUBLICANOS,10,1,20261004T170406,62504246616b61634f7477454c3673325564364b6d66526a4748464676714879496754652d4d32516266413d,Totalizado
Águas Vermelhas,MG,0213,0140,6259,Deputado Federal,6,1023,DANIELA DE CASSIA LINHARES,REPUBLICANOS,10,1,20261004T170406,62504246616b61634f7477454c3673325564364b6d66526a4748464676714879496754652d4d32516266413d,Totalizado
Águas Vermelhas,MG,0213,0140,6259,Deputado Federal,6,1100,MOACIR MARTINS DA COSTA JUNIOR,PP,11,1,20261004T170406,62504246616b61634f7477454c3673325564364b6d66526a4748464676714879496754652d4d32516266413d,Totalizado
Águas Vermelhas,MG,0213,0140,6259,Deputado Federal,6,1178,FERNANDO PEREIRA DA SILVA,PP,11,1,20261004T170406,62504246616b61634f7477454c3673325564364b6d66526a4748464676714879496754652d4d32516266413d,Totalizado
Águas Vermelhas,MG,0213,0140,6259,Deputado Federal,6,1199,ANA PAULA PROCOPIO JUNQUEIRA,PP,11,1,20261004T170406,62504246616b61634f7477454c3673325564364b6d66526a4748464676714879496754652d4d32516266413d,Totalizado
Águas Vermelhas,MG,0213,0140,6259,Deputado Federal,6,2046,TALES MARCELO ALVES,PODE,20,1,20261004T170406,62504246616b61634f7477454c3673325564364b6d66526a4748464676714879496754652d4d32516266413d,Totalizado
Águas Vermelhas,MG,0213,0140,6259,Deputado Federal,6,2211,WILI DOS SANTOS,PL,22,1,20261004T170406,62504246616b61634f7477454c3673325564364b6d66526a4748464676714879496754652d4d32516266413d,Totalizado
Águas Vermelhas,MG,0213,0140,6259,Deputado Federal,6,2212,CRISTIANO CAPOREZZO ARAUJO PIRES FERREIRA,PL,22,1,20261004T170406,62504246616b61634f7477454c3673325564364b6d66526a4748464676714879496754652d4d32516266413d,Totalizado
Águas Vermelhas,MG,0213,0140,6259,Deputado Federal,6,4080,LUIZ FERNANDO ALVES,PSB,40,1,20261004T170406,62504246616b61634f7477454c3673325564364b6d66526a4748464676714879496754652d4d32516266413d,Totalizado
Águas Vermelhas,MG,0213,0145,6259,Deputado Federal,6,2270,GREYCE DE QUEIROZ ELIAS,PL,22,188,20261004T170824,3473396f306b42494f36624f7048764f6c4f56447877587176546539642b513238474a59794c6c516c32593d,Totalizado
Águas Vermelhas,MG,0213,0145,6259,Deputado Federal,6,2222,NIKOLAS FERREIRA DE OLIVEIRA,PL,22,10,20261004T170824,3473396f306b42494f36624f7048764f6c4f56447877587176546539642b513238474a59794c6c516c32593d,Totalizado
Águas Vermelhas,MG,0213,0145,6259,Deputado Federal,6,1010,GILBERTO APARECIDO ABRAMO,REPUBLICANOS,10,6,20261004T170824,3473396f306b42494f36624f7048764f6c4f56447877587176546539642b513238474a59794c6c516c32593d,Totalizado
Águas Vermelhas,MG,0213,0145,6259,Deputado Federal,6,1315,JOAO CARLOS SIQUEIRA,PT,13,6,20261004T170824,3473396f306b42494f36624f7048764f6c4f56447877587176546539642b513238474a59794c6c516c32593d,Totalizado
Águas Vermelhas,MG,0213,0145,6259,Deputado Federal,6,1510,NEWTON CARDOSO JUNIOR,MDB,15,5,20261004T170824,3473396f306b42494f36624f7048764f6c4f56447877587176546539642b513238474a59794c6c516c32593d,Totalizado
Águas Vermelhas,MG,0213,0145,6259,Deputado Federal,6,1331,ANA ELISA SANTOS SILVA,PT,13,2,20261004T170824,3473396f306b42494f36624f7048764f6c4f56447877587176546539642b513238474a59794c6c516c32593d,Totalizado
Águas Vermelhas,MG,0213,0145,6259,Deputado Federal,6,1813,ANDRE LUIS GASPAR JANONES,REDE,18,2,20261004T170824,3473396f306b42494f36624f7048764f6c4f56447877587176546539642b513238474a59794c6c516c32593d,Totalizado
Águas Vermelhas,MG,0213,0145,6259,Deputado Federal,6,7024,RILTON RAMOS HILDEBRANDO,AVANTE,70,2,20261004T170824,3473396f306b42494f36624f7048764f6c4f56447877587176546539642b513238474a59794c6c516c32593d,Totalizado
Águas Vermelhas,MG,0213,0145,6259,Deputado Federal,6,1170,CELSO ROBERTO VAZ,PP,11,1,20261004T170824,3473396f306b42494f36624f7048764f6c4f56447877587176546539642b513238474a59794c6c516c32593d,Totalizado
Águas Vermelhas,MG,0213,0145,6259,Deputado Federal,6,1214,ROBERTO FERNANDES PACHECO,PDT,12,1,20261004T170824,3473396f306b42494f36624f7048764f6c4f56447877587176546539642b513238474a59794c6c516c32593d,Totalizado
Águas Vermelhas,MG,0213,0145,6259,Deputado Federal,6,1312,REGINALDO LAZARO DE OLIVEIRA LOPES,PT,13,1,20261004T170824,3473396f306b42494f36624f7048764f6c4f56447877587176546539642b513238474a59794c6c516c32593d,Totalizado
Águas Vermelhas,MG,0213,0145,6259,Deputado Federal,6,1810,HIGOR ALESSANDRO MEDEIROS GAMA,REDE,18,1,20261004T170824,3473396f306b42494f36624f7048764f6c4f56447877587176546539642b513238474a59794c6c516c32593d,Totalizado
Águas Vermelhas,MG,0213,0145,6259,Deputado Federal,6,2227,IGOR PEREIRA DOS SANTOS,PL,22,1,20261004T170824,3473396f306b42494f36624f7048764f6c4f56447877587176546539642b513238474a59794c6c516c32593d,Totalizado
Águas Vermelhas,MG,0213,0145,6259,Deputado Federal,6,2244,MARCELO HENRIQUE TEIXEIRA DIAS,PL,22,1,20261004T170824,3473396f306b42494f36624f7048764f6c4f56447877587176546539642b513238474a59794c6c516c32593d,Totalizado
Águas Vermelhas,MG,0213,0145,6259,Deputado Federal,6,2275,THIAGO MARTINS MILHIM,PL,22,1,20261004T170824,3473396f306b42494f36624f7048764f6c4f56447877587176546539642b513238474a59794c6c516c32593d,Totalizado
Águas Vermelhas,MG,0213,0176,6259,Deputado Federal,6,2270,GREYCE DE QUEIROZ ELIAS,PL,22,196,20261004T173410,55656978575766344e76544779515948515848464a75515352527766497042722b5165366742414e4b6b553d,Totalizado
Águas Vermelhas,MG,0213,0176,6259,Deputado Federal,6,1315,JOAO CARLOS SIQUEIRA,PT,13,10,20261004T173410,55656978575766344e76544779515948515848464a75515352527766497042722b5165366742414e4b6b553d,Totalizado
Águas Vermelhas,MG,0213,0176,6259,Deputado Federal,6,1331,ANA ELISA SANTOS SILVA,PT,13,10,20261004T173410,55656978575766344e76544779515948515848464a75515352527766497042722b5165366742414e4b6b553d,Totalizado
Águas Vermelhas,MG,0213,0176,6259,Deputado Federal,6,2222,NIKOLAS FERREIRA DE OLIVEIRA,PL,22,9,20261004T173410,55656978575766344e76544779515948515848464a75515352527766497042722b5165366742414e4b6b553d,Totalizado
Águas Vermelhas,MG,0213,0176,6259,Deputado Federal,6,1510,NEWTON CARDOSO JUNIOR,MDB,15,6,20261004T173410,55656978575766344e76544779515948515848464a75515352527766497042722b5165366742414e4b6b553d,Totalizado
Águas Vermelhas,MG,0213,0176,6259,Deputado Federal,6,1010,GILBERTO APARECIDO ABRAMO,REPUBLICANOS,10,5,20261004T173410,55656978575766344e76544779515948515848464a75515352527766497042722b5165366742414e4b6b553d,Totalizado
Águas Vermelhas,MG,0213,0176,6259,Deputado Federal,6,1234,MARIO LUCIO HERINGER,PDT,12,5,20261004T173410,55656978575766344e76544779515948515848464a75515352527766497042722b5165366742414e4b6b553d,Totalizado
Águas Vermelhas,MG,0213,0176,6259,Deputado Federal,6,1122,ANTÔNIO PINHEIRO NETO,PP,11,4,20261004T173410,55656978575766344e76544779515948515848464a75515352527766497042722b5165366742414e4b6b553d,Totalizado
Águas Vermelhas,MG,0213,0176,6259,Deputado Federal,6,1312,REGINALDO LAZARO DE OLIVEIRA LOPES,PT,13,3,20261004T173410,55656978575766344e76544779515948515848464a75515352527766497042722b5165366742414e4b6b553d,Totalizado
Águas Vermelhas,MG,0213,0176,6259,Deputado Federal,6,1111,DIMAS FABIANO TOLEDO JUNIOR,PP,11,1,20261004T173410,55656978575766344e76544779515948515848464a75515352527766497042722b5165366742414e4b6b553d,Totalizado
Águas Vermelhas,MG,0213,0176,6259,Deputado Federal,6,1113,CLAUDIO MOREIRA RIBEIRO,PP,11,1,20261004T173410,55656978575766344e76544779515948515848464a75515352527766497042722b5165366742414e4b6b553d,Totalizado
Águas Vermelhas,MG,0213,0176,6259,Deputado Federal,6,1231,JACQUELINE CALIXTO BARBOSA DE JESUS,PDT,12,1,20261004T173410,55656978575766344e76544779515948515848464a75515352527766497042722b5165366742414e4b6b553d,Totalizado
Águas Vermelhas,MG,0213,0176,6259,Deputado Federal,6,1339,MIGUEL ANGELO MONTEIRO ANDRADE,PT,13,1,20261004T173410,55656978575766344e76544779515948515848464a75515352527766497042722b5165366742414e4b6b553d,Totalizado
Águas Vermelhas,MG,0213,0176,6259,Deputado Federal,6,1345,JOAQUIM FLORISVALDO TEÓFILO,PT,13,1,20261004T173410,55656978575766344e76544779515948515848464a75515352527766497042722b5165366742414e4b6b553d,Totalizado
Águas Vermelhas,MG,0213,0176,6259,Deputado Federal,6,1511,GILBERTO REZENDE SOBRINHO,MDB,15,1,20261004T173410,55656978575766344e76544779515948515848464a75515352527766497042722b5165366742414e4b6b553d,Totalizado
Águas Vermelhas,MG,0213,0176,6259,Deputado Federal,6,1813,ANDRE LUIS GASPAR JANONES,REDE,18,1,20261004T173410,55656978575766344e76544779515948515848464a75515352527766497042722b5165366742414e4b6b553d,Totalizado
Águas Vermelhas,MG,0213,0176,6259,Deputado Federal,6,2217,IVANEIDE GONCALVES PIMENTA,PL,22,1,20261004T173410,55656978575766344e76544779515948515848464a75515352527766497042722b5165366742414e4b6b553d,Totalizado
Águas Vermelhas,MG,0213,0176,6259,Deputado Federal,6,2277,EROS FERREIRA BIONDINI,PL,22,1,20261004T173410,55656978575766344e76544779515948515848464a75515352527766497042722b5165366742414e4b6b553d,Totalizado
Águas Vermelhas,MG,0213,0176,6259,Deputado Federal,6,4477,JOSÉ SILVA SOARES,UNIÃO,44,1,20261004T173410,55656978575766344e76544779515948515848464a75515352527766497042722b5165366742414e4b6b553d,Totalizado
Águas Vermelhas,MG,0213,0179,6259,Deputado Federal,6,1234,MARIO LUCIO HERINGER,PDT,12,99,20261004T180840,455075734f68543756534e644e777778317550756b2b316433346e344e51703373426257554b61554c57303d,Totalizado
Águas Vermelhas,MG,0213,0179,6259,Deputado Federal,6,1378,PAULO JOSE CARLOS GUEDES,PT,13,24,20261004T180840,455075734f68543756534e644e777778317550756b2b316433346e344e51703373426257554b61554c57303d,Totalizado
Águas Vermelhas,MG,0213,0179,6259,Deputado Federal,6,2222,NIKOLAS FERREIRA DE OLIVEIRA,PL,22,19,20261004T180840,455075734f68543756534e644e777778317550756b2b316433346e344e51703373426257554b61554c57303d,Totalizado
Águas Vermelhas,MG,0213,0179,6259,Deputado Federal,6,1510,NEWTON CARDOSO JUNIOR,MDB,15,17,20261004T180840,455075734f68543756534e644e777778317550756b2b316433346e344e51703373426257554b61554c57303d,Totalizado
Águas Vermelhas,MG,0213,0179,6259,Deputado Federal,6,1010,GILBERTO APARECIDO ABRAMO,REPUBLICANOS,10,15,20261004T180840,455075734f68543756534e644e777778317550756b2b316433346e344e51703373426257554b61554c57303d,Totalizado
Águas Vermelhas,MG,0213,0179,6259,Deputado Federal,6,7077,IGOR MASCARENHAS ETO,AVANTE,70,11,20261004T180840,455075734f68543756534e644e777778317550756b2b316433346e344e51703373426257554b61554c57303d,Totalizado
Águas Vermelhas,MG,0213,0179,6259,Deputado Federal,6,1331,ANA ELISA SANTOS SILVA,PT,13,10,20261004T180840,455075734f68543756534e644e777778317550756b2b316433346e344e51703373426257554b61554c57303d,Totalizado
Águas Vermelhas,MG,0213,0179,6259,Deputado Federal,6,1339,MIGUEL ANGELO MONTEIRO ANDRADE,PT,13,9,20261004T180840,455075734f68543756534e644e777778317550756b2b316433346e344e51703373426257554b61554c57303d,Totalizado
Águas Vermelhas,MG,0213,0179,6259,Deputado Federal,6,1363,JOSE LEONARDO COSTA MONTEIRO,PT,13,6,20261004T180840,455075734f68543756534e644e777778317550756b2b316433346e344e51703373426257554b61554c57303d,Totalizado
Águas Vermelhas,MG,0213,0179,6259,Deputado Federal,6,1813,ANDRE LUIS GASPAR JANONES,REDE,18,5,20261004T180840,455075734f68543756534e644e777778317550756b2b316433346e344e51703373426257554b61554c57303d,Totalizado
Águas Vermelhas,MG,0213,0179,6259,Deputado Federal,6,1300,PEDRO FARAH ROUSSEFF,PT,13,3,20261004T180840,455075734f68543756534e644e777778317550756b2b316433346e344e51703373426257554b61554c57303d,Totalizado
Águas Vermelhas,MG,0213,0179,6259,Deputado Federal,6,7012,JUNIA CELIA DE MEDEIROS,AVANTE,70,3,20261004T180840,455075734f68543756534e644e777778317550756b2b316433346e344e51703373426257554b61554c57303d,Totalizado
Águas Vermelhas,MG,0213,0179,6259,Deputado Federal,6,1312,REGINALDO LAZARO DE OLIVEIRA LOPES,PT,13,2,20261004T180840,455075734f68543756534e644e777778317550756b2b316433346e344e51703373426257554b61554c57303d,Totalizado
Águas Vermelhas,MG,0213,0179,6259,Deputado Federal,6,1315,JOAO CARLOS SIQUEIRA,PT,13,2,20261004T180840,455075734f68543756534e644e777778317550756b2b316433346e344e51703373426257554b61554c57303d,Totalizado
Águas Vermelhas,MG,0213,0179,6259,Deputado Federal,6,1089,EDUARDO COSENTINO DA CUNHA,REPUBLICANOS,10,1,20261004T180840,455075734f68543756534e644e777778317550756b2b316433346e344e51703373426257554b61554c57303d,Totalizado
Águas Vermelhas,MG,0213,0179,6259,Deputado Federal,6,1123,LUCIANA DE OLIVEIRA RAMPI,PP,11,1,20261004T180840,455075734f68543756534e644e777778317550756b2b316433346e344e51703373426257554b61554c57303d,Totalizado
Águas Vermelhas,MG,0213,0179,6259,Deputado Federal,6,1210,EDNA DIAS SANTOS,PDT,12,1,20261004T180840,455075734f68543756534e644e777778317550756b2b316433346e344e51703373426257554b61554c57303d,Totalizado
Águas Vermelhas,MG,0213,0179,6259,Deputado Federal,6,1229,UCHARLES PEREIRA DA SILVA,PDT,12,1,20261004T180840,455075734f68543756534e644e777778317550756b2b316433346e344e51703373426257554b61554c57303d,Totalizado
Águas Vermelhas,MG,0213,0179,6259,Deputado Federal,6,1313,ROGERIO CORREIA DE MOURA BAPTISTA,PT,13,1,20261004T180840,455075734f68543756534e644e777778317550756b2b316433346e344e51703373426257554b61554c57303d,Totalizado
Águas Vermelhas,MG,0213,0179,6259,Deputado Federal,6,1334,DANDARA TONANTZIN SILVA CASTRO,PT,13,1,20261004T180840,455075734f68543756534e644e777778317550756b2b316433346e344e51703373426257554b61554c57303d,Totalizado
Águas Vermelhas,MG,0213,0179,6259,Deputado Federal,6,2000,IGOR DE ALVARENGA OLIVEIRA ICASSATTI ROJAS,PODE,20,1,20261004T180840,455075734f68543756534e644e777778317550756b2b316433346e344e51703373426257554b61554c57303d,Totalizado
Águas Vermelhas,MG,0213,0179,6259,Deputado Federal,6,2070,HUGO CARLOS RODRIGUES,PODE,20,1,20261004T180840,455075734f68543756534e644e777778317550756b2b316433346e344e51703373426257554b61554c57303d,Totalizado
Águas Vermelhas,MG,0213,0179,6259,Deputado Federal,6,2204,RODRIGO RODRIGUES TAVARES,PL,22,1,20261004T180840,455075734f68543756534e644e777778317550756b2b316433346e344e51703373426257554b61554c57303d,Totalizado
Águas Vermelhas,MG,0213,0179,6259,Deputado Federal,6,2219,LUIZ GONZAGA RIBEIRO,PL,22,1,20261004T180840,455075734f68543756534e644e777778317550756b2b316433346e344e51703373426257554b61554c57303d,Totalizado
Águas Vermelhas,MG,0213,0179,6259,Deputado Federal,6,2256,REGINALDO FERREIRA TIAGO,PL,22,1,20261004T180840,455075734f68543756534e644e777778317550756b2b316433346e344e51703373426257554b61554c57303d,Totalizado
Águas Vermelhas,MG,0213,0179,6259,Deputado Federal,6,2270,GREYCE DE QUEIROZ ELIAS,PL,22,1,20261004T180840,455075734f68543756534e644e777778317550756b2b316433346e344e51703373426257554b61554c57303d,Totalizado
Águas Vermelhas,MG,0213,0179,6259,Deputado Federal,6,3007,MÁRCIO ALMEIDA BERNARDINO,NOVO,30,1,20261004T180840,455075734f68543756534e644e777778317550756b2b316433346e344e51703373426257554b61554c57303d,Totalizado
Águas Vermelhas,MG,0213,0179,6259,Deputado Federal,6,4444,MARCELO EDUARDO FREITAS,UNIÃO,44,1,20261004T180840,455075734f68543756534e644e777778317550756b2b316433346e344e51703373426257554b61554c57303d,Totalizado
Águas Vermelhas,MG,0213,0179,6259,Deputado Federal,6,4477,JOSÉ SILVA SOARES,UNIÃO,44,1,20261004T180840,455075734f68543756534e644e777778317550756b2b316433346e344e51703373426257554b61554c57303d,Totalizado
Águas Vermelhas,MG,0213,0179,6259,Deputado Federal,6,7056,CAROLINA GILBERTI CHAVES,AVANTE,70,1,20261004T180840,455075734f68543756534e644e777778317550756b2b316433346e344e51703373426257554b61554c57303d,Totalizado
Águas Vermelhas,MG,0213,0070,6259,Deputado Estadual,7,70123,ANA CAROLINA PINTO CARAM GUIMARAES,AVANTE,70,92,20261004T184103,77592d4e4d7077342b55355275706a77442b36436d314a7a394c6b545a70307061445966475370334c504d3d,Totalizado
Águas Vermelhas,MG,0213,0070,6259,Deputado Estadual,7,22345,DENERVAL GERMANO DA CRUZ,PL,22,56,20261004T184103,77592d4e4d7077342b55355275706a77442b36436d314a7a394c6b545a70307061445966475370334c504d3d,Totalizado
Águas Vermelhas,MG,0213,0070,6259,Deputado Estadual,7,43789,CARLITO PEREIRA DA COSTA,PV,43,24,20261004T184103,77592d4e4d7077342b55355275706a77442b36436d314a7a394c6b545a70307061445966475370334c504d3d,Totalizado
Águas Vermelhas,MG,0213,0070,6259,Deputado Estadual,7,13100,JEAN MARK FREIRE SILVA,PT,13,13,20261004T184103,77592d4e4d7077342b55355275706a77442b36436d314a7a394c6b545a70307061445966475370334c504d3d,Totalizado
Águas Vermelhas,MG,0213,0070,6259,Deputado Estadual,7,10123,CARLOS HENRIQUE ALVES DA SILVA,REPUBLICANOS,10,8,20261004T184103,77592d4e4d7077342b55355275706a77442b36436d314a7a394c6b545a70307061445966475370334c504d3d,Totalizado
Águas Vermelhas,MG,0213,0070,6259,Deputado Estadual,7,13123,BEATRIZ DA SILVA CERQUEIRA,PT,13,7,20261004T184103,77592d4e4d7077342b55355275706a77442b36436d314a7a394c6b545a70307061445966475370334c504d3d,Totalizado
Águas Vermelhas,MG,0213,0070,6259,Deputado Estadual,7,15111,ARLEN DE PAULO SANTIAGO FILHO,MDB,15,5,20261004T184103,77592d4e4d7077342b55355275706a77442b36436d314a7a394c6b545a70307061445966475370334c504d3d,Totalizado
Águas Vermelhas,MG,0213,0070,6259,Deputado Estadual,7,44777,WENDEL CRISTIANO SOARES DE MESQUITA,UNIÃO,44,5,20261004T184103,77592d4e4d7077342b55355275706a77442b36436d314a7a394c6b545a70307061445966475370334c504d3d,Totalizado
Águas Vermelhas,MG,0213,0070,6259,Deputado Estadual,7,13130,MACAE MARIA EVARISTO DOS SANTOS,PT,13,3,20261004T184103,77592d4e4d7077342b55355275706a77442b36436d314a7a394c6b545a70307061445966475370334c504d3d,Totalizado
Águas Vermelhas,MG,0213,0070,6259,Deputado Estadual,7,20000,FLAVIA FERREIRA BORJA PINTO,PODE,20,3,20261004T184103,77592d4e4d7077342b55355275706a77442b36436d314a7a394c6b545a70307061445966475370334c504d3d,Totalizado
Águas Vermelhas,MG,0213,0070,6259,Deputado Estadual,7,22800,GUSTAVO DE VASCONCELLOS MOREIRA,PL,22,3,20261004T184103,77592d4e4d7077342b55355275706a77442b36436d314a7a394c6b545a70307061445966475370334c504d3d,Totalizado
Águas Vermelhas,MG,0213,0070,6259,Deputado Estadual,7,70122,RODNEY MARCELO FLORENTINO MARTINS,AVANTE,70,2,20261004T184103,77592d4e4d7077342b55355275706a77442b36436d314a7a394c6b545a70307061445966475370334c504d3d,Totalizado
Águas Vermelhas,MG,0213,0070,6259,Deputado Estadual,7,12445,MARCIO DOS SANTOS SILVA,PDT,12,1,20261004T184103,77592d4e4d7077342b55355275706a77442b36436d314a7a394c6b545a70307061445966475370334c504d3d,Totalizado
Águas Vermelhas,MG,0213,0070,6259,Deputado Estadual,7,13001,HENRICO BARBOZA DE MOURA,PT,13,1,20261004T184103,77592d4e4d7077342b55355275706a77442b36436d314a7a394c6b545a70307061445966475370334c504d3d,Totalizado
Águas Vermelhas,MG,0213,0070,6259,Deputado Estadual,7,13450,CARLOS MAGNO RIBEIRO COSTA,PT,13,1,20261004T184103,77592d4e4d7077342b55355275706a77442b36436d314a7a394c6b545a70307061445966475370334c504d3d,Totalizado
Águas Vermelhas,MG,0213,0070,6259,Deputado Estadual,7,13579,WHELTON PIMENTEL DE FREITAS,PT,13,1,20261004T184103,77592d4e4d7077342b55355275706a77442b36436d314a7a394c6b545a70307061445966475370334c504d3d,Totalizado
Águas Vermelhas,MG,0213,0070,6259,Deputado Estadual,7,14777,ANA MARIA FIALHO LEITE LIMA,MISSÃO,14,1,20261004T184103,77592d4e4d7077342b55355275706a77442b36436d314a7a394c6b545a70307061445966475370334c504d3d,Totalizado
Águas Vermelhas,MG,0213,0070,6259,Deputado Estadual,7,22822,CLAUDIO SAMUEL SOUSA CAIRES,PL,22,1,20261004T184103,77592d4e4d7077342b55355275706a77442b36436d314a7a394c6b545a70307061445966475370334c504d3d,Totalizado
Águas Vermelhas,MG,0213,0070,6259,Deputado Estadual,7,25222,ROBERTO DIAS DE ANDRADE,PRD,25,1,20261004T184103,77592d4e4d7077342b55355275706a77442b36436d314a7a394c6b545a70307061445966475370334c504d3d,Totalizado
Águas Vermelhas,MG,0213,0070,6259,Deputado Estadual,7,35321,HELOYR LIVINGSTONE BARREIROS FORTUNATO,DEMOCRATA,35,1,20261004T184103,77592d4e4d7077342b55355275706a77442b36436d314a7a394c6b545a70307061445966475370334c504d3d,Totalizado
Águas Vermelhas,MG,0213,0071,6259,Deputado Estadual,7,70123,ANA CAROLINA PINTO CARAM GUIMARAES,AVANTE,70,102,20261004T175657,4a546e2d4e51725245526a7a4d53427a4d366a4a477457486b513878316d54526471316a7562456c337a773d,Totalizado
Águas Vermelhas,MG,0213,0071,6259,Deputado Estadual,7,22345,DENERVAL GERMANO DA CRUZ,PL,22,49,20261004T175657,4a546e2d4e51725245526a7a4d53427a4d366a4a477457486b513878316d54526471316a7562456c337a773d,Totalizado
Águas Vermelhas,MG,0213,0071,6259,Deputado Estadual,7,10123,CARLOS HENRIQUE ALVES DA SILVA,REPUBLICANOS,10,16,20261004T175657,4a546e2d4e51725245526a7a4d53427a4d366a4a477457486b513878316d54526471316a7562456c337a773d,Totalizado
Águas Vermelhas,MG,0213,0071,6259,Deputado Estadual,7,13100,JEAN MARK FREIRE SILVA,PT,13,15,20261004T175657,4a546e2d4e51725245526a7a4d53427a4d366a4a477457486b513878316d54526471316a7562456c337a773d,Totalizado
Águas Vermelhas,MG,0213,0071,6259,Deputado Estadual,7,43789,CARLITO PEREIRA DA COSTA,PV,43,9,20261004T175657,4a546e2d4e51725245526a7a4d53427a4d366a4a477457486b513878316d54526471316a7562456c337a773d,Totalizado
Águas Vermelhas,MG,0213,0071,6259,Deputado Estadual,7,44777,WENDEL CRISTIANO SOARES DE MESQUITA,UNIÃO,44,6,20261004T175657,4a546e2d4e51725245526a7a4d53427a4d366a4a477457486b513878316d54526471316a7562456c337a773d,Totalizado
Águas Vermelhas,MG,0213,0071,6259,Deputado Estadual,7,13123,BEATRIZ DA SILVA CERQUEIRA,PT,13,4,20261004T175657,4a546e2d4e51725245526a7a4d53427a4d366a4a477457486b513878316d54526471316a7562456c337a773d,Totalizado
Águas Vermelhas,MG,0213,0071,6259,Deputado Estadual,7,22800,GUSTAVO DE VASCONCELLOS MOREIRA,PL,22,4,20261004T175657,4a546e2d4e51725245526a7a4d53427a4d366a4a477457486b513878316d54526471316a7562456c337a773d,Totalizado
Águas Vermelhas,MG,0213,0071,6259,Deputado Estadual,7,15111,ARLEN DE PAULO SANTIAGO FILHO,MDB,15,3,20261004T175657,4a546e2d4e51725245526a7a4d53427a4d366a4a477457486b513878316d54526471316a7562456c337a773d,Totalizado
Águas Vermelhas,MG,0213,0071,6259,Deputado Estadual,7,11789,NAYARA ROCHA PERDIGÃO LARA,PP,11,2,20261004T175657,4a546e2d4e51725245526a7a4d53427a4d366a4a477457486b513878316d54526471316a7562456c337a773d,Totalizado
Águas Vermelhas,MG,0213,0071,6259,Deputado Estadual,7,20000,FLAVIA FERREIRA BORJA PINTO,PODE,20,2,20261004T175657,4a546e2d4e51725245526a7a4d53427a4d366a4a477457486b513878316d54526471316a7562456c337a773d,Totalizado
Águas Vermelhas,MG,0213,0071,6259,Deputado Estadual,7,25222,ROBERTO DIAS DE ANDRADE,PRD,25,2,20261004T175657,4a546e2d4e51725245526a7a4d53427a4d366a4a477457486b513878316d54526471316a7562456c337a773d,Totalizado
Águas Vermelhas,MG,0213,0071,6259,Deputado Estadual,7,11122,VALDIR ANDRADE DA CUNHA,PP,11,1,20261004T175657,4a546e2d4e51725245526a7a4d53427a4d366a4a477457486b513878316d54526471316a7562456c337a773d,Totalizado
Águas Vermelhas,MG,0213,0071,6259,Deputado Estadual,7,12345,BRUNO MARTUCHELE DE SALES,PDT,12,1,20261004T175657,4a546e2d4e51725245526a7a4d53427a4d366a4a477457486b513878316d54526471316a7562456c337a773d,Totalizado
Águas Vermelhas,MG,0213,0071,6259,Deputado Estadual,7,12993,ALINE DE CASTRO SANTOS,PDT,12,1,20261004T175657,4a546e2d4e51725245526a7a4d53427a4d366a4a477457486b513878316d54526471316a7562456c337a773d,Totalizado
Águas Vermelhas,MG,0213,0071,6259,Deputado Estadual,7,13444,ANA PAULA SIQUEIRA,PT,13,1,20261004T175657,4a546e2d4e51725245526a7a4d53427a4d366a4a477457486b513878316d54526471316a7562456c337a773d,Totalizado
Águas Vermelhas,MG,0213,0071,6259,Deputado Estadual,7,13579,WHELTON PIMENTEL DE FREITAS,PT,13,1,20261004T175657,4a546e2d4e51725245526a7a4d53427a4d366a4a477457486b513878316d54526471316a7562456c337a773d,Totalizado
Águas Vermelhas,MG,0213,0071,6259,Deputado Estadual,7,22010,EDUARDO HENRIQUE DE AZEVEDO,PL,22,1,20261004T175657,4a546e2d4e51725245526a7a4d53427a4d366a4a477457486b513878316d54526471316a7562456c337a773d,Totalizado
Águas Vermelhas,MG,0213,0071,6259,Deputado Estadual,7,22111,PHABLO GOMES ALMEIDA,PL,22,1,20261004T175657,4a546e2d4e51725245526a7a4d53427a4d366a4a477457486b513878316d54526471316a7562456c337a773d,Totalizado
Águas Vermelhas,MG,0213,0071,6259,Deputado Estadual,7,22123,ANTÔNIO CARLOS ARANTES,PL,22,1,20261004T175657,4a546e2d4e51725245526a7a4d53427a4d366a4a477457486b513878316d54526471316a7562456c337a773d,Totalizado
Águas Vermelhas,MG,0213,0071,6259,Deputado Estadual,7,22222,BRUNO DE CASTRO ENGLER FLORENCIO DE ALMEIDA,PL,22,1,20261004T175657,4a546e2d4e51725245526a7a4d53427a4d366a4a477457486b513878316d54526471316a7562456c337a773d,Totalizado
Águas Vermelhas,MG,0213,0071,6259,Deputado Estadual,7,35321,HELOYR LIVINGSTONE BARREIROS FORTUNATO,DEMOCRATA,35,1,20261004T175657,4a546e2d4e51725245526a7a4d53427a4d366a4a477457486b513878316d54526471316a7562456c337a773d,Totalizado
Águas Vermelhas,MG,0213,0071,6259,Deputado Estadual,7,36123,JORGE LUIZ FORTUNATO ALI,AGIR,36,1,20261004T175657,4a546e2d4e51725245526a7a4d53427a4d366a4a477457486b513878316d54526471316a7562456c337a773d,Totalizado
Águas Vermelhas,MG,0213,0071,6259,Deputado Estadual,7,40050,ELAINE CRISTINA JUNQUEIRA DO PRADO,PSB,40,1,20261004T175657,4a546e2d4e51725245526a7a4d53427a4d366a4a477457486b513878316d54526471316a7562456c337a773d,Totalizado
Águas Vermelhas,MG,0213,0071,6259,Deputado Estadual,7,45678,ORLANDO AMORIM CALDEIRA,PSDB,45,1,20261004T175657,4a546e2d4e51725245526a7a4d53427a4d366a4a477457486b513878316d54526471316a7562456c337a773d,Totalizado
Águas Vermelhas,MG,0213,0072,6259,Deputado Estadual,7,70123,ANA CAROLINA PINTO CARAM GUIMARAES,AVANTE,70,94,20261004T180521,37747831493351495731475534364a6b485638596f486730556850434b68412d525a416379455554594c4d3d,Totalizado
Águas Vermelhas,MG,0213,0072,6259,Deputado Estadual,7,22345,DENERVAL GERMANO DA CRUZ,PL,22,44,20261004T180521,37747831493351495731475534364a6b485638596f486730556850434b68412d525a416379455554594c4d3d,Totalizado
Águas Vermelhas,MG,0213,0072,6259,Deputado Estadual,7,10123,CARLOS HENRIQUE ALVES DA SILVA,REPUBLICANOS,10,16,20261004T180521,37747831493351495731475534364a6b485638596f486730556850434b68412d525a416379455554594c4d3d,Totalizado
Águas Vermelhas,MG,0213,0072,6259,Deputado Estadual,7,13100,JEAN MARK FREIRE SILVA,PT,13,15,20261004T180521,37747831493351495731475534364a6b485638596f486730556850434b68412d525a416379455554594c4d3d,Totalizado
Águas Vermelhas,MG,0213,0072,6259,Deputado Estadual,7,43789,CARLITO PEREIRA DA COSTA,PV,43,15,20261004T180521,37747831493351495731475534364a6b485638596f486730556850434b68412d525a416379455554594c4d3d,Totalizado
Águas Vermelhas,MG,0213,0072,6259,Deputado Estadual,7,13123,BEATRIZ DA SILVA CERQUEIRA,PT,13,7,20261004T180521,37747831493351495731475534364a6b485638596f486730556850434b68412d525a416379455554594c4d3d,Totalizado
Águas Vermelhas,MG,0213,0072,6259,Deputado Estadual,7,13450,CARLOS MAGNO RIBEIRO COSTA,PT,13,5,20261004T180521,37747831493351495731475534364a6b485638596f486730556850434b68412d525a416379455554594c4d3d,Totalizado
Águas Vermelhas,MG,0213,0072,6259,Deputado Estadual,7,15111,ARLEN DE PAULO SANTIAGO FILHO,MDB,15,5,20261004T180521,37747831493351495731475534364a6b485638596f486730556850434b68412d525a416379455554594c4d3d,Totalizado
Águas Vermelhas,MG,0213,0072,6259,Deputado Estadual,7,40777,ANTONIO AUGUSTO RESENDE MAIA,PSB,40,5,20261004T180521,37747831493351495731475534364a6b485638596f486730556850434b68412d525a416379455554594c4d3d,Totalizado
Águas Vermelhas,MG,0213,0072,6259,Deputado Estadual,7,22800,GUSTAVO DE VASCONCELLOS MOREIRA,PL,22,4,20261004T180521,37747831493351495731475534364a6b485638596f486730556850434b68412d525a416379455554594c4d3d,Totalizado
Águas Vermelhas,MG,0213,0072,6259,Deputado Estadual,7,25222,ROBERTO DIAS DE ANDRADE,PRD,25,2,20261004T180521,37747831493351495731475534364a6b485638596f486730556850434b68412d525a416379455554594c4d3d,Totalizado
Águas Vermelhas,MG,0213,0072,6259,Deputado Estadual,7,35321,HELOYR LIVINGSTONE BARREIROS FORTUNATO,DEMOCRATA,35,2,20261004T180521,37747831493351495731475534364a6b485638596f486730556850434b68412d525a416379455554594c4d3d,Totalizado
Águas Vermelhas,MG,0213,0072,6259,Deputado Estadual,7,44777,WENDEL CRISTIANO SOARES DE MESQUITA,UNIÃO,44,2,20261004T180521,37747831493351495731475534364a6b485638596f486730556850434b68412d525a416379455554594c4d3d,Totalizado
Águas Vermelhas,MG,0213,0072,6259,Deputado Estadual,7,10789,NEILANDO ALVES PIMENTA,REPUBLICANOS,10,1,20261004T180521,37747831493351495731475534364a6b485638596f486730556850434b68412d525a416379455554594c4d3d,Totalizado
Águas Vermelhas,MG,0213,0072,6259,Deputado Estadual,7,11300,DOORGAL GUSTAVO SAD LAFAYETTE DE ANDRADA,PP,11,1,20261004T180521,37747831493351495731475534364a6b485638596f486730556850434b68412d525a416379455554594c4d3d,Totalizado
Águas Vermelhas,MG,0213,0072,6259,Deputado Estadual,7,11789,NAYARA ROCHA PERDIGÃO LARA,PP,11,1,20261004T180521,37747831493351495731475534364a6b485638596f486730556850434b68412d525a416379455554594c4d3d,Totalizado
Águas Vermelhas,MG,0213,0072,6259,Deputado Estadual,7,13130,MACAE MARIA EVARISTO DOS SANTOS,PT,13,1,20261004T180521,37747831493351495731475534364a6b485638596f486730556850434b68412d525a416379455554594c4d3d,Totalizado
Águas Vermelhas,MG,0213,0072,6259,Deputado Estadual,7,13456,MARILENE ALVES DE SOUZA,PT,13,1,20261004T180521,37747831493351495731475534364a6b485638596f486730556850434b68412d525a416379455554594c4d3d,Totalizado
Águas Vermelhas,MG,0213,0072,6259,Deputado Estadual,7,13579,WHELTON PIMENTEL DE FREITAS,PT,13,1,20261004T180521,37747831493351495731475534364a6b485638596f486730556850434b68412d525a416379455554594c4d3d,Totalizado
Águas Vermelhas,MG,0213,0072,6259,Deputado Estadual,7,14000,LUANA GOMES DA SILVA,MISSÃO,14,1,20261004T180521,37747831493351495731475534364a6b485638596f486730556850434b68412d525a416379455554594c4d3d,Totalizado
Águas Vermelhas,MG,0213,0072,6259,Deputado Estadual,7,15018,LOURENE ALVES FERREIRA,MDB,15,1,20261004T180521,37747831493351495731475534364a6b485638596f486730556850434b68412d525a416379455554594c4d3d,Totalizado
Águas Vermelhas,MG,0213,0072,6259,Deputado Estadual,7,20000,FLAVIA FERREIRA BORJA PINTO,PODE,20,1,20261004T180521,37747831493351495731475534364a6b485638596f486730556850434b68412d525a416379455554594c4d3d,Totalizado
Águas Vermelhas,MG,0213,0072,6259,Deputado Estadual,7,22122,WASHINGTON FERNANDO RODRIGUES,PL,22,1,20261004T180521,37747831493351495731475534364a6b485638596f486730556850434b68412d525a416379455554594c4d3d,Totalizado
Águas Vermelhas,MG,0213,0072,6259,Deputado Estadual,7,22222,BRUNO DE CASTRO ENGLER FLORENCIO DE ALMEIDA,PL,22,1,20261004T180521,37747831493351495731475534364a6b485638596f486730556850434b68412d525a416379455554594c4d3d,Totalizado
Águas Vermelhas,MG,0213,0072,6259,Deputado Estadual,7,22777,CHIARA TEIXEIRA BIONDINI,PL,22,1,20261004T180521,37747831493351495731475534364a6b485638596f486730556850434b68412d525a416379455554594c4d3d,Totalizado
Águas Vermelhas,MG,0213,0072,6259,Deputado Estadual,7,45555,PAULO CELIO DE ALMEIDA HUGO,PSDB,45,1,20261004T180521,37747831493351495731475534364a6b485638596f486730556850434b68412d525a416379455554594c4d3d,Totalizado
Águas Vermelhas,MG,0213,0072,6259,Deputado Estadual,7,50500,MARIA CAROLINA SANTOS CALDEIRA,PSOL,50,1,20261004T180521,37747831493351495731475534364a6b485638596f486730556850434b68412d525a416379455554594c4d3d,Totalizado
Águas Vermelhas,MG,0213,0072,6259,Deputado Estadual,7,70122,RODNEY MARCELO FLORENTINO MARTINS,AVANTE,70,1,20261004T180521,37747831493351495731475534364a6b485638596f486730556850434b68412d525a416379455554594c4d3d,Totalizado
Águas Vermelhas,MG,0213,0073,6259,Deputado Estadual,7,70123,ANA CAROLINA PINTO CARAM GUIMARAES,AVANTE,70,81,20261004T201432,4939736476566e454c6e6663342b7166726e697834634a47572b543953734b6562616f3236644d4d4750343d,Totalizado
Águas Vermelhas,MG,0213,0073,6259,Deputado Estadual,7,22345,DENERVAL GERMANO DA CRUZ,PL,22,58,20261004T201432,4939736476566e454c6e6663342b7166726e697834634a47572b543953734b6562616f3236644d4d4750343d,Totalizado
Águas Vermelhas,MG,0213,0073,6259,Deputado Estadual,7,10123,CARLOS HENRIQUE ALVES DA SILVA,REPUBLICANOS,10,18,20261004T201432,4939736476566e454c6e6663342b7166726e697834634a47572b543953734b6562616f3236644d4d4750343d,Totalizado
Águas Vermelhas,MG,0213,0073,6259,Deputado Estadual,7,13100,JEAN MARK FREIRE SILVA,PT,13,16,20261004T201432,4939736476566e454c6e6663342b7166726e697834634a47572b543953734b6562616f3236644d4d4750343d,Totalizado
Águas Vermelhas,MG,0213,0073,6259,Deputado Estadual,7,43789,CARLITO PEREIRA DA COSTA,PV,43,13,20261004T201432,4939736476566e454c6e6663342b7166726e697834634a47572b543953734b6562616f3236644d4d4750343d,Totalizado
Águas Vermelhas,MG,0213,0073,6259,Deputado Estadual,7,13123,BEATRIZ DA SILVA CERQUEIRA,PT,13,7,20261004T201432,4939736476566e454c6e6663342b7166726e697834634a47572b543953734b6562616f3236644d4d4750343d,Totalizado
Águas Vermelhas,MG,0213,0073,6259,Deputado Estadual,7,13450,CARLOS MAGNO RIBEIRO COSTA,PT,13,4,20261004T201432,4939736476566e454c6e6663342b7166726e697834634a47572b543953734b6562616f3236644d4d4750343d,Totalizado
Águas Vermelhas,MG,0213,0073,6259,Deputado Estadual,7,22800,GUSTAVO DE VASCONCELLOS MOREIRA,PL,22,4,20261004T201432,4939736476566e454c6e6663342b7166726e697834634a47572b543953734b6562616f3236644d4d4750343d,Totalizado
Águas Vermelhas,MG,0213,0073,6259,Deputado Estadual,7,25222,ROBERTO DIAS DE ANDRADE,PRD,25,3,20261004T201432,4939736476566e454c6e6663342b7166726e697834634a47572b543953734b6562616f3236644d4d4750343d,Totalizado
Águas Vermelhas,MG,0213,0073,6259,Deputado Estadual,7,44777,WENDEL CRISTIANO SOARES DE MESQUITA,UNIÃO,44,3,20261004T201432,4939736476566e454c6e6663342b7166726e697834634a47572b543953734b6562616f3236644d4d4750343d,Totalizado
Águas Vermelhas,MG,0213,0073,6259,Deputado Estadual,7,13579,WHELTON PIMENTEL DE FREITAS,PT,13,2,20261004T201432,4939736476566e454c6e6663342b7166726e697834634a47572b543953734b6562616f3236644d4d4750343d,Totalizado
Águas Vermelhas,MG,0213,0073,6259,Deputado Estadual,7,22010,EDUARDO HENRIQUE DE AZEVEDO,PL,22,2,20261004T201432,4939736476566e454c6e6663342b7166726e697834634a47572b543953734b6562616f3236644d4d4750343d,Totalizado
Águas Vermelhas,MG,0213,0073,6259,Deputado Estadual,7,22111,PHABLO GOMES ALMEIDA,PL,22,2,20261004T201432,4939736476566e454c6e6663342b7166726e697834634a47572b543953734b6562616f3236644d4d4750343d,Totalizado
Águas Vermelhas,MG,0213,0073,6259,Deputado Estadual,7,45999,LEONIDIO HENRIQUE CORREA BOUCAS,PSDB,45,2,20261004T201432,4939736476566e454c6e6663342b7166726e697834634a47572b543953734b6562616f3236644d4d4750343d,Totalizado
Águas Vermelhas,MG,0213,0073,6259,Deputado Estadual,7,55240,TITO BRUNO MIRANDA TORRES DUARTE,PSD,55,2,20261004T201432,4939736476566e454c6e6663342b7166726e697834634a47572b543953734b6562616f3236644d4d4750343d,Totalizado
Águas Vermelhas,MG,0213,0073,6259,Deputado Estadual,7,11123,ADRIANO DE ALMEIDA ALVARENGA,PP,11,1,20261004T201432,4939736476566e454c6e6663342b7166726e697834634a47572b543953734b6562616f3236644d4d4750343d,Totalizado
Águas Vermelhas,MG,0213,0073,6259,Deputado Estadual,7,13134,EDUARDO PEREIRA DE OLIVEIRA,PT,13,1,20261004T201432,4939736476566e454c6e6663342b7166726e697834634a47572b543953734b6562616f3236644d4d4750343d,Totalizado
Águas Vermelhas,MG,0213,0073,6259,Deputado Estadual,7,15111,ARLEN DE PAULO SANTIAGO FILHO,MDB,15,1,20261004T201432,4939736476566e454c6e6663342b7166726e697834634a47572b543953734b6562616f3236644d4d4750343d,Totalizado
Águas Vermelhas,MG,0213,0073,6259,Deputado Estadual,7,22221,ANDERSON LIMA DA SILVA,PL,22,1,20261004T201432,4939736476566e454c6e6663342b7166726e697834634a47572b543953734b6562616f3236644d4d4750343d,Totalizado
Águas Vermelhas,MG,0213,0073,6259,Deputado Estadual,7,22888,UGLENO ALVES PEREIRA SANTOS,PL,22,1,20261004T201432,4939736476566e454c6e6663342b7166726e697834634a47572b543953734b6562616f3236644d4d4750343d,Totalizado
Águas Vermelhas,MG,0213,0073,6259,Deputado Estadual,7,25555,JOSÉ VALADARES BAHIA,PRD,25,1,20261004T201432,4939736476566e454c6e6663342b7166726e697834634a47572b543953734b6562616f3236644d4d4750343d,Totalizado
Águas Vermelhas,MG,0213,0073,6259,Deputado Estadual,7,30880,OTÁVIO MARTINS MAIA,NOVO,30,1,20261004T201432,4939736476566e454c6e6663342b7166726e697834634a47572b543953734b6562616f3236644d4d4750343d,Totalizado
Águas Vermelhas,MG,0213,0073,6259,Deputado Estadual,7,35190,THIAGO GREGORIO CEZARIO DA SILVA,DEMOCRATA,35,1,20261004T201432,4939736476566e454c6e6663342b7166726e697834634a47572b543953734b6562616f3236644d4d4750343d,Totalizado
Águas Vermelhas,MG,0213,0073,6259,Deputado Estadual,7,35321,HELOYR LIVINGSTONE BARREIROS FORTUNATO,DEMOCRATA,35,1,20261004T201432,4939736476566e454c6e6663342b7166726e697834634a47572b543953734b6562616f3236644d4d4750343d,Totalizado
Águas Vermelhas,MG,0213,0073,6259,Deputado Estadual,7,40900,LUCIANO COELHO PETTERSEN,PSB,40,1,20261004T201432,4939736476566e454c6e6663342b7166726e697834634a47572b543953734b6562616f3236644d4d4750343d,Totalizado
Águas Vermelhas,MG,0213,0073,6259,Deputado Estadual,7,45300,MARIA CLARA MATOS MARRA,PSDB,45,1,20261004T201432,4939736476566e454c6e6663342b7166726e697834634a47572b543953734b6562616f3236644d4d4750343d,Totalizado
Águas Vermelhas,MG,0213,0073,6259,Deputado Estadual,7,50099,IZABELLA LOURENÇA AMORIM ROMUALDO,PSOL,50,1,20261004T201432,4939736476566e454c6e6663342b7166726e697834634a47572b543953734b6562616f3236644d4d4750343d,Totalizado
Águas Vermelhas,MG,0213,0073,6259,Deputado Estadual,7,50111,JUHLIA SANTOS,PSOL,50,1,20261004T201432,4939736476566e454c6e6663342b7166726e697834634a47572b543953734b6562616f3236644d4d4750343d,Totalizado
Águas Vermelhas,MG,0213,0074,6259,Deputado Estadual,7,70123,ANA CAROLINA PINTO CARAM GUIMARAES,AVANTE,70,96,20261004T183104,305243306c3963316b374f6c5951464d704b55595376354747654c77616b5154372d32572d716c576855513d,Totalizado
Águas Vermelhas,MG,0213,0074,6259,Deputado Estadual,7,22345,DENERVAL GERMANO DA CRUZ,PL,22,44,20261004T183104,305243306c3963316b374f6c5951464d704b55595376354747654c77616b5154372d32572d716c576855513d,Totalizado
Águas Vermelhas,MG,0213,0074,6259,Deputado Estadual,7,10123,CARLOS HENRIQUE ALVES DA SILVA,REPUBLICANOS,10,15,20261004T183104,305243306c3963316b374f6c5951464d704b55595376354747654c77616b5154372d32572d716c576855513d,Totalizado
Águas Vermelhas,MG,0213,0074,6259,Deputado Estadual,7,13100,JEAN MARK FREIRE SILVA,PT,13,14,20261004T183104,305243306c3963316b374f6c5951464d704b55595376354747654c77616b5154372d32572d716c576855513d,Totalizado
Águas Vermelhas,MG,0213,0074,6259,Deputado Estadual,7,43789,CARLITO PEREIRA DA COSTA,PV,43,11,20261004T183104,305243306c3963316b374f6c5951464d704b55595376354747654c77616b5154372d32572d716c576855513d,Totalizado
Águas Vermelhas,MG,0213,0074,6259,Deputado Estadual,7,13123,BEATRIZ DA SILVA CERQUEIRA,PT,13,8,20261004T183104,305243306c3963316b374f6c5951464d704b55595376354747654c77616b5154372d32572d716c576855513d,Totalizado
Águas Vermelhas,MG,0213,0074,6259,Deputado Estadual,7,44777,WENDEL CRISTIANO SOARES DE MESQUITA,UNIÃO,44,4,20261004T183104,305243306c3963316b374f6c5951464d704b55595376354747654c77616b5154372d32572d716c576855513d,Totalizado
Águas Vermelhas,MG,0213,0074,6259,Deputado Estadual,7,40777,ANTONIO AUGUSTO RESENDE MAIA,PSB,40,3,20261004T183104,305243306c3963316b374f6c5951464d704b55595376354747654c77616b5154372d32572d716c576855513d,Totalizado
Águas Vermelhas,MG,0213,0074,6259,Deputado Estadual,7,11230,OSCAR LISANDRO TEIXEIRA,PP,11,2,20261004T183104,305243306c3963316b374f6c5951464d704b55595376354747654c77616b5154372d32572d716c576855513d,Totalizado
Águas Vermelhas,MG,0213,0074,6259,Deputado Estadual,7,13000,ADRIANA CRISTINA FABIANO DE SOUZA,PT,13,2,20261004T183104,305243306c3963316b374f6c5951464d704b55595376354747654c77616b5154372d32572d716c576855513d,Totalizado
Águas Vermelhas,MG,0213,0074,6259,Deputado Estadual,7,15111,ARLEN DE PAULO SANTIAGO FILHO,MDB,15,2,20261004T183104,305243306c3963316b374f6c5951464d704b55595376354747654c77616b5154372d32572d716c576855513d,Totalizado
Águas Vermelhas,MG,0213,0074,6259,Deputado Estadual,7,20000,FLAVIA FERREIRA BORJA PINTO,PODE,20,2,20261004T183104,305243306c3963316b374f6c5951464d704b55595376354747654c77616b5154372d32572d716c576855513d,Totalizado
Águas Vermelhas,MG,0213,0074,6259,Deputado Estadual,7,22888,UGLENO ALVES PEREIRA SANTOS,PL,22,2,20261004T183104,305243306c3963316b374f6c5951464d704b55595376354747654c77616b5154372d32572d716c576855513d,Totalizado
Águas Vermelhas,MG,0213,0074,6259,Deputado Estadual,7,50099,IZABELLA LOURENÇA AMORIM ROMUALDO,PSOL,50,2,20261004T183104,305243306c3963316b374f6c5951464d704b55595376354747654c77616b5154372d32572d716c576855513d,Totalizado
Águas Vermelhas,MG,0213,0074,6259,Deputado Estadual,7,11789,NAYARA ROCHA PERDIGÃO LARA,PP,11,1,20261004T183104,305243306c3963316b374f6c5951464d704b55595376354747654c77616b5154372d32572d716c576855513d,Totalizado
Águas Vermelhas,MG,0213,0074,6259,Deputado Estadual,7,12111,LAIS SANTIAGO JORGE,PDT,12,1,20261004T183104,305243306c3963316b374f6c5951464d704b55595376354747654c77616b5154372d32572d716c576855513d,Totalizado
Águas Vermelhas,MG,0213,0074,6259,Deputado Estadual,7,13134,EDUARDO PEREIRA DE OLIVEIRA,PT,13,1,20261004T183104,305243306c3963316b374f6c5951464d704b55595376354747654c77616b5154372d32572d716c576855513d,Totalizado
Águas Vermelhas,MG,0213,0074,6259,Deputado Estadual,7,13222,DANIEL BATISTA SUCUPIRA,PT,13,1,20261004T183104,305243306c3963316b374f6c5951464d704b55595376354747654c77616b5154372d32572d716c576855513d,Totalizado
Águas Vermelhas,MG,0213,0074,6259,Deputado Estadual,7,13450,CARLOS MAGNO RIBEIRO COSTA,PT,13,1,20261004T183104,305243306c3963316b374f6c5951464d704b55595376354747654c77616b5154372d32572d716c576855513d,Totalizado
Águas Vermelhas,MG,0213,0074,6259,Deputado Estadual,7,13579,WHELTON PIMENTEL DE FREITAS,PT,13,1,20261004T183104,305243306c3963316b374f6c5951464d704b55595376354747654c77616b5154372d32572d716c576855513d,Totalizado
Águas Vermelhas,MG,0213,0074,6259,Deputado Estadual,7,22010,EDUARDO HENRIQUE DE AZEVEDO,PL,22,1,20261004T183104,305243306c3963316b374f6c5951464d704b55595376354747654c77616b5154372d32572d716c576855513d,Totalizado
Águas Vermelhas,MG,0213,0074,6259,Deputado Estadual,7,22222,BRUNO DE CASTRO ENGLER FLORENCIO DE ALMEIDA,PL,22,1,20261004T183104,305243306c3963316b374f6c5951464d704b55595376354747654c77616b5154372d32572d716c576855513d,Totalizado
Águas Vermelhas,MG,0213,0074,6259,Deputado Estadual,7,22800,GUSTAVO DE VASCONCELLOS MOREIRA,PL,22,1,20261004T183104,305243306c3963316b374f6c5951464d704b55595376354747654c77616b5154372d32572d716c576855513d,Totalizado
Águas Vermelhas,MG,0213,0074,6259,Deputado Estadual,7,25222,ROBERTO DIAS DE ANDRADE,PRD,25,1,20261004T183104,305243306c3963316b374f6c5951464d704b55595376354747654c77616b5154372d32572d716c576855513d,Totalizado
Águas Vermelhas,MG,0213,0074,6259,Deputado Estadual,7,30011,JOSE LAVIOLA NETO DE LIRA,NOVO,30,1,20261004T183104,305243306c3963316b374f6c5951464d704b55595376354747654c77616b5154372d32572d716c576855513d,Totalizado
Águas Vermelhas,MG,0213,0074,6259,Deputado Estadual,7,45999,LEONIDIO HENRIQUE CORREA BOUCAS,PSDB,45,1,20261004T183104,305243306c3963316b374f6c5951464d704b55595376354747654c77616b5154372d32572d716c576855513d,Totalizado
Águas Vermelhas,MG,0213,0074,6259,Deputado Estadual,7,70777,LINDALVA LAMOIA TEIXEIRA MACHADO,AVANTE,70,1,20261004T183104,305243306c3963316b374f6c5951464d704b55595376354747654c77616b5154372d32572d716c576855513d,Totalizado
Águas Vermelhas,MG,0213,0075,6259,Deputado Estadual,7,70123,ANA CAROLINA PINTO CARAM GUIMARAES,AVANTE,70,96,20261004T190629,63432d756243644e494165542b44466c7a756144306f57445a352b6753637370626768496e7434686437673d,Totalizado
Águas Vermelhas,MG,0213,0075,6259,Deputado Estadual,7,22345,DENERVAL GERMANO DA CRUZ,PL,22,45,20261004T190629,63432d756243644e494165542b44466c7a756144306f57445a352b6753637370626768496e7434686437673d,Totalizado
Águas Vermelhas,MG,0213,0075,6259,Deputado Estadual,7,43789,CARLITO PEREIRA DA COSTA,PV,43,15,20261004T190629,63432d756243644e494165542b44466c7a756144306f57445a352b6753637370626768496e7434686437673d,Totalizado
Águas Vermelhas,MG,0213,0075,6259,Deputado Estadual,7,10123,CARLOS HENRIQUE ALVES DA SILVA,REPUBLICANOS,10,13,20261004T190629,63432d756243644e494165542b44466c7a756144306f57445a352b6753637370626768496e7434686437673d,Totalizado
Águas Vermelhas,MG,0213,0075,6259,Deputado Estadual,7,13100,JEAN MARK FREIRE SILVA,PT,13,10,20261004T190629,63432d756243644e494165542b44466c7a756144306f57445a352b6753637370626768496e7434686437673d,Totalizado
Águas Vermelhas,MG,0213,0075,6259,Deputado Estadual,7,13123,BEATRIZ DA SILVA CERQUEIRA,PT,13,7,20261004T190629,63432d756243644e494165542b44466c7a756144306f57445a352b6753637370626768496e7434686437673d,Totalizado
Águas Vermelhas,MG,0213,0075,6259,Deputado Estadual,7,15111,ARLEN DE PAULO SANTIAGO FILHO,MDB,15,6,20261004T190629,63432d756243644e494165542b44466c7a756144306f57445a352b6753637370626768496e7434686437673d,Totalizado
Águas Vermelhas,MG,0213,0075,6259,Deputado Estadual,7,22010,EDUARDO HENRIQUE DE AZEVEDO,PL,22,6,20261004T190629,63432d756243644e494165542b44466c7a756144306f57445a352b6753637370626768496e7434686437673d,Totalizado
Águas Vermelhas,MG,0213,0075,6259,Deputado Estadual,7,44777,WENDEL CRISTIANO SOARES DE MESQUITA,UNIÃO,44,4,20261004T190629,63432d756243644e494165542b44466c7a756144306f57445a352b6753637370626768496e7434686437673d,Totalizado
Águas Vermelhas,MG,0213,0075,6259,Deputado Estadual,7,13130,MACAE MARIA EVARISTO DOS SANTOS,PT,13,3,20261004T190629,63432d756243644e494165542b44466c7a756144306f57445a352b6753637370626768496e7434686437673d,Totalizado
Águas Vermelhas,MG,0213,0075,6259,Deputado Estadual,7,25222,ROBERTO DIAS DE ANDRADE,PRD,25,3,20261004T190629,63432d756243644e494165542b44466c7a756144306f57445a352b6753637370626768496e7434686437673d,Totalizado
Águas Vermelhas,MG,0213,0075,6259,Deputado Estadual,7,11789,NAYARA ROCHA PERDIGÃO LARA,PP,11,2,20261004T190629,63432d756243644e494165542b44466c7a756144306f57445a352b6753637370626768496e7434686437673d,Totalizado
Águas Vermelhas,MG,0213,0075,6259,Deputado Estadual,7,13579,WHELTON PIMENTEL DE FREITAS,PT,13,2,20261004T190629,63432d756243644e494165542b44466c7a756144306f57445a352b6753637370626768496e7434686437673d,Totalizado
Águas Vermelhas,MG,0213,0075,6259,Deputado Estadual,7,22222,BRUNO DE CASTRO ENGLER FLORENCIO DE ALMEIDA,PL,22,2,20261004T190629,63432d756243644e494165542b44466c7a756144306f57445a352b6753637370626768496e7434686437673d,Totalizado
Águas Vermelhas,MG,0213,0075,6259,Deputado Estadual,7,35321,HELOYR LIVINGSTONE BARREIROS FORTUNATO,DEMOCRATA,35,2,20261004T190629,63432d756243644e494165542b44466c7a756144306f57445a352b6753637370626768496e7434686437673d,Totalizado
Águas Vermelhas,MG,0213,0075,6259,Deputado Estadual,7,43456,GABRIEL MENDES DE ALMEIDA CARVALHO,PV,43,2,20261004T190629,63432d756243644e494165542b44466c7a756144306f57445a352b6753637370626768496e7434686437673d,Totalizado
Águas Vermelhas,MG,0213,0075,6259,Deputado Estadual,7,10789,NEILANDO ALVES PIMENTA,REPUBLICANOS,10,1,20261004T190629,63432d756243644e494165542b44466c7a756144306f57445a352b6753637370626768496e7434686437673d,Totalizado
Águas Vermelhas,MG,0213,0075,6259,Deputado Estadual,7,11230,OSCAR LISANDRO TEIXEIRA,PP,11,1,20261004T190629,63432d756243644e494165542b44466c7a756144306f57445a352b6753637370626768496e7434686437673d,Totalizado
Águas Vermelhas,MG,0213,0075,6259,Deputado Estadual,7,12111,LAIS SANTIAGO JORGE,PDT,12,1,20261004T190629,63432d756243644e494165542b44466c7a756144306f57445a352b6753637370626768496e7434686437673d,Totalizado
Águas Vermelhas,MG,0213,0075,6259,Deputado Estadual,7,13450,CARLOS MAGNO RIBEIRO COSTA,PT,13,1,20261004T190629,63432d756243644e494165542b44466c7a756144306f57445a352b6753637370626768496e7434686437673d,Totalizado
Águas Vermelhas,MG,0213,0075,6259,Deputado Estadual,7,13567,MARIA ALVES DE SOUZA,PT,13,1,20261004T190629,63432d756243644e494165542b44466c7a756144306f57445a352b6753637370626768496e7434686437673d,Totalizado
Águas Vermelhas,MG,0213,0075,6259,Deputado Estadual,7,22111,PHABLO GOMES ALMEIDA,PL,22,1,20261004T190629,63432d756243644e494165542b44466c7a756144306f57445a352b6753637370626768496e7434686437673d,Totalizado
Águas Vermelhas,MG,0213,0075,6259,Deputado Estadual,7,22122,WASHINGTON FERNANDO RODRIGUES,PL,22,1,20261004T190629,63432d756243644e494165542b44466c7a756144306f57445a352b6753637370626768496e7434686437673d,Totalizado
Águas Vermelhas,MG,0213,0075,6259,Deputado Estadual,7,22123,ANTÔNIO CARLOS ARANTES,PL,22,1,20261004T190629,63432d756243644e494165542b44466c7a756144306f57445a352b6753637370626768496e7434686437673d,Totalizado
Águas Vermelhas,MG,0213,0075,6259,Deputado Estadual,7,22800,GUSTAVO DE VASCONCELLOS MOREIRA,PL,22,1,20261004T190629,63432d756243644e494165542b44466c7a756144306f57445a352b6753637370626768496e7434686437673d,Totalizado
Águas Vermelhas,MG,0213,0075,6259,Deputado Estadual,7,45999,LEONIDIO HENRIQUE CORREA BOUCAS,PSDB,45,1,20261004T190629,63432d756243644e494165542b44466c7a756144306f57445a352b6753637370626768496e7434686437673d,Totalizado
Águas Vermelhas,MG,0213,0076,6259,Deputado Estadual,7,70123,ANA CAROLINA PINTO CARAM GUIMARAES,AVANTE,70,95,20261004T175933,596b7945644f4b6a6f4d456e496146556a552d573376706a6c384b4a643563682b6e3558476455737551513d,Totalizado
Águas Vermelhas,MG,0213,0076,6259,Deputado Estadual,7,22345,DENERVAL GERMANO DA CRUZ,PL,22,43,20261004T175933,596b7945644f4b6a6f4d456e496146556a552d573376706a6c384b4a643563682b6e3558476455737551513d,Totalizado
Águas Vermelhas,MG,0213,0076,6259,Deputado Estadual,7,10123,CARLOS HENRIQUE ALVES DA SILVA,REPUBLICANOS,10,25,20261004T175933,596b7945644f4b6a6f4d456e496146556a552d573376706a6c384b4a643563682b6e3558476455737551513d,Totalizado
Águas Vermelhas,MG,0213,0076,6259,Deputado Estadual,7,43789,CARLITO PEREIRA DA COSTA,PV,43,18,20261004T175933,596b7945644f4b6a6f4d456e496146556a552d573376706a6c384b4a643563682b6e3558476455737551513d,Totalizado
Águas Vermelhas,MG,0213,0076,6259,Deputado Estadual,7,13100,JEAN MARK FREIRE SILVA,PT,13,14,20261004T175933,596b7945644f4b6a6f4d456e496146556a552d573376706a6c384b4a643563682b6e3558476455737551513d,Totalizado
Águas Vermelhas,MG,0213,0076,6259,Deputado Estadual,7,13450,CARLOS MAGNO RIBEIRO COSTA,PT,13,3,20261004T175933,596b7945644f4b6a6f4d456e496146556a552d573376706a6c384b4a643563682b6e3558476455737551513d,Totalizado
Águas Vermelhas,MG,0213,0076,6259,Deputado Estadual,7,20000,FLAVIA FERREIRA BORJA PINTO,PODE,20,3,20261004T175933,596b7945644f4b6a6f4d456e496146556a552d573376706a6c384b4a643563682b6e3558476455737551513d,Totalizado
Águas Vermelhas,MG,0213,0076,6259,Deputado Estadual,7,10122,Nº 10122 (não consta no EA20 municipal),REPUBLICANOS,10,2,20261004T175933,596b7945644f4b6a6f4d456e496146556a552d573376706a6c384b4a643563682b6e3558476455737551513d,Totalizado
Águas Vermelhas,MG,0213,0076,6259,Deputado Estadual,7,13123,BEATRIZ DA SILVA CERQUEIRA,PT,13,2,20261004T175933,596b7945644f4b6a6f4d456e496146556a552d573376706a6c384b4a643563682b6e3558476455737551513d,Totalizado
Águas Vermelhas,MG,0213,0076,6259,Deputado Estadual,7,13130,MACAE MARIA EVARISTO DOS SANTOS,PT,13,2,20261004T175933,596b7945644f4b6a6f4d456e496146556a552d573376706a6c384b4a643563682b6e3558476455737551513d,Totalizado
Águas Vermelhas,MG,0213,0076,6259,Deputado Estadual,7,13300,MARIA DO CARMO LARA PERPETUO,PT,13,2,20261004T175933,596b7945644f4b6a6f4d456e496146556a552d573376706a6c384b4a643563682b6e3558476455737551513d,Totalizado
Águas Vermelhas,MG,0213,0076,6259,Deputado Estadual,7,15111,ARLEN DE PAULO SANTIAGO FILHO,MDB,15,2,20261004T175933,596b7945644f4b6a6f4d456e496146556a552d573376706a6c384b4a643563682b6e3558476455737551513d,Totalizado
Águas Vermelhas,MG,0213,0076,6259,Deputado Estadual,7,22010,EDUARDO HENRIQUE DE AZEVEDO,PL,22,2,20261004T175933,596b7945644f4b6a6f4d456e496146556a552d573376706a6c384b4a643563682b6e3558476455737551513d,Totalizado
Águas Vermelhas,MG,0213,0076,6259,Deputado Estadual,7,22456,DELMIRO GENESIO DOS SANTOS,PL,22,2,20261004T175933,596b7945644f4b6a6f4d456e496146556a552d573376706a6c384b4a643563682b6e3558476455737551513d,Totalizado
Águas Vermelhas,MG,0213,0076,6259,Deputado Estadual,7,22800,GUSTAVO DE VASCONCELLOS MOREIRA,PL,22,2,20261004T175933,596b7945644f4b6a6f4d456e496146556a552d573376706a6c384b4a643563682b6e3558476455737551513d,Totalizado
Águas Vermelhas,MG,0213,0076,6259,Deputado Estadual,7,44777,WENDEL CRISTIANO SOARES DE MESQUITA,UNIÃO,44,2,20261004T175933,596b7945644f4b6a6f4d456e496146556a552d573376706a6c384b4a643563682b6e3558476455737551513d,Totalizado
Águas Vermelhas,MG,0213,0076,6259,Deputado Estadual,7,12111,LAIS SANTIAGO JORGE,PDT,12,1,20261004T175933,596b7945644f4b6a6f4d456e496146556a552d573376706a6c384b4a643563682b6e3558476455737551513d,Totalizado
Águas Vermelhas,MG,0213,0076,6259,Deputado Estadual,7,13001,HENRICO BARBOZA DE MOURA,PT,13,1,20261004T175933,596b7945644f4b6a6f4d456e496146556a552d573376706a6c384b4a643563682b6e3558476455737551513d,Totalizado
Águas Vermelhas,MG,0213,0076,6259,Deputado Estadual,7,13050,ANDRÉIA DE JESUS SILVA,PT,13,1,20261004T175933,596b7945644f4b6a6f4d456e496146556a552d573376706a6c384b4a643563682b6e3558476455737551513d,Totalizado
Águas Vermelhas,MG,0213,0076,6259,Deputado Estadual,7,13120,CRISTIANO TADEU DA SILVEIRA,PT,13,1,20261004T175933,596b7945644f4b6a6f4d456e496146556a552d573376706a6c384b4a643563682b6e3558476455737551513d,Totalizado
Águas Vermelhas,MG,0213,0076,6259,Deputado Estadual,7,13579,WHELTON PIMENTEL DE FREITAS,PT,13,1,20261004T175933,596b7945644f4b6a6f4d456e496146556a552d573376706a6c384b4a643563682b6e3558476455737551513d,Totalizado
Águas Vermelhas,MG,0213,0076,6259,Deputado Estadual,7,22222,BRUNO DE CASTRO ENGLER FLORENCIO DE ALMEIDA,PL,22,1,20261004T175933,596b7945644f4b6a6f4d456e496146556a552d573376706a6c384b4a643563682b6e3558476455737551513d,Totalizado
Águas Vermelhas,MG,0213,0076,6259,Deputado Estadual,7,22555,IVSON GOMES DE CASTRO,PL,22,1,20261004T175933,596b7945644f4b6a6f4d456e496146556a552d573376706a6c384b4a643563682b6e3558476455737551513d,Totalizado
Águas Vermelhas,MG,0213,0076,6259,Deputado Estadual,7,30456,LARISSA RODRIGUES DIAS,NOVO,30,1,20261004T175933,596b7945644f4b6a6f4d456e496146556a552d573376706a6c384b4a643563682b6e3558476455737551513d,Totalizado
Águas Vermelhas,MG,0213,0076,6259,Deputado Estadual,7,50099,IZABELLA LOURENÇA AMORIM ROMUALDO,PSOL,50,1,20261004T175933,596b7945644f4b6a6f4d456e496146556a552d573376706a6c384b4a643563682b6e3558476455737551513d,Totalizado
Águas Vermelhas,MG,0213,0077,6259,Deputado Estadual,7,70123,ANA CAROLINA PINTO CARAM GUIMARAES,AVANTE,70,91,20261004T174959,6735452d68512b31583675756236576432486a7a397669634947754830714c634d6368474158786d335a6b3d,Totalizado
Águas Vermelhas,MG,0213,0077,6259,Deputado Estadual,7,22345,DENERVAL GERMANO DA CRUZ,PL,22,56,20261004T174959,6735452d68512b31583675756236576432486a7a397669634947754830714c634d6368474158786d335a6b3d,Totalizado
Águas Vermelhas,MG,0213,0077,6259,Deputado Estadual,7,10123,CARLOS HENRIQUE ALVES DA SILVA,REPUBLICANOS,10,13,20261004T174959,6735452d68512b31583675756236576432486a7a397669634947754830714c634d6368474158786d335a6b3d,Totalizado
Águas Vermelhas,MG,0213,0077,6259,Deputado Estadual,7,13100,JEAN MARK FREIRE SILVA,PT,13,13,20261004T174959,6735452d68512b31583675756236576432486a7a397669634947754830714c634d6368474158786d335a6b3d,Totalizado
Águas Vermelhas,MG,0213,0077,6259,Deputado Estadual,7,13123,BEATRIZ DA SILVA CERQUEIRA,PT,13,9,20261004T174959,6735452d68512b31583675756236576432486a7a397669634947754830714c634d6368474158786d335a6b3d,Totalizado
Águas Vermelhas,MG,0213,0077,6259,Deputado Estadual,7,43789,CARLITO PEREIRA DA COSTA,PV,43,8,20261004T174959,6735452d68512b31583675756236576432486a7a397669634947754830714c634d6368474158786d335a6b3d,Totalizado
Águas Vermelhas,MG,0213,0077,6259,Deputado Estadual,7,22800,GUSTAVO DE VASCONCELLOS MOREIRA,PL,22,7,20261004T174959,6735452d68512b31583675756236576432486a7a397669634947754830714c634d6368474158786d335a6b3d,Totalizado
Águas Vermelhas,MG,0213,0077,6259,Deputado Estadual,7,44777,WENDEL CRISTIANO SOARES DE MESQUITA,UNIÃO,44,4,20261004T174959,6735452d68512b31583675756236576432486a7a397669634947754830714c634d6368474158786d335a6b3d,Totalizado
Águas Vermelhas,MG,0213,0077,6259,Deputado Estadual,7,20000,FLAVIA FERREIRA BORJA PINTO,PODE,20,3,20261004T174959,6735452d68512b31583675756236576432486a7a397669634947754830714c634d6368474158786d335a6b3d,Totalizado
Águas Vermelhas,MG,0213,0077,6259,Deputado Estadual,7,25222,ROBERTO DIAS DE ANDRADE,PRD,25,3,20261004T174959,6735452d68512b31583675756236576432486a7a397669634947754830714c634d6368474158786d335a6b3d,Totalizado
Águas Vermelhas,MG,0213,0077,6259,Deputado Estadual,7,11230,OSCAR LISANDRO TEIXEIRA,PP,11,2,20261004T174959,6735452d68512b31583675756236576432486a7a397669634947754830714c634d6368474158786d335a6b3d,Totalizado
Águas Vermelhas,MG,0213,0077,6259,Deputado Estadual,7,13130,MACAE MARIA EVARISTO DOS SANTOS,PT,13,2,20261004T174959,6735452d68512b31583675756236576432486a7a397669634947754830714c634d6368474158786d335a6b3d,Totalizado
Águas Vermelhas,MG,0213,0077,6259,Deputado Estadual,7,13450,CARLOS MAGNO RIBEIRO COSTA,PT,13,2,20261004T174959,6735452d68512b31583675756236576432486a7a397669634947754830714c634d6368474158786d335a6b3d,Totalizado
Águas Vermelhas,MG,0213,0077,6259,Deputado Estadual,7,15111,ARLEN DE PAULO SANTIAGO FILHO,MDB,15,2,20261004T174959,6735452d68512b31583675756236576432486a7a397669634947754830714c634d6368474158786d335a6b3d,Totalizado
Águas Vermelhas,MG,0213,0077,6259,Deputado Estadual,7,22222,BRUNO DE CASTRO ENGLER FLORENCIO DE ALMEIDA,PL,22,2,20261004T174959,6735452d68512b31583675756236576432486a7a397669634947754830714c634d6368474158786d335a6b3d,Totalizado
Águas Vermelhas,MG,0213,0077,6259,Deputado Estadual,7,45999,LEONIDIO HENRIQUE CORREA BOUCAS,PSDB,45,2,20261004T174959,6735452d68512b31583675756236576432486a7a397669634947754830714c634d6368474158786d335a6b3d,Totalizado
Águas Vermelhas,MG,0213,0077,6259,Deputado Estadual,7,10100,CHARLES DOS SANTOS,REPUBLICANOS,10,1,20261004T174959,6735452d68512b31583675756236576432486a7a397669634947754830714c634d6368474158786d335a6b3d,Totalizado
Águas Vermelhas,MG,0213,0077,6259,Deputado Estadual,7,11789,NAYARA ROCHA PERDIGÃO LARA,PP,11,1,20261004T174959,6735452d68512b31583675756236576432486a7a397669634947754830714c634d6368474158786d335a6b3d,Totalizado
Águas Vermelhas,MG,0213,0077,6259,Deputado Estadual,7,12111,LAIS SANTIAGO JORGE,PDT,12,1,20261004T174959,6735452d68512b31583675756236576432486a7a397669634947754830714c634d6368474158786d335a6b3d,Totalizado
Águas Vermelhas,MG,0213,0077,6259,Deputado Estadual,7,13000,ADRIANA CRISTINA FABIANO DE SOUZA,PT,13,1,20261004T174959,6735452d68512b31583675756236576432486a7a397669634947754830714c634d6368474158786d335a6b3d,Totalizado
Águas Vermelhas,MG,0213,0077,6259,Deputado Estadual,7,13070,VITOR GONÇALVES COSTA,PT,13,1,20261004T174959,6735452d68512b31583675756236576432486a7a397669634947754830714c634d6368474158786d335a6b3d,Totalizado
Águas Vermelhas,MG,0213,0077,6259,Deputado Estadual,7,13131,ROULIAN VIEIRA DO NASCIMENTO,PT,13,1,20261004T174959,6735452d68512b31583675756236576432486a7a397669634947754830714c634d6368474158786d335a6b3d,Totalizado
Águas Vermelhas,MG,0213,0077,6259,Deputado Estadual,7,13134,EDUARDO PEREIRA DE OLIVEIRA,PT,13,1,20261004T174959,6735452d68512b31583675756236576432486a7a397669634947754830714c634d6368474158786d335a6b3d,Totalizado
Águas Vermelhas,MG,0213,0077,6259,Deputado Estadual,7,13579,WHELTON PIMENTEL DE FREITAS,PT,13,1,20261004T174959,6735452d68512b31583675756236576432486a7a397669634947754830714c634d6368474158786d335a6b3d,Totalizado
Águas Vermelhas,MG,0213,0077,6259,Deputado Estadual,7,22010,EDUARDO HENRIQUE DE AZEVEDO,PL,22,1,20261004T174959,6735452d68512b31583675756236576432486a7a397669634947754830714c634d6368474158786d335a6b3d,Totalizado
Águas Vermelhas,MG,0213,0077,6259,Deputado Estadual,7,22123,ANTÔNIO CARLOS ARANTES,PL,22,1,20261004T174959,6735452d68512b31583675756236576432486a7a397669634947754830714c634d6368474158786d335a6b3d,Totalizado
Águas Vermelhas,MG,0213,0077,6259,Deputado Estadual,7,22888,UGLENO ALVES PEREIRA SANTOS,PL,22,1,20261004T174959,6735452d68512b31583675756236576432486a7a397669634947754830714c634d6368474158786d335a6b3d,Totalizado
Águas Vermelhas,MG,0213,0077,6259,Deputado Estadual,7,35190,THIAGO GREGORIO CEZARIO DA SILVA,DEMOCRATA,35,1,20261004T174959,6735452d68512b31583675756236576432486a7a397669634947754830714c634d6368474158786d335a6b3d,Totalizado
Águas Vermelhas,MG,0213,0077,6259,Deputado Estadual,7,40777,ANTONIO AUGUSTO RESENDE MAIA,PSB,40,1,20261004T174959,6735452d68512b31583675756236576432486a7a397669634947754830714c634d6368474158786d335a6b3d,Totalizado
Águas Vermelhas,MG,0213,0077,6259,Deputado Estadual,7,50500,MARIA CAROLINA SANTOS CALDEIRA,PSOL,50,1,20261004T174959,6735452d68512b31583675756236576432486a7a397669634947754830714c634d6368474158786d335a6b3d,Totalizado
Águas Vermelhas,MG,0213,0077,6259,Deputado Estadual,7,55333,MARIA OLINA SOARES ORNELES,PSD,55,1,20261004T174959,6735452d68512b31583675756236576432486a7a397669634947754830714c634d6368474158786d335a6b3d,Totalizado
Águas Vermelhas,MG,0213,0077,6259,Deputado Estadual,7,70122,RODNEY MARCELO FLORENTINO MARTINS,AVANTE,70,1,20261004T174959,6735452d68512b31583675756236576432486a7a397669634947754830714c634d6368474158786d335a6b3d,Totalizado
Águas Vermelhas,MG,0213,0091,6259,Deputado Estadual,7,70123,ANA CAROLINA PINTO CARAM GUIMARAES,AVANTE,70,54,20261004T170623,673443484857634c74706a4a354d4942386176494446744e637961774b554f6a6e323031614c5a463037493d,Totalizado
Águas Vermelhas,MG,0213,0091,6259,Deputado Estadual,7,10123,CARLOS HENRIQUE ALVES DA SILVA,REPUBLICANOS,10,39,20261004T170623,673443484857634c74706a4a354d4942386176494446744e637961774b554f6a6e323031614c5a463037493d,Totalizado
Águas Vermelhas,MG,0213,0091,6259,Deputado Estadual,7,22345,DENERVAL GERMANO DA CRUZ,PL,22,24,20261004T170623,673443484857634c74706a4a354d4942386176494446744e637961774b554f6a6e323031614c5a463037493d,Totalizado
Águas Vermelhas,MG,0213,0091,6259,Deputado Estadual,7,13100,JEAN MARK FREIRE SILVA,PT,13,16,20261004T170623,673443484857634c74706a4a354d4942386176494446744e637961774b554f6a6e323031614c5a463037493d,Totalizado
Águas Vermelhas,MG,0213,0091,6259,Deputado Estadual,7,11789,NAYARA ROCHA PERDIGÃO LARA,PP,11,11,20261004T170623,673443484857634c74706a4a354d4942386176494446744e637961774b554f6a6e323031614c5a463037493d,Totalizado
Águas Vermelhas,MG,0213,0091,6259,Deputado Estadual,7,15111,ARLEN DE PAULO SANTIAGO FILHO,MDB,15,4,20261004T170623,673443484857634c74706a4a354d4942386176494446744e637961774b554f6a6e323031614c5a463037493d,Totalizado
Águas Vermelhas,MG,0213,0091,6259,Deputado Estadual,7,22222,BRUNO DE CASTRO ENGLER FLORENCIO DE ALMEIDA,PL,22,4,20261004T170623,673443484857634c74706a4a354d4942386176494446744e637961774b554f6a6e323031614c5a463037493d,Totalizado
Águas Vermelhas,MG,0213,0091,6259,Deputado Estadual,7,13134,EDUARDO PEREIRA DE OLIVEIRA,PT,13,2,20261004T170623,673443484857634c74706a4a354d4942386176494446744e637961774b554f6a6e323031614c5a463037493d,Totalizado
Águas Vermelhas,MG,0213,0091,6259,Deputado Estadual,7,13579,WHELTON PIMENTEL DE FREITAS,PT,13,2,20261004T170623,673443484857634c74706a4a354d4942386176494446744e637961774b554f6a6e323031614c5a463037493d,Totalizado
Águas Vermelhas,MG,0213,0091,6259,Deputado Estadual,7,13000,ADRIANA CRISTINA FABIANO DE SOUZA,PT,13,1,20261004T170623,673443484857634c74706a4a354d4942386176494446744e637961774b554f6a6e323031614c5a463037493d,Totalizado
Águas Vermelhas,MG,0213,0091,6259,Deputado Estadual,7,13456,MARILENE ALVES DE SOUZA,PT,13,1,20261004T170623,673443484857634c74706a4a354d4942386176494446744e637961774b554f6a6e323031614c5a463037493d,Totalizado
Águas Vermelhas,MG,0213,0091,6259,Deputado Estadual,7,22001,PEDRO LUIZ DA SILVA,PL,22,1,20261004T170623,673443484857634c74706a4a354d4942386176494446744e637961774b554f6a6e323031614c5a463037493d,Totalizado
Águas Vermelhas,MG,0213,0091,6259,Deputado Estadual,7,43789,CARLITO PEREIRA DA COSTA,PV,43,1,20261004T170623,673443484857634c74706a4a354d4942386176494446744e637961774b554f6a6e323031614c5a463037493d,Totalizado
Águas Vermelhas,MG,0213,0091,6259,Deputado Estadual,7,55500,RENE AMERICO DA SILVA,PSD,55,1,20261004T170623,673443484857634c74706a4a354d4942386176494446744e637961774b554f6a6e323031614c5a463037493d,Totalizado
Águas Vermelhas,MG,0213,0091,6259,Deputado Estadual,7,70222,FABIANO CARVALHO DE SOUZA,AVANTE,70,1,20261004T170623,673443484857634c74706a4a354d4942386176494446744e637961774b554f6a6e323031614c5a463037493d,Totalizado
Águas Vermelhas,MG,0213,0092,6259,Deputado Estadual,7,70123,ANA CAROLINA PINTO CARAM GUIMARAES,AVANTE,70,69,20261004T171142,594a57597232484155756778726c506c553237614f726d66564172386c6275476d314d52447757585363633d,Totalizado
Águas Vermelhas,MG,0213,0092,6259,Deputado Estadual,7,10123,CARLOS HENRIQUE ALVES DA SILVA,REPUBLICANOS,10,35,20261004T171142,594a57597232484155756778726c506c553237614f726d66564172386c6275476d314d52447757585363633d,Totalizado
Águas Vermelhas,MG,0213,0092,6259,Deputado Estadual,7,22345,DENERVAL GERMANO DA CRUZ,PL,22,19,20261004T171142,594a57597232484155756778726c506c553237614f726d66564172386c6275476d314d52447757585363633d,Totalizado
Águas Vermelhas,MG,0213,0092,6259,Deputado Estadual,7,13100,JEAN MARK FREIRE SILVA,PT,13,18,20261004T171142,594a57597232484155756778726c506c553237614f726d66564172386c6275476d314d52447757585363633d,Totalizado
Águas Vermelhas,MG,0213,0092,6259,Deputado Estadual,7,13579,WHELTON PIMENTEL DE FREITAS,PT,13,12,20261004T171142,594a57597232484155756778726c506c553237614f726d66564172386c6275476d314d52447757585363633d,Totalizado
Águas Vermelhas,MG,0213,0092,6259,Deputado Estadual,7,11789,NAYARA ROCHA PERDIGÃO LARA,PP,11,5,20261004T171142,594a57597232484155756778726c506c553237614f726d66564172386c6275476d314d52447757585363633d,Totalizado
Águas Vermelhas,MG,0213,0092,6259,Deputado Estadual,7,15111,ARLEN DE PAULO SANTIAGO FILHO,MDB,15,5,20261004T171142,594a57597232484155756778726c506c553237614f726d66564172386c6275476d314d52447757585363633d,Totalizado
Águas Vermelhas,MG,0213,0092,6259,Deputado Estadual,7,22222,BRUNO DE CASTRO ENGLER FLORENCIO DE ALMEIDA,PL,22,3,20261004T171142,594a57597232484155756778726c506c553237614f726d66564172386c6275476d314d52447757585363633d,Totalizado
Águas Vermelhas,MG,0213,0092,6259,Deputado Estadual,7,13130,MACAE MARIA EVARISTO DOS SANTOS,PT,13,2,20261004T171142,594a57597232484155756778726c506c553237614f726d66564172386c6275476d314d52447757585363633d,Totalizado
Águas Vermelhas,MG,0213,0092,6259,Deputado Estadual,7,70122,RODNEY MARCELO FLORENTINO MARTINS,AVANTE,70,2,20261004T171142,594a57597232484155756778726c506c553237614f726d66564172386c6275476d314d52447757585363633d,Totalizado
Águas Vermelhas,MG,0213,0092,6259,Deputado Estadual,7,10122,Nº 10122 (não consta no EA20 municipal),REPUBLICANOS,10,1,20261004T171142,594a57597232484155756778726c506c553237614f726d66564172386c6275476d314d52447757585363633d,Totalizado
Águas Vermelhas,MG,0213,0092,6259,Deputado Estadual,7,13000,ADRIANA CRISTINA FABIANO DE SOUZA,PT,13,1,20261004T171142,594a57597232484155756778726c506c553237614f726d66564172386c6275476d314d52447757585363633d,Totalizado
Águas Vermelhas,MG,0213,0092,6259,Deputado Estadual,7,43789,CARLITO PEREIRA DA COSTA,PV,43,1,20261004T171142,594a57597232484155756778726c506c553237614f726d66564172386c6275476d314d52447757585363633d,Totalizado
Águas Vermelhas,MG,0213,0092,6259,Deputado Estadual,7,55789,NACIB DUARTE BECHIR,PSD,55,1,20261004T171142,594a57597232484155756778726c506c553237614f726d66564172386c6275476d314d52447757585363633d,Totalizado
Águas Vermelhas,MG,0213,0092,6259,Deputado Estadual,7,70120,ROSEMEIRE GONCALVES DA SILVA NASCIMENTO BORGES,AVANTE,70,1,20261004T171142,594a57597232484155756778726c506c553237614f726d66564172386c6275476d314d52447757585363633d,Totalizado
Águas Vermelhas,MG,0213,0093,6259,Deputado Estadual,7,70123,ANA CAROLINA PINTO CARAM GUIMARAES,AVANTE,70,56,20261004T170347,7a43493868526e646a753331326965453352316c3179326d4f3848654934534b5a583962454b4433514e733d,Totalizado
Águas Vermelhas,MG,0213,0093,6259,Deputado Estadual,7,10123,CARLOS HENRIQUE ALVES DA SILVA,REPUBLICANOS,10,35,20261004T170347,7a43493868526e646a753331326965453352316c3179326d4f3848654934534b5a583962454b4433514e733d,Totalizado
Águas Vermelhas,MG,0213,0093,6259,Deputado Estadual,7,22345,DENERVAL GERMANO DA CRUZ,PL,22,25,20261004T170347,7a43493868526e646a753331326965453352316c3179326d4f3848654934534b5a583962454b4433514e733d,Totalizado
Águas Vermelhas,MG,0213,0093,6259,Deputado Estadual,7,11789,NAYARA ROCHA PERDIGÃO LARA,PP,11,13,20261004T170347,7a43493868526e646a753331326965453352316c3179326d4f3848654934534b5a583962454b4433514e733d,Totalizado
Águas Vermelhas,MG,0213,0093,6259,Deputado Estadual,7,13100,JEAN MARK FREIRE SILVA,PT,13,13,20261004T170347,7a43493868526e646a753331326965453352316c3179326d4f3848654934534b5a583962454b4433514e733d,Totalizado
Águas Vermelhas,MG,0213,0093,6259,Deputado Estadual,7,13579,WHELTON PIMENTEL DE FREITAS,PT,13,4,20261004T170347,7a43493868526e646a753331326965453352316c3179326d4f3848654934534b5a583962454b4433514e733d,Totalizado
Águas Vermelhas,MG,0213,0093,6259,Deputado Estadual,7,13123,BEATRIZ DA SILVA CERQUEIRA,PT,13,3,20261004T170347,7a43493868526e646a753331326965453352316c3179326d4f3848654934534b5a583962454b4433514e733d,Totalizado
Águas Vermelhas,MG,0213,0093,6259,Deputado Estadual,7,43789,CARLITO PEREIRA DA COSTA,PV,43,3,20261004T170347,7a43493868526e646a753331326965453352316c3179326d4f3848654934534b5a583962454b4433514e733d,Totalizado
Águas Vermelhas,MG,0213,0093,6259,Deputado Estadual,7,15111,ARLEN DE PAULO SANTIAGO FILHO,MDB,15,2,20261004T170347,7a43493868526e646a753331326965453352316c3179326d4f3848654934534b5a583962454b4433514e733d,Totalizado
Águas Vermelhas,MG,0213,0093,6259,Deputado Estadual,7,10789,NEILANDO ALVES PIMENTA,REPUBLICANOS,10,1,20261004T170347,7a43493868526e646a753331326965453352316c3179326d4f3848654934534b5a583962454b4433514e733d,Totalizado
Águas Vermelhas,MG,0213,0093,6259,Deputado Estadual,7,11123,ADRIANO DE ALMEIDA ALVARENGA,PP,11,1,20261004T170347,7a43493868526e646a753331326965453352316c3179326d4f3848654934534b5a583962454b4433514e733d,Totalizado
Águas Vermelhas,MG,0213,0093,6259,Deputado Estadual,7,11230,OSCAR LISANDRO TEIXEIRA,PP,11,1,20261004T170347,7a43493868526e646a753331326965453352316c3179326d4f3848654934534b5a583962454b4433514e733d,Totalizado
Águas Vermelhas,MG,0213,0093,6259,Deputado Estadual,7,13134,EDUARDO PEREIRA DE OLIVEIRA,PT,13,1,20261004T170347,7a43493868526e646a753331326965453352316c3179326d4f3848654934534b5a583962454b4433514e733d,Totalizado
Águas Vermelhas,MG,0213,0093,6259,Deputado Estadual,7,22111,PHABLO GOMES ALMEIDA,PL,22,1,20261004T170347,7a43493868526e646a753331326965453352316c3179326d4f3848654934534b5a583962454b4433514e733d,Totalizado
Águas Vermelhas,MG,0213,0094,6259,Deputado Estadual,7,70123,ANA CAROLINA PINTO CARAM GUIMARAES,AVANTE,70,69,20261004T171442,30737648666d7243586e726e4f66645252445a7a6379373942793878623768774b61736c636b436f7346493d,Totalizado
Águas Vermelhas,MG,0213,0094,6259,Deputado Estadual,7,10123,CARLOS HENRIQUE ALVES DA SILVA,REPUBLICANOS,10,50,20261004T171442,30737648666d7243586e726e4f66645252445a7a6379373942793878623768774b61736c636b436f7346493d,Totalizado
Águas Vermelhas,MG,0213,0094,6259,Deputado Estadual,7,22345,DENERVAL GERMANO DA CRUZ,PL,22,35,20261004T171442,30737648666d7243586e726e4f66645252445a7a6379373942793878623768774b61736c636b436f7346493d,Totalizado
Águas Vermelhas,MG,0213,0094,6259,Deputado Estadual,7,11789,NAYARA ROCHA PERDIGÃO LARA,PP,11,14,20261004T171442,30737648666d7243586e726e4f66645252445a7a6379373942793878623768774b61736c636b436f7346493d,Totalizado
Águas Vermelhas,MG,0213,0094,6259,Deputado Estadual,7,13100,JEAN MARK FREIRE SILVA,PT,13,7,20261004T171442,30737648666d7243586e726e4f66645252445a7a6379373942793878623768774b61736c636b436f7346493d,Totalizado
Águas Vermelhas,MG,0213,0094,6259,Deputado Estadual,7,13579,WHELTON PIMENTEL DE FREITAS,PT,13,6,20261004T171442,30737648666d7243586e726e4f66645252445a7a6379373942793878623768774b61736c636b436f7346493d,Totalizado
Águas Vermelhas,MG,0213,0094,6259,Deputado Estadual,7,22222,BRUNO DE CASTRO ENGLER FLORENCIO DE ALMEIDA,PL,22,4,20261004T171442,30737648666d7243586e726e4f66645252445a7a6379373942793878623768774b61736c636b436f7346493d,Totalizado
Águas Vermelhas,MG,0213,0094,6259,Deputado Estadual,7,13000,ADRIANA CRISTINA FABIANO DE SOUZA,PT,13,3,20261004T171442,30737648666d7243586e726e4f66645252445a7a6379373942793878623768774b61736c636b436f7346493d,Totalizado
Águas Vermelhas,MG,0213,0094,6259,Deputado Estadual,7,13130,MACAE MARIA EVARISTO DOS SANTOS,PT,13,3,20261004T171442,30737648666d7243586e726e4f66645252445a7a6379373942793878623768774b61736c636b436f7346493d,Totalizado
Águas Vermelhas,MG,0213,0094,6259,Deputado Estadual,7,13123,BEATRIZ DA SILVA CERQUEIRA,PT,13,2,20261004T171442,30737648666d7243586e726e4f66645252445a7a6379373942793878623768774b61736c636b436f7346493d,Totalizado
Águas Vermelhas,MG,0213,0094,6259,Deputado Estadual,7,10303,ELISABETE MARIA DA SILVA,REPUBLICANOS,10,1,20261004T171442,30737648666d7243586e726e4f66645252445a7a6379373942793878623768774b61736c636b436f7346493d,Totalizado
Águas Vermelhas,MG,0213,0094,6259,Deputado Estadual,7,13001,HENRICO BARBOZA DE MOURA,PT,13,1,20261004T171442,30737648666d7243586e726e4f66645252445a7a6379373942793878623768774b61736c636b436f7346493d,Totalizado
Águas Vermelhas,MG,0213,0094,6259,Deputado Estadual,7,13134,EDUARDO PEREIRA DE OLIVEIRA,PT,13,1,20261004T171442,30737648666d7243586e726e4f66645252445a7a6379373942793878623768774b61736c636b436f7346493d,Totalizado
Águas Vermelhas,MG,0213,0094,6259,Deputado Estadual,7,13300,MARIA DO CARMO LARA PERPETUO,PT,13,1,20261004T171442,30737648666d7243586e726e4f66645252445a7a6379373942793878623768774b61736c636b436f7346493d,Totalizado
Águas Vermelhas,MG,0213,0094,6259,Deputado Estadual,7,13456,MARILENE ALVES DE SOUZA,PT,13,1,20261004T171442,30737648666d7243586e726e4f66645252445a7a6379373942793878623768774b61736c636b436f7346493d,Totalizado
Águas Vermelhas,MG,0213,0094,6259,Deputado Estadual,7,14000,LUANA GOMES DA SILVA,MISSÃO,14,1,20261004T171442,30737648666d7243586e726e4f66645252445a7a6379373942793878623768774b61736c636b436f7346493d,Totalizado
Águas Vermelhas,MG,0213,0094,6259,Deputado Estadual,7,22800,GUSTAVO DE VASCONCELLOS MOREIRA,PL,22,1,20261004T171442,30737648666d7243586e726e4f66645252445a7a6379373942793878623768774b61736c636b436f7346493d,Totalizado
Águas Vermelhas,MG,0213,0094,6259,Deputado Estadual,7,25333,WANDERLEY DE ARAUJO PORTO FILHO,PRD,25,1,20261004T171442,30737648666d7243586e726e4f66645252445a7a6379373942793878623768774b61736c636b436f7346493d,Totalizado
Águas Vermelhas,MG,0213,0094,6259,Deputado Estadual,7,43789,CARLITO PEREIRA DA COSTA,PV,43,1,20261004T171442,30737648666d7243586e726e4f66645252445a7a6379373942793878623768774b61736c636b436f7346493d,Totalizado
Águas Vermelhas,MG,0213,0095,6259,Deputado Estadual,7,11789,NAYARA ROCHA PERDIGÃO LARA,PP,11,92,20261004T191327,504149424456704a2b6c2d77475439454c627631626d466a4f452b39493346344f57386b2d68762d5351593d,Totalizado
Águas Vermelhas,MG,0213,0095,6259,Deputado Estadual,7,22345,DENERVAL GERMANO DA CRUZ,PL,22,43,20261004T191327,504149424456704a2b6c2d77475439454c627631626d466a4f452b39493346344f57386b2d68762d5351593d,Totalizado
Águas Vermelhas,MG,0213,0095,6259,Deputado Estadual,7,13579,WHELTON PIMENTEL DE FREITAS,PT,13,15,20261004T191327,504149424456704a2b6c2d77475439454c627631626d466a4f452b39493346344f57386b2d68762d5351593d,Totalizado
Águas Vermelhas,MG,0213,0095,6259,Deputado Estadual,7,10123,CARLOS HENRIQUE ALVES DA SILVA,REPUBLICANOS,10,4,20261004T191327,504149424456704a2b6c2d77475439454c627631626d466a4f452b39493346344f57386b2d68762d5351593d,Totalizado
Águas Vermelhas,MG,0213,0095,6259,Deputado Estadual,7,13100,JEAN MARK FREIRE SILVA,PT,13,4,20261004T191327,504149424456704a2b6c2d77475439454c627631626d466a4f452b39493346344f57386b2d68762d5351593d,Totalizado
Águas Vermelhas,MG,0213,0095,6259,Deputado Estadual,7,11230,OSCAR LISANDRO TEIXEIRA,PP,11,3,20261004T191327,504149424456704a2b6c2d77475439454c627631626d466a4f452b39493346344f57386b2d68762d5351593d,Totalizado
Águas Vermelhas,MG,0213,0095,6259,Deputado Estadual,7,13123,BEATRIZ DA SILVA CERQUEIRA,PT,13,3,20261004T191327,504149424456704a2b6c2d77475439454c627631626d466a4f452b39493346344f57386b2d68762d5351593d,Totalizado
Águas Vermelhas,MG,0213,0095,6259,Deputado Estadual,7,22822,CLAUDIO SAMUEL SOUSA CAIRES,PL,22,3,20261004T191327,504149424456704a2b6c2d77475439454c627631626d466a4f452b39493346344f57386b2d68762d5351593d,Totalizado
Águas Vermelhas,MG,0213,0095,6259,Deputado Estadual,7,70123,ANA CAROLINA PINTO CARAM GUIMARAES,AVANTE,70,3,20261004T191327,504149424456704a2b6c2d77475439454c627631626d466a4f452b39493346344f57386b2d68762d5351593d,Totalizado
Águas Vermelhas,MG,0213,0095,6259,Deputado Estadual,7,22100,SHEILA APARECIDA PEDROSA DE MELLO,PL,22,2,20261004T191327,504149424456704a2b6c2d77475439454c627631626d466a4f452b39493346344f57386b2d68762d5351593d,Totalizado
Águas Vermelhas,MG,0213,0095,6259,Deputado Estadual,7,22111,PHABLO GOMES ALMEIDA,PL,22,2,20261004T191327,504149424456704a2b6c2d77475439454c627631626d466a4f452b39493346344f57386b2d68762d5351593d,Totalizado
Águas Vermelhas,MG,0213,0095,6259,Deputado Estadual,7,13000,ADRIANA CRISTINA FABIANO DE SOUZA,PT,13,1,20261004T191327,504149424456704a2b6c2d77475439454c627631626d466a4f452b39493346344f57386b2d68762d5351593d,Totalizado
Águas Vermelhas,MG,0213,0095,6259,Deputado Estadual,7,13111,LUCAS PEREIRA DA FONSECA LOPES,PT,13,1,20261004T191327,504149424456704a2b6c2d77475439454c627631626d466a4f452b39493346344f57386b2d68762d5351593d,Totalizado
Águas Vermelhas,MG,0213,0095,6259,Deputado Estadual,7,13130,MACAE MARIA EVARISTO DOS SANTOS,PT,13,1,20261004T191327,504149424456704a2b6c2d77475439454c627631626d466a4f452b39493346344f57386b2d68762d5351593d,Totalizado
Águas Vermelhas,MG,0213,0095,6259,Deputado Estadual,7,15111,ARLEN DE PAULO SANTIAGO FILHO,MDB,15,1,20261004T191327,504149424456704a2b6c2d77475439454c627631626d466a4f452b39493346344f57386b2d68762d5351593d,Totalizado
Águas Vermelhas,MG,0213,0095,6259,Deputado Estadual,7,22789,WEBER BERNARDES DE ANDRADE,PL,22,1,20261004T191327,504149424456704a2b6c2d77475439454c627631626d466a4f452b39493346344f57386b2d68762d5351593d,Totalizado
Águas Vermelhas,MG,0213,0095,6259,Deputado Estadual,7,43789,CARLITO PEREIRA DA COSTA,PV,43,1,20261004T191327,504149424456704a2b6c2d77475439454c627631626d466a4f452b39493346344f57386b2d68762d5351593d,Totalizado
Águas Vermelhas,MG,0213,0095,6259,Deputado Estadual,7,55210,GILBERTO WAGNER MARTINS PEREIRA ANTUNES,PSD,55,1,20261004T191327,504149424456704a2b6c2d77475439454c627631626d466a4f452b39493346344f57386b2d68762d5351593d,Totalizado
Águas Vermelhas,MG,0213,0096,6259,Deputado Estadual,7,11789,NAYARA ROCHA PERDIGÃO LARA,PP,11,116,20261004T191542,4f4975386f486f52762b795454433861774c66377066575a48317979476e543956324548314c637a37664d3d,Totalizado
Águas Vermelhas,MG,0213,0096,6259,Deputado Estadual,7,22345,DENERVAL GERMANO DA CRUZ,PL,22,48,20261004T191542,4f4975386f486f52762b795454433861774c66377066575a48317979476e543956324548314c637a37664d3d,Totalizado
Águas Vermelhas,MG,0213,0096,6259,Deputado Estadual,7,13579,WHELTON PIMENTEL DE FREITAS,PT,13,16,20261004T191542,4f4975386f486f52762b795454433861774c66377066575a48317979476e543956324548314c637a37664d3d,Totalizado
Águas Vermelhas,MG,0213,0096,6259,Deputado Estadual,7,13100,JEAN MARK FREIRE SILVA,PT,13,8,20261004T191542,4f4975386f486f52762b795454433861774c66377066575a48317979476e543956324548314c637a37664d3d,Totalizado
Águas Vermelhas,MG,0213,0096,6259,Deputado Estadual,7,15111,ARLEN DE PAULO SANTIAGO FILHO,MDB,15,5,20261004T191542,4f4975386f486f52762b795454433861774c66377066575a48317979476e543956324548314c637a37664d3d,Totalizado
Águas Vermelhas,MG,0213,0096,6259,Deputado Estadual,7,11230,OSCAR LISANDRO TEIXEIRA,PP,11,4,20261004T191542,4f4975386f486f52762b795454433861774c66377066575a48317979476e543956324548314c637a37664d3d,Totalizado
Águas Vermelhas,MG,0213,0096,6259,Deputado Estadual,7,22100,SHEILA APARECIDA PEDROSA DE MELLO,PL,22,3,20261004T191542,4f4975386f486f52762b795454433861774c66377066575a48317979476e543956324548314c637a37664d3d,Totalizado
Águas Vermelhas,MG,0213,0096,6259,Deputado Estadual,7,70123,ANA CAROLINA PINTO CARAM GUIMARAES,AVANTE,70,3,20261004T191542,4f4975386f486f52762b795454433861774c66377066575a48317979476e543956324548314c637a37664d3d,Totalizado
Águas Vermelhas,MG,0213,0096,6259,Deputado Estadual,7,10123,CARLOS HENRIQUE ALVES DA SILVA,REPUBLICANOS,10,2,20261004T191542,4f4975386f486f52762b795454433861774c66377066575a48317979476e543956324548314c637a37664d3d,Totalizado
Águas Vermelhas,MG,0213,0096,6259,Deputado Estadual,7,35190,THIAGO GREGORIO CEZARIO DA SILVA,DEMOCRATA,35,2,20261004T191542,4f4975386f486f52762b795454433861774c66377066575a48317979476e543956324548314c637a37664d3d,Totalizado
Águas Vermelhas,MG,0213,0096,6259,Deputado Estadual,7,13134,EDUARDO PEREIRA DE OLIVEIRA,PT,13,1,20261004T191542,4f4975386f486f52762b795454433861774c66377066575a48317979476e543956324548314c637a37664d3d,Totalizado
Águas Vermelhas,MG,0213,0096,6259,Deputado Estadual,7,13444,ANA PAULA SIQUEIRA,PT,13,1,20261004T191542,4f4975386f486f52762b795454433861774c66377066575a48317979476e543956324548314c637a37664d3d,Totalizado
Águas Vermelhas,MG,0213,0096,6259,Deputado Estadual,7,13456,MARILENE ALVES DE SOUZA,PT,13,1,20261004T191542,4f4975386f486f52762b795454433861774c66377066575a48317979476e543956324548314c637a37664d3d,Totalizado
Águas Vermelhas,MG,0213,0096,6259,Deputado Estadual,7,22222,BRUNO DE CASTRO ENGLER FLORENCIO DE ALMEIDA,PL,22,1,20261004T191542,4f4975386f486f52762b795454433861774c66377066575a48317979476e543956324548314c637a37664d3d,Totalizado
Águas Vermelhas,MG,0213,0096,6259,Deputado Estadual,7,22344,DIANE DA SILVA FIALHO BATISTA,PL,22,1,20261004T191542,4f4975386f486f52762b795454433861774c66377066575a48317979476e543956324548314c637a37664d3d,Totalizado
Águas Vermelhas,MG,0213,0096,6259,Deputado Estadual,7,22800,GUSTAVO DE VASCONCELLOS MOREIRA,PL,22,1,20261004T191542,4f4975386f486f52762b795454433861774c66377066575a48317979476e543956324548314c637a37664d3d,Totalizado
Águas Vermelhas,MG,0213,0096,6259,Deputado Estadual,7,40123,NORALDINO LUCIO DIAS JUNIOR,PSB,40,1,20261004T191542,4f4975386f486f52762b795454433861774c66377066575a48317979476e543956324548314c637a37664d3d,Totalizado
Águas Vermelhas,MG,0213,0096,6259,Deputado Estadual,7,43789,CARLITO PEREIRA DA COSTA,PV,43,1,20261004T191542,4f4975386f486f52762b795454433861774c66377066575a48317979476e543956324548314c637a37664d3d,Totalizado
Águas Vermelhas,MG,0213,0096,6259,Deputado Estadual,7,45678,ORLANDO AMORIM CALDEIRA,PSDB,45,1,20261004T191542,4f4975386f486f52762b795454433861774c66377066575a48317979476e543956324548314c637a37664d3d,Totalizado
Águas Vermelhas,MG,0213,0097,6259,Deputado Estadual,7,11789,NAYARA ROCHA PERDIGÃO LARA,PP,11,164,20261004T185409,6e594571664d6e507072494c45517443334e32763377386a657746513679484632796973456c6a667767383d,Totalizado
Águas Vermelhas,MG,0213,0097,6259,Deputado Estadual,7,22345,DENERVAL GERMANO DA CRUZ,PL,22,11,20261004T185409,6e594571664d6e507072494c45517443334e32763377386a657746513679484632796973456c6a667767383d,Totalizado
Águas Vermelhas,MG,0213,0097,6259,Deputado Estadual,7,13579,WHELTON PIMENTEL DE FREITAS,PT,13,9,20261004T185409,6e594571664d6e507072494c45517443334e32763377386a657746513679484632796973456c6a667767383d,Totalizado
Águas Vermelhas,MG,0213,0097,6259,Deputado Estadual,7,70123,ANA CAROLINA PINTO CARAM GUIMARAES,AVANTE,70,7,20261004T185409,6e594571664d6e507072494c45517443334e32763377386a657746513679484632796973456c6a667767383d,Totalizado
Águas Vermelhas,MG,0213,0097,6259,Deputado Estadual,7,15111,ARLEN DE PAULO SANTIAGO FILHO,MDB,15,3,20261004T185409,6e594571664d6e507072494c45517443334e32763377386a657746513679484632796973456c6a667767383d,Totalizado
Águas Vermelhas,MG,0213,0097,6259,Deputado Estadual,7,10123,CARLOS HENRIQUE ALVES DA SILVA,REPUBLICANOS,10,2,20261004T185409,6e594571664d6e507072494c45517443334e32763377386a657746513679484632796973456c6a667767383d,Totalizado
Águas Vermelhas,MG,0213,0097,6259,Deputado Estadual,7,22822,CLAUDIO SAMUEL SOUSA CAIRES,PL,22,2,20261004T185409,6e594571664d6e507072494c45517443334e32763377386a657746513679484632796973456c6a667767383d,Totalizado
Águas Vermelhas,MG,0213,0097,6259,Deputado Estadual,7,11230,OSCAR LISANDRO TEIXEIRA,PP,11,1,20261004T185409,6e594571664d6e507072494c45517443334e32763377386a657746513679484632796973456c6a667767383d,Totalizado
Águas Vermelhas,MG,0213,0097,6259,Deputado Estadual,7,13001,HENRICO BARBOZA DE MOURA,PT,13,1,20261004T185409,6e594571664d6e507072494c45517443334e32763377386a657746513679484632796973456c6a667767383d,Totalizado
Águas Vermelhas,MG,0213,0097,6259,Deputado Estadual,7,13123,BEATRIZ DA SILVA CERQUEIRA,PT,13,1,20261004T185409,6e594571664d6e507072494c45517443334e32763377386a657746513679484632796973456c6a667767383d,Totalizado
Águas Vermelhas,MG,0213,0097,6259,Deputado Estadual,7,22222,BRUNO DE CASTRO ENGLER FLORENCIO DE ALMEIDA,PL,22,1,20261004T185409,6e594571664d6e507072494c45517443334e32763377386a657746513679484632796973456c6a667767383d,Totalizado
Águas Vermelhas,MG,0213,0097,6259,Deputado Estadual,7,22333,ALESSANDRA DINIZ PORTELA SILVEIRA,PL,22,1,20261004T185409,6e594571664d6e507072494c45517443334e32763377386a657746513679484632796973456c6a667767383d,Totalizado
Águas Vermelhas,MG,0213,0097,6259,Deputado Estadual,7,44444,ARNALDO SILVA JÚNIOR,UNIÃO,44,1,20261004T185409,6e594571664d6e507072494c45517443334e32763377386a657746513679484632796973456c6a667767383d,Totalizado
Águas Vermelhas,MG,0213,0098,6259,Deputado Estadual,7,11789,NAYARA ROCHA PERDIGÃO LARA,PP,11,161,20261004T184029,56496245624437644a316d307553753033714c474c635768365274587153467a636963754a5763513146493d,Totalizado
Águas Vermelhas,MG,0213,0098,6259,Deputado Estadual,7,22345,DENERVAL GERMANO DA CRUZ,PL,22,16,20261004T184029,56496245624437644a316d307553753033714c474c635768365274587153467a636963754a5763513146493d,Totalizado
Águas Vermelhas,MG,0213,0098,6259,Deputado Estadual,7,13579,WHELTON PIMENTEL DE FREITAS,PT,13,7,20261004T184029,56496245624437644a316d307553753033714c474c635768365274587153467a636963754a5763513146493d,Totalizado
Águas Vermelhas,MG,0213,0098,6259,Deputado Estadual,7,10123,CARLOS HENRIQUE ALVES DA SILVA,REPUBLICANOS,10,5,20261004T184029,56496245624437644a316d307553753033714c474c635768365274587153467a636963754a5763513146493d,Totalizado
Águas Vermelhas,MG,0213,0098,6259,Deputado Estadual,7,15111,ARLEN DE PAULO SANTIAGO FILHO,MDB,15,5,20261004T184029,56496245624437644a316d307553753033714c474c635768365274587153467a636963754a5763513146493d,Totalizado
Águas Vermelhas,MG,0213,0098,6259,Deputado Estadual,7,70123,ANA CAROLINA PINTO CARAM GUIMARAES,AVANTE,70,3,20261004T184029,56496245624437644a316d307553753033714c474c635768365274587153467a636963754a5763513146493d,Totalizado
Águas Vermelhas,MG,0213,0098,6259,Deputado Estadual,7,22010,EDUARDO HENRIQUE DE AZEVEDO,PL,22,2,20261004T184029,56496245624437644a316d307553753033714c474c635768365274587153467a636963754a5763513146493d,Totalizado
Águas Vermelhas,MG,0213,0098,6259,Deputado Estadual,7,22222,BRUNO DE CASTRO ENGLER FLORENCIO DE ALMEIDA,PL,22,2,20261004T184029,56496245624437644a316d307553753033714c474c635768365274587153467a636963754a5763513146493d,Totalizado
Águas Vermelhas,MG,0213,0098,6259,Deputado Estadual,7,13123,BEATRIZ DA SILVA CERQUEIRA,PT,13,1,20261004T184029,56496245624437644a316d307553753033714c474c635768365274587153467a636963754a5763513146493d,Totalizado
Águas Vermelhas,MG,0213,0098,6259,Deputado Estadual,7,13130,MACAE MARIA EVARISTO DOS SANTOS,PT,13,1,20261004T184029,56496245624437644a316d307553753033714c474c635768365274587153467a636963754a5763513146493d,Totalizado
Águas Vermelhas,MG,0213,0098,6259,Deputado Estadual,7,22456,DELMIRO GENESIO DOS SANTOS,PL,22,1,20261004T184029,56496245624437644a316d307553753033714c474c635768365274587153467a636963754a5763513146493d,Totalizado
Águas Vermelhas,MG,0213,0098,6259,Deputado Estadual,7,22555,IVSON GOMES DE CASTRO,PL,22,1,20261004T184029,56496245624437644a316d307553753033714c474c635768365274587153467a636963754a5763513146493d,Totalizado
Águas Vermelhas,MG,0213,0098,6259,Deputado Estadual,7,43789,CARLITO PEREIRA DA COSTA,PV,43,1,20261004T184029,56496245624437644a316d307553753033714c474c635768365274587153467a636963754a5763513146493d,Totalizado
Águas Vermelhas,MG,0213,0098,6259,Deputado Estadual,7,70111,IVAN JOSÉ LOPES,AVANTE,70,1,20261004T184029,56496245624437644a316d307553753033714c474c635768365274587153467a636963754a5763513146493d,Totalizado
Águas Vermelhas,MG,0213,0099,6259,Deputado Estadual,7,11789,NAYARA ROCHA PERDIGÃO LARA,PP,11,149,20261004T182910,6465376147743974423854456c554d6e66614654685573456357724744574872427a61462b45564f76326f3d,Totalizado
Águas Vermelhas,MG,0213,0099,6259,Deputado Estadual,7,13579,WHELTON PIMENTEL DE FREITAS,PT,13,15,20261004T182910,6465376147743974423854456c554d6e66614654685573456357724744574872427a61462b45564f76326f3d,Totalizado
Águas Vermelhas,MG,0213,0099,6259,Deputado Estadual,7,22345,DENERVAL GERMANO DA CRUZ,PL,22,13,20261004T182910,6465376147743974423854456c554d6e66614654685573456357724744574872427a61462b45564f76326f3d,Totalizado
Águas Vermelhas,MG,0213,0099,6259,Deputado Estadual,7,10123,CARLOS HENRIQUE ALVES DA SILVA,REPUBLICANOS,10,4,20261004T182910,6465376147743974423854456c554d6e66614654685573456357724744574872427a61462b45564f76326f3d,Totalizado
Águas Vermelhas,MG,0213,0099,6259,Deputado Estadual,7,15111,ARLEN DE PAULO SANTIAGO FILHO,MDB,15,3,20261004T182910,6465376147743974423854456c554d6e66614654685573456357724744574872427a61462b45564f76326f3d,Totalizado
Águas Vermelhas,MG,0213,0099,6259,Deputado Estadual,7,70123,ANA CAROLINA PINTO CARAM GUIMARAES,AVANTE,70,3,20261004T182910,6465376147743974423854456c554d6e66614654685573456357724744574872427a61462b45564f76326f3d,Totalizado
Águas Vermelhas,MG,0213,0099,6259,Deputado Estadual,7,13123,BEATRIZ DA SILVA CERQUEIRA,PT,13,2,20261004T182910,6465376147743974423854456c554d6e66614654685573456357724744574872427a61462b45564f76326f3d,Totalizado
Águas Vermelhas,MG,0213,0099,6259,Deputado Estadual,7,22822,CLAUDIO SAMUEL SOUSA CAIRES,PL,22,2,20261004T182910,6465376147743974423854456c554d6e66614654685573456357724744574872427a61462b45564f76326f3d,Totalizado
Águas Vermelhas,MG,0213,0099,6259,Deputado Estadual,7,11230,OSCAR LISANDRO TEIXEIRA,PP,11,1,20261004T182910,6465376147743974423854456c554d6e66614654685573456357724744574872427a61462b45564f76326f3d,Totalizado
Águas Vermelhas,MG,0213,0099,6259,Deputado Estadual,7,12111,LAIS SANTIAGO JORGE,PDT,12,1,20261004T182910,6465376147743974423854456c554d6e66614654685573456357724744574872427a61462b45564f76326f3d,Totalizado
Águas Vermelhas,MG,0213,0099,6259,Deputado Estadual,7,13100,JEAN MARK FREIRE SILVA,PT,13,1,20261004T182910,6465376147743974423854456c554d6e66614654685573456357724744574872427a61462b45564f76326f3d,Totalizado
Águas Vermelhas,MG,0213,0099,6259,Deputado Estadual,7,13120,CRISTIANO TADEU DA SILVEIRA,PT,13,1,20261004T182910,6465376147743974423854456c554d6e66614654685573456357724744574872427a61462b45564f76326f3d,Totalizado
Águas Vermelhas,MG,0213,0099,6259,Deputado Estadual,7,13130,MACAE MARIA EVARISTO DOS SANTOS,PT,13,1,20261004T182910,6465376147743974423854456c554d6e66614654685573456357724744574872427a61462b45564f76326f3d,Totalizado
Águas Vermelhas,MG,0213,0099,6259,Deputado Estadual,7,22123,ANTÔNIO CARLOS ARANTES,PL,22,1,20261004T182910,6465376147743974423854456c554d6e66614654685573456357724744574872427a61462b45564f76326f3d,Totalizado
Águas Vermelhas,MG,0213,0099,6259,Deputado Estadual,7,22800,GUSTAVO DE VASCONCELLOS MOREIRA,PL,22,1,20261004T182910,6465376147743974423854456c554d6e66614654685573456357724744574872427a61462b45564f76326f3d,Totalizado
Águas Vermelhas,MG,0213,0099,6259,Deputado Estadual,7,40123,NORALDINO LUCIO DIAS JUNIOR,PSB,40,1,20261004T182910,6465376147743974423854456c554d6e66614654685573456357724744574872427a61462b45564f76326f3d,Totalizado
Águas Vermelhas,MG,0213,0099,6259,Deputado Estadual,7,70111,IVAN JOSÉ LOPES,AVANTE,70,1,20261004T182910,6465376147743974423854456c554d6e66614654685573456357724744574872427a61462b45564f76326f3d,Totalizado
Águas Vermelhas,MG,0213,0100,6259,Deputado Estadual,7,11789,NAYARA ROCHA PERDIGÃO LARA,PP,11,169,20261004T190206,51596258463861582d702d66787858323963726b46623659383053733771526467662b5546616d7a7239383d,Totalizado
Águas Vermelhas,MG,0213,0100,6259,Deputado Estadual,7,13579,WHELTON PIMENTEL DE FREITAS,PT,13,12,20261004T190206,51596258463861582d702d66787858323963726b46623659383053733771526467662b5546616d7a7239383d,Totalizado
Águas Vermelhas,MG,0213,0100,6259,Deputado Estadual,7,22345,DENERVAL GERMANO DA CRUZ,PL,22,8,20261004T190206,51596258463861582d702d66787858323963726b46623659383053733771526467662b5546616d7a7239383d,Totalizado
Águas Vermelhas,MG,0213,0100,6259,Deputado Estadual,7,10123,CARLOS HENRIQUE ALVES DA SILVA,REPUBLICANOS,10,6,20261004T190206,51596258463861582d702d66787858323963726b46623659383053733771526467662b5546616d7a7239383d,Totalizado
Águas Vermelhas,MG,0213,0100,6259,Deputado Estadual,7,70123,ANA CAROLINA PINTO CARAM GUIMARAES,AVANTE,70,6,20261004T190206,51596258463861582d702d66787858323963726b46623659383053733771526467662b5546616d7a7239383d,Totalizado
Águas Vermelhas,MG,0213,0100,6259,Deputado Estadual,7,15111,ARLEN DE PAULO SANTIAGO FILHO,MDB,15,3,20261004T190206,51596258463861582d702d66787858323963726b46623659383053733771526467662b5546616d7a7239383d,Totalizado
Águas Vermelhas,MG,0213,0100,6259,Deputado Estadual,7,22222,BRUNO DE CASTRO ENGLER FLORENCIO DE ALMEIDA,PL,22,2,20261004T190206,51596258463861582d702d66787858323963726b46623659383053733771526467662b5546616d7a7239383d,Totalizado
Águas Vermelhas,MG,0213,0100,6259,Deputado Estadual,7,50099,IZABELLA LOURENÇA AMORIM ROMUALDO,PSOL,50,2,20261004T190206,51596258463861582d702d66787858323963726b46623659383053733771526467662b5546616d7a7239383d,Totalizado
Águas Vermelhas,MG,0213,0100,6259,Deputado Estadual,7,13123,BEATRIZ DA SILVA CERQUEIRA,PT,13,1,20261004T190206,51596258463861582d702d66787858323963726b46623659383053733771526467662b5546616d7a7239383d,Totalizado
Águas Vermelhas,MG,0213,0100,6259,Deputado Estadual,7,13130,MACAE MARIA EVARISTO DOS SANTOS,PT,13,1,20261004T190206,51596258463861582d702d66787858323963726b46623659383053733771526467662b5546616d7a7239383d,Totalizado
Águas Vermelhas,MG,0213,0100,6259,Deputado Estadual,7,22100,SHEILA APARECIDA PEDROSA DE MELLO,PL,22,1,20261004T190206,51596258463861582d702d66787858323963726b46623659383053733771526467662b5546616d7a7239383d,Totalizado
Águas Vermelhas,MG,0213,0100,6259,Deputado Estadual,7,22123,ANTÔNIO CARLOS ARANTES,PL,22,1,20261004T190206,51596258463861582d702d66787858323963726b46623659383053733771526467662b5546616d7a7239383d,Totalizado
Águas Vermelhas,MG,0213,0100,6259,Deputado Estadual,7,22822,CLAUDIO SAMUEL SOUSA CAIRES,PL,22,1,20261004T190206,51596258463861582d702d66787858323963726b46623659383053733771526467662b5546616d7a7239383d,Totalizado
Águas Vermelhas,MG,0213,0101,6259,Deputado Estadual,7,11789,NAYARA ROCHA PERDIGÃO LARA,PP,11,168,20261004T180932,2d50734c37475130786131623374542d4c467569392b66394e3734613271786e4f435644574f486e5239553d,Totalizado
Águas Vermelhas,MG,0213,0101,6259,Deputado Estadual,7,13579,WHELTON PIMENTEL DE FREITAS,PT,13,21,20261004T180932,2d50734c37475130786131623374542d4c467569392b66394e3734613271786e4f435644574f486e5239553d,Totalizado
Águas Vermelhas,MG,0213,0101,6259,Deputado Estadual,7,22345,DENERVAL GERMANO DA CRUZ,PL,22,11,20261004T180932,2d50734c37475130786131623374542d4c467569392b66394e3734613271786e4f435644574f486e5239553d,Totalizado
Águas Vermelhas,MG,0213,0101,6259,Deputado Estadual,7,15111,ARLEN DE PAULO SANTIAGO FILHO,MDB,15,6,20261004T180932,2d50734c37475130786131623374542d4c467569392b66394e3734613271786e4f435644574f486e5239553d,Totalizado
Águas Vermelhas,MG,0213,0101,6259,Deputado Estadual,7,10123,CARLOS HENRIQUE ALVES DA SILVA,REPUBLICANOS,10,4,20261004T180932,2d50734c37475130786131623374542d4c467569392b66394e3734613271786e4f435644574f486e5239553d,Totalizado
Águas Vermelhas,MG,0213,0101,6259,Deputado Estadual,7,70123,ANA CAROLINA PINTO CARAM GUIMARAES,AVANTE,70,4,20261004T180932,2d50734c37475130786131623374542d4c467569392b66394e3734613271786e4f435644574f486e5239553d,Totalizado
Águas Vermelhas,MG,0213,0101,6259,Deputado Estadual,7,22222,BRUNO DE CASTRO ENGLER FLORENCIO DE ALMEIDA,PL,22,3,20261004T180932,2d50734c37475130786131623374542d4c467569392b66394e3734613271786e4f435644574f486e5239553d,Totalizado
Águas Vermelhas,MG,0213,0101,6259,Deputado Estadual,7,11230,OSCAR LISANDRO TEIXEIRA,PP,11,2,20261004T180932,2d50734c37475130786131623374542d4c467569392b66394e3734613271786e4f435644574f486e5239553d,Totalizado
Águas Vermelhas,MG,0213,0101,6259,Deputado Estadual,7,13123,BEATRIZ DA SILVA CERQUEIRA,PT,13,2,20261004T180932,2d50734c37475130786131623374542d4c467569392b66394e3734613271786e4f435644574f486e5239553d,Totalizado
Águas Vermelhas,MG,0213,0101,6259,Deputado Estadual,7,22822,CLAUDIO SAMUEL SOUSA CAIRES,PL,22,2,20261004T180932,2d50734c37475130786131623374542d4c467569392b66394e3734613271786e4f435644574f486e5239553d,Totalizado
Águas Vermelhas,MG,0213,0101,6259,Deputado Estadual,7,11023,FABIANA BOTELHO PEREIRA,PP,11,1,20261004T180932,2d50734c37475130786131623374542d4c467569392b66394e3734613271786e4f435644574f486e5239553d,Totalizado
Águas Vermelhas,MG,0213,0101,6259,Deputado Estadual,7,13070,VITOR GONÇALVES COSTA,PT,13,1,20261004T180932,2d50734c37475130786131623374542d4c467569392b66394e3734613271786e4f435644574f486e5239553d,Totalizado
Águas Vermelhas,MG,0213,0101,6259,Deputado Estadual,7,13100,JEAN MARK FREIRE SILVA,PT,13,1,20261004T180932,2d50734c37475130786131623374542d4c467569392b66394e3734613271786e4f435644574f486e5239553d,Totalizado
Águas Vermelhas,MG,0213,0101,6259,Deputado Estadual,7,13180,PATRICIA CARLA MELO ÁVILA,PT,13,1,20261004T180932,2d50734c37475130786131623374542d4c467569392b66394e3734613271786e4f435644574f486e5239553d,Totalizado
Águas Vermelhas,MG,0213,0101,6259,Deputado Estadual,7,13613,ROBERTO CUPOLILLO,PT,13,1,20261004T180932,2d50734c37475130786131623374542d4c467569392b66394e3734613271786e4f435644574f486e5239553d,Totalizado
Águas Vermelhas,MG,0213,0101,6259,Deputado Estadual,7,22700,ALEX CAVALCANTE GONCALVES,PL,22,1,20261004T180932,2d50734c37475130786131623374542d4c467569392b66394e3734613271786e4f435644574f486e5239553d,Totalizado
Águas Vermelhas,MG,0213,0101,6259,Deputado Estadual,7,40777,ANTONIO AUGUSTO RESENDE MAIA,PSB,40,1,20261004T180932,2d50734c37475130786131623374542d4c467569392b66394e3734613271786e4f435644574f486e5239553d,Totalizado
Águas Vermelhas,MG,0213,0101,6259,Deputado Estadual,7,70122,RODNEY MARCELO FLORENTINO MARTINS,AVANTE,70,1,20261004T180932,2d50734c37475130786131623374542d4c467569392b66394e3734613271786e4f435644574f486e5239553d,Totalizado
Águas Vermelhas,MG,0213,0104,6259,Deputado Estadual,7,11789,NAYARA ROCHA PERDIGÃO LARA,PP,11,106,20261004T170944,714752734477356c7a5a38456e477355396d4c54622b63627436306458536337644f2b51725950416b4d553d,Totalizado
Águas Vermelhas,MG,0213,0104,6259,Deputado Estadual,7,10123,CARLOS HENRIQUE ALVES DA SILVA,REPUBLICANOS,10,25,20261004T170944,714752734477356c7a5a38456e477355396d4c54622b63627436306458536337644f2b51725950416b4d553d,Totalizado
Águas Vermelhas,MG,0213,0104,6259,Deputado Estadual,7,70123,ANA CAROLINA PINTO CARAM GUIMARAES,AVANTE,70,20,20261004T170944,714752734477356c7a5a38456e477355396d4c54622b63627436306458536337644f2b51725950416b4d553d,Totalizado
Águas Vermelhas,MG,0213,0104,6259,Deputado Estadual,7,22345,DENERVAL GERMANO DA CRUZ,PL,22,4,20261004T170944,714752734477356c7a5a38456e477355396d4c54622b63627436306458536337644f2b51725950416b4d553d,Totalizado
Águas Vermelhas,MG,0213,0104,6259,Deputado Estadual,7,22822,CLAUDIO SAMUEL SOUSA CAIRES,PL,22,3,20261004T170944,714752734477356c7a5a38456e477355396d4c54622b63627436306458536337644f2b51725950416b4d553d,Totalizado
Águas Vermelhas,MG,0213,0104,6259,Deputado Estadual,7,10800,MAURO HENRIQUE TRAMONTE,REPUBLICANOS,10,1,20261004T170944,714752734477356c7a5a38456e477355396d4c54622b63627436306458536337644f2b51725950416b4d553d,Totalizado
Águas Vermelhas,MG,0213,0104,6259,Deputado Estadual,7,12345,BRUNO MARTUCHELE DE SALES,PDT,12,1,20261004T170944,714752734477356c7a5a38456e477355396d4c54622b63627436306458536337644f2b51725950416b4d553d,Totalizado
Águas Vermelhas,MG,0213,0104,6259,Deputado Estadual,7,13000,ADRIANA CRISTINA FABIANO DE SOUZA,PT,13,1,20261004T170944,714752734477356c7a5a38456e477355396d4c54622b63627436306458536337644f2b51725950416b4d553d,Totalizado
Águas Vermelhas,MG,0213,0104,6259,Deputado Estadual,7,13100,JEAN MARK FREIRE SILVA,PT,13,1,20261004T170944,714752734477356c7a5a38456e477355396d4c54622b63627436306458536337644f2b51725950416b4d553d,Totalizado
Águas Vermelhas,MG,0213,0104,6259,Deputado Estadual,7,13111,LUCAS PEREIRA DA FONSECA LOPES,PT,13,1,20261004T170944,714752734477356c7a5a38456e477355396d4c54622b63627436306458536337644f2b51725950416b4d553d,Totalizado
Águas Vermelhas,MG,0213,0104,6259,Deputado Estadual,7,13123,BEATRIZ DA SILVA CERQUEIRA,PT,13,1,20261004T170944,714752734477356c7a5a38456e477355396d4c54622b63627436306458536337644f2b51725950416b4d553d,Totalizado
Águas Vermelhas,MG,0213,0104,6259,Deputado Estadual,7,13222,DANIEL BATISTA SUCUPIRA,PT,13,1,20261004T170944,714752734477356c7a5a38456e477355396d4c54622b63627436306458536337644f2b51725950416b4d553d,Totalizado
Águas Vermelhas,MG,0213,0104,6259,Deputado Estadual,7,22800,GUSTAVO DE VASCONCELLOS MOREIRA,PL,22,1,20261004T170944,714752734477356c7a5a38456e477355396d4c54622b63627436306458536337644f2b51725950416b4d553d,Totalizado
Águas Vermelhas,MG,0213,0107,6259,Deputado Estadual,7,11789,NAYARA ROCHA PERDIGÃO LARA,PP,11,108,20261004T183932,773367597946417034676b5269466d726a47796965497a6e70442d4c57574e69746759696c4c53313177453d,Totalizado
Águas Vermelhas,MG,0213,0107,6259,Deputado Estadual,7,22345,DENERVAL GERMANO DA CRUZ,PL,22,48,20261004T183932,773367597946417034676b5269466d726a47796965497a6e70442d4c57574e69746759696c4c53313177453d,Totalizado
Águas Vermelhas,MG,0213,0107,6259,Deputado Estadual,7,13579,WHELTON PIMENTEL DE FREITAS,PT,13,24,20261004T183932,773367597946417034676b5269466d726a47796965497a6e70442d4c57574e69746759696c4c53313177453d,Totalizado
Águas Vermelhas,MG,0213,0107,6259,Deputado Estadual,7,10123,CARLOS HENRIQUE ALVES DA SILVA,REPUBLICANOS,10,11,20261004T183932,773367597946417034676b5269466d726a47796965497a6e70442d4c57574e69746759696c4c53313177453d,Totalizado
Águas Vermelhas,MG,0213,0107,6259,Deputado Estadual,7,70123,ANA CAROLINA PINTO CARAM GUIMARAES,AVANTE,70,5,20261004T183932,773367597946417034676b5269466d726a47796965497a6e70442d4c57574e69746759696c4c53313177453d,Totalizado
Águas Vermelhas,MG,0213,0107,6259,Deputado Estadual,7,13100,JEAN MARK FREIRE SILVA,PT,13,4,20261004T183932,773367597946417034676b5269466d726a47796965497a6e70442d4c57574e69746759696c4c53313177453d,Totalizado
Águas Vermelhas,MG,0213,0107,6259,Deputado Estadual,7,11230,OSCAR LISANDRO TEIXEIRA,PP,11,3,20261004T183932,773367597946417034676b5269466d726a47796965497a6e70442d4c57574e69746759696c4c53313177453d,Totalizado
Águas Vermelhas,MG,0213,0107,6259,Deputado Estadual,7,15111,ARLEN DE PAULO SANTIAGO FILHO,MDB,15,3,20261004T183932,773367597946417034676b5269466d726a47796965497a6e70442d4c57574e69746759696c4c53313177453d,Totalizado
Águas Vermelhas,MG,0213,0107,6259,Deputado Estadual,7,22888,UGLENO ALVES PEREIRA SANTOS,PL,22,3,20261004T183932,773367597946417034676b5269466d726a47796965497a6e70442d4c57574e69746759696c4c53313177453d,Totalizado
Águas Vermelhas,MG,0213,0107,6259,Deputado Estadual,7,22100,SHEILA APARECIDA PEDROSA DE MELLO,PL,22,2,20261004T183932,773367597946417034676b5269466d726a47796965497a6e70442d4c57574e69746759696c4c53313177453d,Totalizado
Águas Vermelhas,MG,0213,0107,6259,Deputado Estadual,7,22777,CHIARA TEIXEIRA BIONDINI,PL,22,2,20261004T183932,773367597946417034676b5269466d726a47796965497a6e70442d4c57574e69746759696c4c53313177453d,Totalizado
Águas Vermelhas,MG,0213,0107,6259,Deputado Estadual,7,12100,MARCIA MARIA DE SOUZA CARDOSO,PDT,12,1,20261004T183932,773367597946417034676b5269466d726a47796965497a6e70442d4c57574e69746759696c4c53313177453d,Totalizado
Águas Vermelhas,MG,0213,0107,6259,Deputado Estadual,7,13070,VITOR GONÇALVES COSTA,PT,13,1,20261004T183932,773367597946417034676b5269466d726a47796965497a6e70442d4c57574e69746759696c4c53313177453d,Totalizado
Águas Vermelhas,MG,0213,0107,6259,Deputado Estadual,7,13123,BEATRIZ DA SILVA CERQUEIRA,PT,13,1,20261004T183932,773367597946417034676b5269466d726a47796965497a6e70442d4c57574e69746759696c4c53313177453d,Totalizado
Águas Vermelhas,MG,0213,0107,6259,Deputado Estadual,7,13134,EDUARDO PEREIRA DE OLIVEIRA,PT,13,1,20261004T183932,773367597946417034676b5269466d726a47796965497a6e70442d4c57574e69746759696c4c53313177453d,Totalizado
Águas Vermelhas,MG,0213,0107,6259,Deputado Estadual,7,22111,PHABLO GOMES ALMEIDA,PL,22,1,20261004T183932,773367597946417034676b5269466d726a47796965497a6e70442d4c57574e69746759696c4c53313177453d,Totalizado
Águas Vermelhas,MG,0213,0107,6259,Deputado Estadual,7,22123,ANTÔNIO CARLOS ARANTES,PL,22,1,20261004T183932,773367597946417034676b5269466d726a47796965497a6e70442d4c57574e69746759696c4c53313177453d,Totalizado
Águas Vermelhas,MG,0213,0107,6259,Deputado Estadual,7,22222,BRUNO DE CASTRO ENGLER FLORENCIO DE ALMEIDA,PL,22,1,20261004T183932,773367597946417034676b5269466d726a47796965497a6e70442d4c57574e69746759696c4c53313177453d,Totalizado
Águas Vermelhas,MG,0213,0107,6259,Deputado Estadual,7,22344,DIANE DA SILVA FIALHO BATISTA,PL,22,1,20261004T183932,773367597946417034676b5269466d726a47796965497a6e70442d4c57574e69746759696c4c53313177453d,Totalizado
Águas Vermelhas,MG,0213,0107,6259,Deputado Estadual,7,22822,CLAUDIO SAMUEL SOUSA CAIRES,PL,22,1,20261004T183932,773367597946417034676b5269466d726a47796965497a6e70442d4c57574e69746759696c4c53313177453d,Totalizado
Águas Vermelhas,MG,0213,0107,6259,Deputado Estadual,7,43789,CARLITO PEREIRA DA COSTA,PV,43,1,20261004T183932,773367597946417034676b5269466d726a47796965497a6e70442d4c57574e69746759696c4c53313177453d,Totalizado
Águas Vermelhas,MG,0213,0107,6259,Deputado Estadual,7,70111,IVAN JOSÉ LOPES,AVANTE,70,1,20261004T183932,773367597946417034676b5269466d726a47796965497a6e70442d4c57574e69746759696c4c53313177453d,Totalizado
Águas Vermelhas,MG,0213,0110,6259,Deputado Estadual,7,11789,NAYARA ROCHA PERDIGÃO LARA,PP,11,165,20261004T181106,7a336355712d6a4d686541304e755834654e70557579636946634e42444571534c46414650744d3650734d3d,Totalizado
Águas Vermelhas,MG,0213,0110,6259,Deputado Estadual,7,13579,WHELTON PIMENTEL DE FREITAS,PT,13,19,20261004T181106,7a336355712d6a4d686541304e755834654e70557579636946634e42444571534c46414650744d3650734d3d,Totalizado
Águas Vermelhas,MG,0213,0110,6259,Deputado Estadual,7,22345,DENERVAL GERMANO DA CRUZ,PL,22,15,20261004T181106,7a336355712d6a4d686541304e755834654e70557579636946634e42444571534c46414650744d3650734d3d,Totalizado
Águas Vermelhas,MG,0213,0110,6259,Deputado Estadual,7,10123,CARLOS HENRIQUE ALVES DA SILVA,REPUBLICANOS,10,9,20261004T181106,7a336355712d6a4d686541304e755834654e70557579636946634e42444571534c46414650744d3650734d3d,Totalizado
Águas Vermelhas,MG,0213,0110,6259,Deputado Estadual,7,15111,ARLEN DE PAULO SANTIAGO FILHO,MDB,15,7,20261004T181106,7a336355712d6a4d686541304e755834654e70557579636946634e42444571534c46414650744d3650734d3d,Totalizado
Águas Vermelhas,MG,0213,0110,6259,Deputado Estadual,7,70123,ANA CAROLINA PINTO CARAM GUIMARAES,AVANTE,70,6,20261004T181106,7a336355712d6a4d686541304e755834654e70557579636946634e42444571534c46414650744d3650734d3d,Totalizado
Águas Vermelhas,MG,0213,0110,6259,Deputado Estadual,7,22222,BRUNO DE CASTRO ENGLER FLORENCIO DE ALMEIDA,PL,22,4,20261004T181106,7a336355712d6a4d686541304e755834654e70557579636946634e42444571534c46414650744d3650734d3d,Totalizado
Águas Vermelhas,MG,0213,0110,6259,Deputado Estadual,7,11230,OSCAR LISANDRO TEIXEIRA,PP,11,1,20261004T181106,7a336355712d6a4d686541304e755834654e70557579636946634e42444571534c46414650744d3650734d3d,Totalizado
Águas Vermelhas,MG,0213,0110,6259,Deputado Estadual,7,13123,BEATRIZ DA SILVA CERQUEIRA,PT,13,1,20261004T181106,7a336355712d6a4d686541304e755834654e70557579636946634e42444571534c46414650744d3650734d3d,Totalizado
Águas Vermelhas,MG,0213,0110,6259,Deputado Estadual,7,13134,EDUARDO PEREIRA DE OLIVEIRA,PT,13,1,20261004T181106,7a336355712d6a4d686541304e755834654e70557579636946634e42444571534c46414650744d3650734d3d,Totalizado
Águas Vermelhas,MG,0213,0110,6259,Deputado Estadual,7,13600,MOARA CORREA SABOIA,PT,13,1,20261004T181106,7a336355712d6a4d686541304e755834654e70557579636946634e42444571534c46414650744d3650734d3d,Totalizado
Águas Vermelhas,MG,0213,0110,6259,Deputado Estadual,7,22010,EDUARDO HENRIQUE DE AZEVEDO,PL,22,1,20261004T181106,7a336355712d6a4d686541304e755834654e70557579636946634e42444571534c46414650744d3650734d3d,Totalizado
Águas Vermelhas,MG,0213,0110,6259,Deputado Estadual,7,22111,PHABLO GOMES ALMEIDA,PL,22,1,20261004T181106,7a336355712d6a4d686541304e755834654e70557579636946634e42444571534c46414650744d3650734d3d,Totalizado
Águas Vermelhas,MG,0213,0110,6259,Deputado Estadual,7,22888,UGLENO ALVES PEREIRA SANTOS,PL,22,1,20261004T181106,7a336355712d6a4d686541304e755834654e70557579636946634e42444571534c46414650744d3650734d3d,Totalizado
Águas Vermelhas,MG,0213,0110,6259,Deputado Estadual,7,40777,ANTONIO AUGUSTO RESENDE MAIA,PSB,40,1,20261004T181106,7a336355712d6a4d686541304e755834654e70557579636946634e42444571534c46414650744d3650734d3d,Totalizado
Águas Vermelhas,MG,0213,0110,6259,Deputado Estadual,7,70111,IVAN JOSÉ LOPES,AVANTE,70,1,20261004T181106,7a336355712d6a4d686541304e755834654e70557579636946634e42444571534c46414650744d3650734d3d,Totalizado
Águas Vermelhas,MG,0213,0120,6259,Deputado Estadual,7,70123,ANA CAROLINA PINTO CARAM GUIMARAES,AVANTE,70,106,20261004T171030,514336746a594f613547426e77693973644b2d497579365a626577436d4f57314b417a4853734f71302d673d,Totalizado
Águas Vermelhas,MG,0213,0120,6259,Deputado Estadual,7,22345,DENERVAL GERMANO DA CRUZ,PL,22,41,20261004T171030,514336746a594f613547426e77693973644b2d497579365a626577436d4f57314b417a4853734f71302d673d,Totalizado
Águas Vermelhas,MG,0213,0120,6259,Deputado Estadual,7,10123,CARLOS HENRIQUE ALVES DA SILVA,REPUBLICANOS,10,16,20261004T171030,514336746a594f613547426e77693973644b2d497579365a626577436d4f57314b417a4853734f71302d673d,Totalizado
Águas Vermelhas,MG,0213,0120,6259,Deputado Estadual,7,43789,CARLITO PEREIRA DA COSTA,PV,43,15,20261004T171030,514336746a594f613547426e77693973644b2d497579365a626577436d4f57314b417a4853734f71302d673d,Totalizado
Águas Vermelhas,MG,0213,0120,6259,Deputado Estadual,7,13100,JEAN MARK FREIRE SILVA,PT,13,9,20261004T171030,514336746a594f613547426e77693973644b2d497579365a626577436d4f57314b417a4853734f71302d673d,Totalizado
Águas Vermelhas,MG,0213,0120,6259,Deputado Estadual,7,44777,WENDEL CRISTIANO SOARES DE MESQUITA,UNIÃO,44,5,20261004T171030,514336746a594f613547426e77693973644b2d497579365a626577436d4f57314b417a4853734f71302d673d,Totalizado
Águas Vermelhas,MG,0213,0120,6259,Deputado Estadual,7,13123,BEATRIZ DA SILVA CERQUEIRA,PT,13,4,20261004T171030,514336746a594f613547426e77693973644b2d497579365a626577436d4f57314b417a4853734f71302d673d,Totalizado
Águas Vermelhas,MG,0213,0120,6259,Deputado Estadual,7,15111,ARLEN DE PAULO SANTIAGO FILHO,MDB,15,4,20261004T171030,514336746a594f613547426e77693973644b2d497579365a626577436d4f57314b417a4853734f71302d673d,Totalizado
Águas Vermelhas,MG,0213,0120,6259,Deputado Estadual,7,13450,CARLOS MAGNO RIBEIRO COSTA,PT,13,3,20261004T171030,514336746a594f613547426e77693973644b2d497579365a626577436d4f57314b417a4853734f71302d673d,Totalizado
Águas Vermelhas,MG,0213,0120,6259,Deputado Estadual,7,22800,GUSTAVO DE VASCONCELLOS MOREIRA,PL,22,3,20261004T171030,514336746a594f613547426e77693973644b2d497579365a626577436d4f57314b417a4853734f71302d673d,Totalizado
Águas Vermelhas,MG,0213,0120,6259,Deputado Estadual,7,11789,NAYARA ROCHA PERDIGÃO LARA,PP,11,2,20261004T171030,514336746a594f613547426e77693973644b2d497579365a626577436d4f57314b417a4853734f71302d673d,Totalizado
Águas Vermelhas,MG,0213,0120,6259,Deputado Estadual,7,13579,WHELTON PIMENTEL DE FREITAS,PT,13,2,20261004T171030,514336746a594f613547426e77693973644b2d497579365a626577436d4f57314b417a4853734f71302d673d,Totalizado
Águas Vermelhas,MG,0213,0120,6259,Deputado Estadual,7,13000,ADRIANA CRISTINA FABIANO DE SOUZA,PT,13,1,20261004T171030,514336746a594f613547426e77693973644b2d497579365a626577436d4f57314b417a4853734f71302d673d,Totalizado
Águas Vermelhas,MG,0213,0120,6259,Deputado Estadual,7,13130,MACAE MARIA EVARISTO DOS SANTOS,PT,13,1,20261004T171030,514336746a594f613547426e77693973644b2d497579365a626577436d4f57314b417a4853734f71302d673d,Totalizado
Águas Vermelhas,MG,0213,0120,6259,Deputado Estadual,7,13444,ANA PAULA SIQUEIRA,PT,13,1,20261004T171030,514336746a594f613547426e77693973644b2d497579365a626577436d4f57314b417a4853734f71302d673d,Totalizado
Águas Vermelhas,MG,0213,0120,6259,Deputado Estadual,7,20000,FLAVIA FERREIRA BORJA PINTO,PODE,20,1,20261004T171030,514336746a594f613547426e77693973644b2d497579365a626577436d4f57314b417a4853734f71302d673d,Totalizado
Águas Vermelhas,MG,0213,0120,6259,Deputado Estadual,7,22111,PHABLO GOMES ALMEIDA,PL,22,1,20261004T171030,514336746a594f613547426e77693973644b2d497579365a626577436d4f57314b417a4853734f71302d673d,Totalizado
Águas Vermelhas,MG,0213,0120,6259,Deputado Estadual,7,22122,WASHINGTON FERNANDO RODRIGUES,PL,22,1,20261004T171030,514336746a594f613547426e77693973644b2d497579365a626577436d4f57314b417a4853734f71302d673d,Totalizado
Águas Vermelhas,MG,0213,0120,6259,Deputado Estadual,7,22123,ANTÔNIO CARLOS ARANTES,PL,22,1,20261004T171030,514336746a594f613547426e77693973644b2d497579365a626577436d4f57314b417a4853734f71302d673d,Totalizado
Águas Vermelhas,MG,0213,0120,6259,Deputado Estadual,7,22500,CARLOS HENRIQUE COELHO DE CAMPOS,PL,22,1,20261004T171030,514336746a594f613547426e77693973644b2d497579365a626577436d4f57314b417a4853734f71302d673d,Totalizado
Águas Vermelhas,MG,0213,0120,6259,Deputado Estadual,7,23123,Nº 23123 (não consta no EA20 municipal),CIDADANIA,23,1,20261004T171030,514336746a594f613547426e77693973644b2d497579365a626577436d4f57314b417a4853734f71302d673d,Totalizado
Águas Vermelhas,MG,0213,0120,6259,Deputado Estadual,7,30011,JOSE LAVIOLA NETO DE LIRA,NOVO,30,1,20261004T171030,514336746a594f613547426e77693973644b2d497579365a626577436d4f57314b417a4853734f71302d673d,Totalizado
Águas Vermelhas,MG,0213,0120,6259,Deputado Estadual,7,35190,THIAGO GREGORIO CEZARIO DA SILVA,DEMOCRATA,35,1,20261004T171030,514336746a594f613547426e77693973644b2d497579365a626577436d4f57314b417a4853734f71302d673d,Totalizado
Águas Vermelhas,MG,0213,0128,6259,Deputado Estadual,7,70123,ANA CAROLINA PINTO CARAM GUIMARAES,AVANTE,70,85,20261004T172915,70334d5a4436665579585433424e5244493549634f6c774b5262706e4142502d7559436e4530746a4654343d,Totalizado
Águas Vermelhas,MG,0213,0128,6259,Deputado Estadual,7,22345,DENERVAL GERMANO DA CRUZ,PL,22,44,20261004T172915,70334d5a4436665579585433424e5244493549634f6c774b5262706e4142502d7559436e4530746a4654343d,Totalizado
Águas Vermelhas,MG,0213,0128,6259,Deputado Estadual,7,10123,CARLOS HENRIQUE ALVES DA SILVA,REPUBLICANOS,10,21,20261004T172915,70334d5a4436665579585433424e5244493549634f6c774b5262706e4142502d7559436e4530746a4654343d,Totalizado
Águas Vermelhas,MG,0213,0128,6259,Deputado Estadual,7,13100,JEAN MARK FREIRE SILVA,PT,13,12,20261004T172915,70334d5a4436665579585433424e5244493549634f6c774b5262706e4142502d7559436e4530746a4654343d,Totalizado
Águas Vermelhas,MG,0213,0128,6259,Deputado Estadual,7,13123,BEATRIZ DA SILVA CERQUEIRA,PT,13,6,20261004T172915,70334d5a4436665579585433424e5244493549634f6c774b5262706e4142502d7559436e4530746a4654343d,Totalizado
Águas Vermelhas,MG,0213,0128,6259,Deputado Estadual,7,22800,GUSTAVO DE VASCONCELLOS MOREIRA,PL,22,5,20261004T172915,70334d5a4436665579585433424e5244493549634f6c774b5262706e4142502d7559436e4530746a4654343d,Totalizado
Águas Vermelhas,MG,0213,0128,6259,Deputado Estadual,7,43789,CARLITO PEREIRA DA COSTA,PV,43,5,20261004T172915,70334d5a4436665579585433424e5244493549634f6c774b5262706e4142502d7559436e4530746a4654343d,Totalizado
Águas Vermelhas,MG,0213,0128,6259,Deputado Estadual,7,20000,FLAVIA FERREIRA BORJA PINTO,PODE,20,3,20261004T172915,70334d5a4436665579585433424e5244493549634f6c774b5262706e4142502d7559436e4530746a4654343d,Totalizado
Águas Vermelhas,MG,0213,0128,6259,Deputado Estadual,7,11789,NAYARA ROCHA PERDIGÃO LARA,PP,11,2,20261004T172915,70334d5a4436665579585433424e5244493549634f6c774b5262706e4142502d7559436e4530746a4654343d,Totalizado
Águas Vermelhas,MG,0213,0128,6259,Deputado Estadual,7,13050,ANDRÉIA DE JESUS SILVA,PT,13,2,20261004T172915,70334d5a4436665579585433424e5244493549634f6c774b5262706e4142502d7559436e4530746a4654343d,Totalizado
Águas Vermelhas,MG,0213,0128,6259,Deputado Estadual,7,13450,CARLOS MAGNO RIBEIRO COSTA,PT,13,2,20261004T172915,70334d5a4436665579585433424e5244493549634f6c774b5262706e4142502d7559436e4530746a4654343d,Totalizado
Águas Vermelhas,MG,0213,0128,6259,Deputado Estadual,7,13579,WHELTON PIMENTEL DE FREITAS,PT,13,2,20261004T172915,70334d5a4436665579585433424e5244493549634f6c774b5262706e4142502d7559436e4530746a4654343d,Totalizado
Águas Vermelhas,MG,0213,0128,6259,Deputado Estadual,7,22122,WASHINGTON FERNANDO RODRIGUES,PL,22,2,20261004T172915,70334d5a4436665579585433424e5244493549634f6c774b5262706e4142502d7559436e4530746a4654343d,Totalizado
Águas Vermelhas,MG,0213,0128,6259,Deputado Estadual,7,25222,ROBERTO DIAS DE ANDRADE,PRD,25,2,20261004T172915,70334d5a4436665579585433424e5244493549634f6c774b5262706e4142502d7559436e4530746a4654343d,Totalizado
Águas Vermelhas,MG,0213,0128,6259,Deputado Estadual,7,44777,WENDEL CRISTIANO SOARES DE MESQUITA,UNIÃO,44,2,20261004T172915,70334d5a4436665579585433424e5244493549634f6c774b5262706e4142502d7559436e4530746a4654343d,Totalizado
Águas Vermelhas,MG,0213,0128,6259,Deputado Estadual,7,45177,MARIA DO SOCORRO PACHECO PENA,PSDB,45,2,20261004T172915,70334d5a4436665579585433424e5244493549634f6c774b5262706e4142502d7559436e4530746a4654343d,Totalizado
Águas Vermelhas,MG,0213,0128,6259,Deputado Estadual,7,10100,CHARLES DOS SANTOS,REPUBLICANOS,10,1,20261004T172915,70334d5a4436665579585433424e5244493549634f6c774b5262706e4142502d7559436e4530746a4654343d,Totalizado
Águas Vermelhas,MG,0213,0128,6259,Deputado Estadual,7,13130,MACAE MARIA EVARISTO DOS SANTOS,PT,13,1,20261004T172915,70334d5a4436665579585433424e5244493549634f6c774b5262706e4142502d7559436e4530746a4654343d,Totalizado
Águas Vermelhas,MG,0213,0128,6259,Deputado Estadual,7,13134,EDUARDO PEREIRA DE OLIVEIRA,PT,13,1,20261004T172915,70334d5a4436665579585433424e5244493549634f6c774b5262706e4142502d7559436e4530746a4654343d,Totalizado
Águas Vermelhas,MG,0213,0128,6259,Deputado Estadual,7,13444,ANA PAULA SIQUEIRA,PT,13,1,20261004T172915,70334d5a4436665579585433424e5244493549634f6c774b5262706e4142502d7559436e4530746a4654343d,Totalizado
Águas Vermelhas,MG,0213,0128,6259,Deputado Estadual,7,13456,MARILENE ALVES DE SOUZA,PT,13,1,20261004T172915,70334d5a4436665579585433424e5244493549634f6c774b5262706e4142502d7559436e4530746a4654343d,Totalizado
Águas Vermelhas,MG,0213,0128,6259,Deputado Estadual,7,14000,LUANA GOMES DA SILVA,MISSÃO,14,1,20261004T172915,70334d5a4436665579585433424e5244493549634f6c774b5262706e4142502d7559436e4530746a4654343d,Totalizado
Águas Vermelhas,MG,0213,0128,6259,Deputado Estadual,7,15111,ARLEN DE PAULO SANTIAGO FILHO,MDB,15,1,20261004T172915,70334d5a4436665579585433424e5244493549634f6c774b5262706e4142502d7559436e4530746a4654343d,Totalizado
Águas Vermelhas,MG,0213,0128,6259,Deputado Estadual,7,22888,UGLENO ALVES PEREIRA SANTOS,PL,22,1,20261004T172915,70334d5a4436665579585433424e5244493549634f6c774b5262706e4142502d7559436e4530746a4654343d,Totalizado
Águas Vermelhas,MG,0213,0128,6259,Deputado Estadual,7,45999,LEONIDIO HENRIQUE CORREA BOUCAS,PSDB,45,1,20261004T172915,70334d5a4436665579585433424e5244493549634f6c774b5262706e4142502d7559436e4530746a4654343d,Totalizado
Águas Vermelhas,MG,0213,0134,6259,Deputado Estadual,7,11789,NAYARA ROCHA PERDIGÃO LARA,PP,11,153,20261004T173115,6d3967476439514f395233456d533536474e736a6c4a4f64485357576e76694758766c4b6f635146376b303d,Totalizado
Águas Vermelhas,MG,0213,0134,6259,Deputado Estadual,7,22345,DENERVAL GERMANO DA CRUZ,PL,22,22,20261004T173115,6d3967476439514f395233456d533536474e736a6c4a4f64485357576e76694758766c4b6f635146376b303d,Totalizado
Águas Vermelhas,MG,0213,0134,6259,Deputado Estadual,7,10123,CARLOS HENRIQUE ALVES DA SILVA,REPUBLICANOS,10,14,20261004T173115,6d3967476439514f395233456d533536474e736a6c4a4f64485357576e76694758766c4b6f635146376b303d,Totalizado
Águas Vermelhas,MG,0213,0134,6259,Deputado Estadual,7,13579,WHELTON PIMENTEL DE FREITAS,PT,13,13,20261004T173115,6d3967476439514f395233456d533536474e736a6c4a4f64485357576e76694758766c4b6f635146376b303d,Totalizado
Águas Vermelhas,MG,0213,0134,6259,Deputado Estadual,7,15111,ARLEN DE PAULO SANTIAGO FILHO,MDB,15,6,20261004T173115,6d3967476439514f395233456d533536474e736a6c4a4f64485357576e76694758766c4b6f635146376b303d,Totalizado
Águas Vermelhas,MG,0213,0134,6259,Deputado Estadual,7,70123,ANA CAROLINA PINTO CARAM GUIMARAES,AVANTE,70,5,20261004T173115,6d3967476439514f395233456d533536474e736a6c4a4f64485357576e76694758766c4b6f635146376b303d,Totalizado
Águas Vermelhas,MG,0213,0134,6259,Deputado Estadual,7,22222,BRUNO DE CASTRO ENGLER FLORENCIO DE ALMEIDA,PL,22,4,20261004T173115,6d3967476439514f395233456d533536474e736a6c4a4f64485357576e76694758766c4b6f635146376b303d,Totalizado
Águas Vermelhas,MG,0213,0134,6259,Deputado Estadual,7,13123,BEATRIZ DA SILVA CERQUEIRA,PT,13,3,20261004T173115,6d3967476439514f395233456d533536474e736a6c4a4f64485357576e76694758766c4b6f635146376b303d,Totalizado
Águas Vermelhas,MG,0213,0134,6259,Deputado Estadual,7,13070,VITOR GONÇALVES COSTA,PT,13,2,20261004T173115,6d3967476439514f395233456d533536474e736a6c4a4f64485357576e76694758766c4b6f635146376b303d,Totalizado
Águas Vermelhas,MG,0213,0134,6259,Deputado Estadual,7,22822,CLAUDIO SAMUEL SOUSA CAIRES,PL,22,2,20261004T173115,6d3967476439514f395233456d533536474e736a6c4a4f64485357576e76694758766c4b6f635146376b303d,Totalizado
Águas Vermelhas,MG,0213,0134,6259,Deputado Estadual,7,11111,JOSE GUILHERME FERREIRA FILHO,PP,11,1,20261004T173115,6d3967476439514f395233456d533536474e736a6c4a4f64485357576e76694758766c4b6f635146376b303d,Totalizado
Águas Vermelhas,MG,0213,0134,6259,Deputado Estadual,7,13100,JEAN MARK FREIRE SILVA,PT,13,1,20261004T173115,6d3967476439514f395233456d533536474e736a6c4a4f64485357576e76694758766c4b6f635146376b303d,Totalizado
Águas Vermelhas,MG,0213,0134,6259,Deputado Estadual,7,13134,EDUARDO PEREIRA DE OLIVEIRA,PT,13,1,20261004T173115,6d3967476439514f395233456d533536474e736a6c4a4f64485357576e76694758766c4b6f635146376b303d,Totalizado
Águas Vermelhas,MG,0213,0134,6259,Deputado Estadual,7,50099,IZABELLA LOURENÇA AMORIM ROMUALDO,PSOL,50,1,20261004T173115,6d3967476439514f395233456d533536474e736a6c4a4f64485357576e76694758766c4b6f635146376b303d,Totalizado
Águas Vermelhas,MG,0213,0135,6259,Deputado Estadual,7,70123,ANA CAROLINA PINTO CARAM GUIMARAES,AVANTE,70,90,20261004T172330,705450566d677441636c2b76494677382d354752413135363779644c654d6d4e69722b4a32585179766f6b3d,Totalizado
Águas Vermelhas,MG,0213,0135,6259,Deputado Estadual,7,22345,DENERVAL GERMANO DA CRUZ,PL,22,38,20261004T172330,705450566d677441636c2b76494677382d354752413135363779644c654d6d4e69722b4a32585179766f6b3d,Totalizado
Águas Vermelhas,MG,0213,0135,6259,Deputado Estadual,7,43789,CARLITO PEREIRA DA COSTA,PV,43,21,20261004T172330,705450566d677441636c2b76494677382d354752413135363779644c654d6d4e69722b4a32585179766f6b3d,Totalizado
Águas Vermelhas,MG,0213,0135,6259,Deputado Estadual,7,13100,JEAN MARK FREIRE SILVA,PT,13,20,20261004T172330,705450566d677441636c2b76494677382d354752413135363779644c654d6d4e69722b4a32585179766f6b3d,Totalizado
Águas Vermelhas,MG,0213,0135,6259,Deputado Estadual,7,22800,GUSTAVO DE VASCONCELLOS MOREIRA,PL,22,8,20261004T172330,705450566d677441636c2b76494677382d354752413135363779644c654d6d4e69722b4a32585179766f6b3d,Totalizado
Águas Vermelhas,MG,0213,0135,6259,Deputado Estadual,7,10123,CARLOS HENRIQUE ALVES DA SILVA,REPUBLICANOS,10,7,20261004T172330,705450566d677441636c2b76494677382d354752413135363779644c654d6d4e69722b4a32585179766f6b3d,Totalizado
Águas Vermelhas,MG,0213,0135,6259,Deputado Estadual,7,13123,BEATRIZ DA SILVA CERQUEIRA,PT,13,5,20261004T172330,705450566d677441636c2b76494677382d354752413135363779644c654d6d4e69722b4a32585179766f6b3d,Totalizado
Águas Vermelhas,MG,0213,0135,6259,Deputado Estadual,7,13450,CARLOS MAGNO RIBEIRO COSTA,PT,13,3,20261004T172330,705450566d677441636c2b76494677382d354752413135363779644c654d6d4e69722b4a32585179766f6b3d,Totalizado
Águas Vermelhas,MG,0213,0135,6259,Deputado Estadual,7,15111,ARLEN DE PAULO SANTIAGO FILHO,MDB,15,3,20261004T172330,705450566d677441636c2b76494677382d354752413135363779644c654d6d4e69722b4a32585179766f6b3d,Totalizado
Águas Vermelhas,MG,0213,0135,6259,Deputado Estadual,7,22010,EDUARDO HENRIQUE DE AZEVEDO,PL,22,3,20261004T172330,705450566d677441636c2b76494677382d354752413135363779644c654d6d4e69722b4a32585179766f6b3d,Totalizado
Águas Vermelhas,MG,0213,0135,6259,Deputado Estadual,7,11789,NAYARA ROCHA PERDIGÃO LARA,PP,11,2,20261004T172330,705450566d677441636c2b76494677382d354752413135363779644c654d6d4e69722b4a32585179766f6b3d,Totalizado
Águas Vermelhas,MG,0213,0135,6259,Deputado Estadual,7,13120,CRISTIANO TADEU DA SILVEIRA,PT,13,2,20261004T172330,705450566d677441636c2b76494677382d354752413135363779644c654d6d4e69722b4a32585179766f6b3d,Totalizado
Águas Vermelhas,MG,0213,0135,6259,Deputado Estadual,7,13579,WHELTON PIMENTEL DE FREITAS,PT,13,2,20261004T172330,705450566d677441636c2b76494677382d354752413135363779644c654d6d4e69722b4a32585179766f6b3d,Totalizado
Águas Vermelhas,MG,0213,0135,6259,Deputado Estadual,7,20000,FLAVIA FERREIRA BORJA PINTO,PODE,20,2,20261004T172330,705450566d677441636c2b76494677382d354752413135363779644c654d6d4e69722b4a32585179766f6b3d,Totalizado
Águas Vermelhas,MG,0213,0135,6259,Deputado Estadual,7,35190,THIAGO GREGORIO CEZARIO DA SILVA,DEMOCRATA,35,2,20261004T172330,705450566d677441636c2b76494677382d354752413135363779644c654d6d4e69722b4a32585179766f6b3d,Totalizado
Águas Vermelhas,MG,0213,0135,6259,Deputado Estadual,7,44777,WENDEL CRISTIANO SOARES DE MESQUITA,UNIÃO,44,2,20261004T172330,705450566d677441636c2b76494677382d354752413135363779644c654d6d4e69722b4a32585179766f6b3d,Totalizado
Águas Vermelhas,MG,0213,0135,6259,Deputado Estadual,7,10190,DOMINGOS SAVIO DE MENDONCA,REPUBLICANOS,10,1,20261004T172330,705450566d677441636c2b76494677382d354752413135363779644c654d6d4e69722b4a32585179766f6b3d,Totalizado
Águas Vermelhas,MG,0213,0135,6259,Deputado Estadual,7,10789,NEILANDO ALVES PIMENTA,REPUBLICANOS,10,1,20261004T172330,705450566d677441636c2b76494677382d354752413135363779644c654d6d4e69722b4a32585179766f6b3d,Totalizado
Águas Vermelhas,MG,0213,0135,6259,Deputado Estadual,7,13000,ADRIANA CRISTINA FABIANO DE SOUZA,PT,13,1,20261004T172330,705450566d677441636c2b76494677382d354752413135363779644c654d6d4e69722b4a32585179766f6b3d,Totalizado
Águas Vermelhas,MG,0213,0135,6259,Deputado Estadual,7,13130,MACAE MARIA EVARISTO DOS SANTOS,PT,13,1,20261004T172330,705450566d677441636c2b76494677382d354752413135363779644c654d6d4e69722b4a32585179766f6b3d,Totalizado
Águas Vermelhas,MG,0213,0135,6259,Deputado Estadual,7,13134,EDUARDO PEREIRA DE OLIVEIRA,PT,13,1,20261004T172330,705450566d677441636c2b76494677382d354752413135363779644c654d6d4e69722b4a32585179766f6b3d,Totalizado
Águas Vermelhas,MG,0213,0135,6259,Deputado Estadual,7,13456,MARILENE ALVES DE SOUZA,PT,13,1,20261004T172330,705450566d677441636c2b76494677382d354752413135363779644c654d6d4e69722b4a32585179766f6b3d,Totalizado
Águas Vermelhas,MG,0213,0135,6259,Deputado Estadual,7,20001,SERAFIM DE SOUSA JUNIOR,PODE,20,1,20261004T172330,705450566d677441636c2b76494677382d354752413135363779644c654d6d4e69722b4a32585179766f6b3d,Totalizado
Águas Vermelhas,MG,0213,0135,6259,Deputado Estadual,7,22000,AMANDA CAROLINE TEIXEIRA DIAS,PL,22,1,20261004T172330,705450566d677441636c2b76494677382d354752413135363779644c654d6d4e69722b4a32585179766f6b3d,Totalizado
Águas Vermelhas,MG,0213,0135,6259,Deputado Estadual,7,22122,WASHINGTON FERNANDO RODRIGUES,PL,22,1,20261004T172330,705450566d677441636c2b76494677382d354752413135363779644c654d6d4e69722b4a32585179766f6b3d,Totalizado
Águas Vermelhas,MG,0213,0135,6259,Deputado Estadual,7,30011,JOSE LAVIOLA NETO DE LIRA,NOVO,30,1,20261004T172330,705450566d677441636c2b76494677382d354752413135363779644c654d6d4e69722b4a32585179766f6b3d,Totalizado
Águas Vermelhas,MG,0213,0135,6259,Deputado Estadual,7,45999,LEONIDIO HENRIQUE CORREA BOUCAS,PSDB,45,1,20261004T172330,705450566d677441636c2b76494677382d354752413135363779644c654d6d4e69722b4a32585179766f6b3d,Totalizado
Águas Vermelhas,MG,0213,0135,6259,Deputado Estadual,7,50099,IZABELLA LOURENÇA AMORIM ROMUALDO,PSOL,50,1,20261004T172330,705450566d677441636c2b76494677382d354752413135363779644c654d6d4e69722b4a32585179766f6b3d,Totalizado
Águas Vermelhas,MG,0213,0139,6259,Deputado Estadual,7,11789,NAYARA ROCHA PERDIGÃO LARA,PP,11,52,20261004T171225,6c797743334a6868427355317941593832625768334d474a6e4750306f4c7174475a4b2d546955325251413d,Totalizado
Águas Vermelhas,MG,0213,0139,6259,Deputado Estadual,7,22345,DENERVAL GERMANO DA CRUZ,PL,22,16,20261004T171225,6c797743334a6868427355317941593832625768334d474a6e4750306f4c7174475a4b2d546955325251413d,Totalizado
Águas Vermelhas,MG,0213,0139,6259,Deputado Estadual,7,70123,ANA CAROLINA PINTO CARAM GUIMARAES,AVANTE,70,7,20261004T171225,6c797743334a6868427355317941593832625768334d474a6e4750306f4c7174475a4b2d546955325251413d,Totalizado
Águas Vermelhas,MG,0213,0139,6259,Deputado Estadual,7,13100,JEAN MARK FREIRE SILVA,PT,13,3,20261004T171225,6c797743334a6868427355317941593832625768334d474a6e4750306f4c7174475a4b2d546955325251413d,Totalizado
Águas Vermelhas,MG,0213,0139,6259,Deputado Estadual,7,43789,CARLITO PEREIRA DA COSTA,PV,43,3,20261004T171225,6c797743334a6868427355317941593832625768334d474a6e4750306f4c7174475a4b2d546955325251413d,Totalizado
Águas Vermelhas,MG,0213,0139,6259,Deputado Estadual,7,10123,CARLOS HENRIQUE ALVES DA SILVA,REPUBLICANOS,10,2,20261004T171225,6c797743334a6868427355317941593832625768334d474a6e4750306f4c7174475a4b2d546955325251413d,Totalizado
Águas Vermelhas,MG,0213,0139,6259,Deputado Estadual,7,11230,OSCAR LISANDRO TEIXEIRA,PP,11,2,20261004T171225,6c797743334a6868427355317941593832625768334d474a6e4750306f4c7174475a4b2d546955325251413d,Totalizado
Águas Vermelhas,MG,0213,0139,6259,Deputado Estadual,7,13579,WHELTON PIMENTEL DE FREITAS,PT,13,2,20261004T171225,6c797743334a6868427355317941593832625768334d474a6e4750306f4c7174475a4b2d546955325251413d,Totalizado
Águas Vermelhas,MG,0213,0139,6259,Deputado Estadual,7,22222,BRUNO DE CASTRO ENGLER FLORENCIO DE ALMEIDA,PL,22,2,20261004T171225,6c797743334a6868427355317941593832625768334d474a6e4750306f4c7174475a4b2d546955325251413d,Totalizado
Águas Vermelhas,MG,0213,0139,6259,Deputado Estadual,7,10122,Nº 10122 (não consta no EA20 municipal),REPUBLICANOS,10,1,20261004T171225,6c797743334a6868427355317941593832625768334d474a6e4750306f4c7174475a4b2d546955325251413d,Totalizado
Águas Vermelhas,MG,0213,0139,6259,Deputado Estadual,7,15111,ARLEN DE PAULO SANTIAGO FILHO,MDB,15,1,20261004T171225,6c797743334a6868427355317941593832625768334d474a6e4750306f4c7174475a4b2d546955325251413d,Totalizado
Águas Vermelhas,MG,0213,0140,6259,Deputado Estadual,7,70123,ANA CAROLINA PINTO CARAM GUIMARAES,AVANTE,70,52,20261004T170406,62504246616b61634f7477454c3673325564364b6d66526a4748464676714879496754652d4d32516266413d,Totalizado
Águas Vermelhas,MG,0213,0140,6259,Deputado Estadual,7,10123,CARLOS HENRIQUE ALVES DA SILVA,REPUBLICANOS,10,47,20261004T170406,62504246616b61634f7477454c3673325564364b6d66526a4748464676714879496754652d4d32516266413d,Totalizado
Águas Vermelhas,MG,0213,0140,6259,Deputado Estadual,7,22345,DENERVAL GERMANO DA CRUZ,PL,22,22,20261004T170406,62504246616b61634f7477454c3673325564364b6d66526a4748464676714879496754652d4d32516266413d,Totalizado
Águas Vermelhas,MG,0213,0140,6259,Deputado Estadual,7,11789,NAYARA ROCHA PERDIGÃO LARA,PP,11,15,20261004T170406,62504246616b61634f7477454c3673325564364b6d66526a4748464676714879496754652d4d32516266413d,Totalizado
Águas Vermelhas,MG,0213,0140,6259,Deputado Estadual,7,13100,JEAN MARK FREIRE SILVA,PT,13,11,20261004T170406,62504246616b61634f7477454c3673325564364b6d66526a4748464676714879496754652d4d32516266413d,Totalizado
Águas Vermelhas,MG,0213,0140,6259,Deputado Estadual,7,13579,WHELTON PIMENTEL DE FREITAS,PT,13,5,20261004T170406,62504246616b61634f7477454c3673325564364b6d66526a4748464676714879496754652d4d32516266413d,Totalizado
Águas Vermelhas,MG,0213,0140,6259,Deputado Estadual,7,15111,ARLEN DE PAULO SANTIAGO FILHO,MDB,15,4,20261004T170406,62504246616b61634f7477454c3673325564364b6d66526a4748464676714879496754652d4d32516266413d,Totalizado
Águas Vermelhas,MG,0213,0140,6259,Deputado Estadual,7,43789,CARLITO PEREIRA DA COSTA,PV,43,3,20261004T170406,62504246616b61634f7477454c3673325564364b6d66526a4748464676714879496754652d4d32516266413d,Totalizado
Águas Vermelhas,MG,0213,0140,6259,Deputado Estadual,7,13134,EDUARDO PEREIRA DE OLIVEIRA,PT,13,2,20261004T170406,62504246616b61634f7477454c3673325564364b6d66526a4748464676714879496754652d4d32516266413d,Totalizado
Águas Vermelhas,MG,0213,0140,6259,Deputado Estadual,7,22222,BRUNO DE CASTRO ENGLER FLORENCIO DE ALMEIDA,PL,22,2,20261004T170406,62504246616b61634f7477454c3673325564364b6d66526a4748464676714879496754652d4d32516266413d,Totalizado
Águas Vermelhas,MG,0213,0140,6259,Deputado Estadual,7,10122,Nº 10122 (não consta no EA20 municipal),REPUBLICANOS,10,1,20261004T170406,62504246616b61634f7477454c3673325564364b6d66526a4748464676714879496754652d4d32516266413d,Totalizado
Águas Vermelhas,MG,0213,0140,6259,Deputado Estadual,7,13120,CRISTIANO TADEU DA SILVEIRA,PT,13,1,20261004T170406,62504246616b61634f7477454c3673325564364b6d66526a4748464676714879496754652d4d32516266413d,Totalizado
Águas Vermelhas,MG,0213,0140,6259,Deputado Estadual,7,13444,ANA PAULA SIQUEIRA,PT,13,1,20261004T170406,62504246616b61634f7477454c3673325564364b6d66526a4748464676714879496754652d4d32516266413d,Totalizado
Águas Vermelhas,MG,0213,0140,6259,Deputado Estadual,7,13456,MARILENE ALVES DE SOUZA,PT,13,1,20261004T170406,62504246616b61634f7477454c3673325564364b6d66526a4748464676714879496754652d4d32516266413d,Totalizado
Águas Vermelhas,MG,0213,0140,6259,Deputado Estadual,7,22001,PEDRO LUIZ DA SILVA,PL,22,1,20261004T170406,62504246616b61634f7477454c3673325564364b6d66526a4748464676714879496754652d4d32516266413d,Totalizado
Águas Vermelhas,MG,0213,0140,6259,Deputado Estadual,7,22700,ALEX CAVALCANTE GONCALVES,PL,22,1,20261004T170406,62504246616b61634f7477454c3673325564364b6d66526a4748464676714879496754652d4d32516266413d,Totalizado
Águas Vermelhas,MG,0213,0140,6259,Deputado Estadual,7,40777,ANTONIO AUGUSTO RESENDE MAIA,PSB,40,1,20261004T170406,62504246616b61634f7477454c3673325564364b6d66526a4748464676714879496754652d4d32516266413d,Totalizado
Águas Vermelhas,MG,0213,0140,6259,Deputado Estadual,7,55789,NACIB DUARTE BECHIR,PSD,55,1,20261004T170406,62504246616b61634f7477454c3673325564364b6d66526a4748464676714879496754652d4d32516266413d,Totalizado
Águas Vermelhas,MG,0213,0145,6259,Deputado Estadual,7,11789,NAYARA ROCHA PERDIGÃO LARA,PP,11,149,20261004T170824,3473396f306b42494f36624f7048764f6c4f56447877587176546539642b513238474a59794c6c516c32593d,Totalizado
Águas Vermelhas,MG,0213,0145,6259,Deputado Estadual,7,22345,DENERVAL GERMANO DA CRUZ,PL,22,19,20261004T170824,3473396f306b42494f36624f7048764f6c4f56447877587176546539642b513238474a59794c6c516c32593d,Totalizado
Águas Vermelhas,MG,0213,0145,6259,Deputado Estadual,7,10123,CARLOS HENRIQUE ALVES DA SILVA,REPUBLICANOS,10,13,20261004T170824,3473396f306b42494f36624f7048764f6c4f56447877587176546539642b513238474a59794c6c516c32593d,Totalizado
Águas Vermelhas,MG,0213,0145,6259,Deputado Estadual,7,13579,WHELTON PIMENTEL DE FREITAS,PT,13,6,20261004T170824,3473396f306b42494f36624f7048764f6c4f56447877587176546539642b513238474a59794c6c516c32593d,Totalizado
Águas Vermelhas,MG,0213,0145,6259,Deputado Estadual,7,22222,BRUNO DE CASTRO ENGLER FLORENCIO DE ALMEIDA,PL,22,4,20261004T170824,3473396f306b42494f36624f7048764f6c4f56447877587176546539642b513238474a59794c6c516c32593d,Totalizado
Águas Vermelhas,MG,0213,0145,6259,Deputado Estadual,7,70123,ANA CAROLINA PINTO CARAM GUIMARAES,AVANTE,70,3,20261004T170824,3473396f306b42494f36624f7048764f6c4f56447877587176546539642b513238474a59794c6c516c32593d,Totalizado
Águas Vermelhas,MG,0213,0145,6259,Deputado Estadual,7,11230,OSCAR LISANDRO TEIXEIRA,PP,11,2,20261004T170824,3473396f306b42494f36624f7048764f6c4f56447877587176546539642b513238474a59794c6c516c32593d,Totalizado
Águas Vermelhas,MG,0213,0145,6259,Deputado Estadual,7,13123,BEATRIZ DA SILVA CERQUEIRA,PT,13,2,20261004T170824,3473396f306b42494f36624f7048764f6c4f56447877587176546539642b513238474a59794c6c516c32593d,Totalizado
Águas Vermelhas,MG,0213,0145,6259,Deputado Estadual,7,15111,ARLEN DE PAULO SANTIAGO FILHO,MDB,15,2,20261004T170824,3473396f306b42494f36624f7048764f6c4f56447877587176546539642b513238474a59794c6c516c32593d,Totalizado
Águas Vermelhas,MG,0213,0145,6259,Deputado Estadual,7,11111,JOSE GUILHERME FERREIRA FILHO,PP,11,1,20261004T170824,3473396f306b42494f36624f7048764f6c4f56447877587176546539642b513238474a59794c6c516c32593d,Totalizado
Águas Vermelhas,MG,0213,0145,6259,Deputado Estadual,7,13120,CRISTIANO TADEU DA SILVEIRA,PT,13,1,20261004T170824,3473396f306b42494f36624f7048764f6c4f56447877587176546539642b513238474a59794c6c516c32593d,Totalizado
Águas Vermelhas,MG,0213,0145,6259,Deputado Estadual,7,22037,THIAGO PINTO VERLI,PL,22,1,20261004T170824,3473396f306b42494f36624f7048764f6c4f56447877587176546539642b513238474a59794c6c516c32593d,Totalizado
Águas Vermelhas,MG,0213,0145,6259,Deputado Estadual,7,22111,PHABLO GOMES ALMEIDA,PL,22,1,20261004T170824,3473396f306b42494f36624f7048764f6c4f56447877587176546539642b513238474a59794c6c516c32593d,Totalizado
Águas Vermelhas,MG,0213,0145,6259,Deputado Estadual,7,22777,CHIARA TEIXEIRA BIONDINI,PL,22,1,20261004T170824,3473396f306b42494f36624f7048764f6c4f56447877587176546539642b513238474a59794c6c516c32593d,Totalizado
Águas Vermelhas,MG,0213,0145,6259,Deputado Estadual,7,22822,CLAUDIO SAMUEL SOUSA CAIRES,PL,22,1,20261004T170824,3473396f306b42494f36624f7048764f6c4f56447877587176546539642b513238474a59794c6c516c32593d,Totalizado
Águas Vermelhas,MG,0213,0145,6259,Deputado Estadual,7,35321,HELOYR LIVINGSTONE BARREIROS FORTUNATO,DEMOCRATA,35,1,20261004T170824,3473396f306b42494f36624f7048764f6c4f56447877587176546539642b513238474a59794c6c516c32593d,Totalizado
Águas Vermelhas,MG,0213,0145,6259,Deputado Estadual,7,70122,RODNEY MARCELO FLORENTINO MARTINS,AVANTE,70,1,20261004T170824,3473396f306b42494f36624f7048764f6c4f56447877587176546539642b513238474a59794c6c516c32593d,Totalizado
Águas Vermelhas,MG,0213,0176,6259,Deputado Estadual,7,11789,NAYARA ROCHA PERDIGÃO LARA,PP,11,170,20261004T173410,55656978575766344e76544779515948515848464a75515352527766497042722b5165366742414e4b6b553d,Totalizado
Águas Vermelhas,MG,0213,0176,6259,Deputado Estadual,7,22345,DENERVAL GERMANO DA CRUZ,PL,22,18,20261004T173410,55656978575766344e76544779515948515848464a75515352527766497042722b5165366742414e4b6b553d,Totalizado
Águas Vermelhas,MG,0213,0176,6259,Deputado Estadual,7,13579,WHELTON PIMENTEL DE FREITAS,PT,13,12,20261004T173410,55656978575766344e76544779515948515848464a75515352527766497042722b5165366742414e4b6b553d,Totalizado
Águas Vermelhas,MG,0213,0176,6259,Deputado Estadual,7,10123,CARLOS HENRIQUE ALVES DA SILVA,REPUBLICANOS,10,9,20261004T173410,55656978575766344e76544779515948515848464a75515352527766497042722b5165366742414e4b6b553d,Totalizado
Águas Vermelhas,MG,0213,0176,6259,Deputado Estadual,7,15111,ARLEN DE PAULO SANTIAGO FILHO,MDB,15,8,20261004T173410,55656978575766344e76544779515948515848464a75515352527766497042722b5165366742414e4b6b553d,Totalizado
Águas Vermelhas,MG,0213,0176,6259,Deputado Estadual,7,70123,ANA CAROLINA PINTO CARAM GUIMARAES,AVANTE,70,7,20261004T173410,55656978575766344e76544779515948515848464a75515352527766497042722b5165366742414e4b6b553d,Totalizado
Águas Vermelhas,MG,0213,0176,6259,Deputado Estadual,7,13000,ADRIANA CRISTINA FABIANO DE SOUZA,PT,13,2,20261004T173410,55656978575766344e76544779515948515848464a75515352527766497042722b5165366742414e4b6b553d,Totalizado
Águas Vermelhas,MG,0213,0176,6259,Deputado Estadual,7,13123,BEATRIZ DA SILVA CERQUEIRA,PT,13,2,20261004T173410,55656978575766344e76544779515948515848464a75515352527766497042722b5165366742414e4b6b553d,Totalizado
Águas Vermelhas,MG,0213,0176,6259,Deputado Estadual,7,22222,BRUNO DE CASTRO ENGLER FLORENCIO DE ALMEIDA,PL,22,2,20261004T173410,55656978575766344e76544779515948515848464a75515352527766497042722b5165366742414e4b6b553d,Totalizado
Águas Vermelhas,MG,0213,0176,6259,Deputado Estadual,7,11123,ADRIANO DE ALMEIDA ALVARENGA,PP,11,1,20261004T173410,55656978575766344e76544779515948515848464a75515352527766497042722b5165366742414e4b6b553d,Totalizado
Águas Vermelhas,MG,0213,0176,6259,Deputado Estadual,7,11230,OSCAR LISANDRO TEIXEIRA,PP,11,1,20261004T173410,55656978575766344e76544779515948515848464a75515352527766497042722b5165366742414e4b6b553d,Totalizado
Águas Vermelhas,MG,0213,0176,6259,Deputado Estadual,7,13070,VITOR GONÇALVES COSTA,PT,13,1,20261004T173410,55656978575766344e76544779515948515848464a75515352527766497042722b5165366742414e4b6b553d,Totalizado
Águas Vermelhas,MG,0213,0176,6259,Deputado Estadual,7,13100,JEAN MARK FREIRE SILVA,PT,13,1,20261004T173410,55656978575766344e76544779515948515848464a75515352527766497042722b5165366742414e4b6b553d,Totalizado
Águas Vermelhas,MG,0213,0176,6259,Deputado Estadual,7,13120,CRISTIANO TADEU DA SILVEIRA,PT,13,1,20261004T173410,55656978575766344e76544779515948515848464a75515352527766497042722b5165366742414e4b6b553d,Totalizado
Águas Vermelhas,MG,0213,0176,6259,Deputado Estadual,7,13131,ROULIAN VIEIRA DO NASCIMENTO,PT,13,1,20261004T173410,55656978575766344e76544779515948515848464a75515352527766497042722b5165366742414e4b6b553d,Totalizado
Águas Vermelhas,MG,0213,0176,6259,Deputado Estadual,7,13222,DANIEL BATISTA SUCUPIRA,PT,13,1,20261004T173410,55656978575766344e76544779515948515848464a75515352527766497042722b5165366742414e4b6b553d,Totalizado
Águas Vermelhas,MG,0213,0176,6259,Deputado Estadual,7,22010,EDUARDO HENRIQUE DE AZEVEDO,PL,22,1,20261004T173410,55656978575766344e76544779515948515848464a75515352527766497042722b5165366742414e4b6b553d,Totalizado
Águas Vermelhas,MG,0213,0176,6259,Deputado Estadual,7,22777,CHIARA TEIXEIRA BIONDINI,PL,22,1,20261004T173410,55656978575766344e76544779515948515848464a75515352527766497042722b5165366742414e4b6b553d,Totalizado
Águas Vermelhas,MG,0213,0176,6259,Deputado Estadual,7,30000,RIAN DE ÁVILA PEREIRA,NOVO,30,1,20261004T173410,55656978575766344e76544779515948515848464a75515352527766497042722b5165366742414e4b6b553d,Totalizado
Águas Vermelhas,MG,0213,0176,6259,Deputado Estadual,7,50099,IZABELLA LOURENÇA AMORIM ROMUALDO,PSOL,50,1,20261004T173410,55656978575766344e76544779515948515848464a75515352527766497042722b5165366742414e4b6b553d,Totalizado
Águas Vermelhas,MG,0213,0179,6259,Deputado Estadual,7,70123,ANA CAROLINA PINTO CARAM GUIMARAES,AVANTE,70,93,20261004T180840,455075734f68543756534e644e777778317550756b2b316433346e344e51703373426257554b61554c57303d,Totalizado
Águas Vermelhas,MG,0213,0179,6259,Deputado Estadual,7,22345,DENERVAL GERMANO DA CRUZ,PL,22,39,20261004T180840,455075734f68543756534e644e777778317550756b2b316433346e344e51703373426257554b61554c57303d,Totalizado
Águas Vermelhas,MG,0213,0179,6259,Deputado Estadual,7,43789,CARLITO PEREIRA DA COSTA,PV,43,18,20261004T180840,455075734f68543756534e644e777778317550756b2b316433346e344e51703373426257554b61554c57303d,Totalizado
Águas Vermelhas,MG,0213,0179,6259,Deputado Estadual,7,10123,CARLOS HENRIQUE ALVES DA SILVA,REPUBLICANOS,10,17,20261004T180840,455075734f68543756534e644e777778317550756b2b316433346e344e51703373426257554b61554c57303d,Totalizado
Águas Vermelhas,MG,0213,0179,6259,Deputado Estadual,7,13100,JEAN MARK FREIRE SILVA,PT,13,14,20261004T180840,455075734f68543756534e644e777778317550756b2b316433346e344e51703373426257554b61554c57303d,Totalizado
Águas Vermelhas,MG,0213,0179,6259,Deputado Estadual,7,13123,BEATRIZ DA SILVA CERQUEIRA,PT,13,6,20261004T180840,455075734f68543756534e644e777778317550756b2b316433346e344e51703373426257554b61554c57303d,Totalizado
Águas Vermelhas,MG,0213,0179,6259,Deputado Estadual,7,44777,WENDEL CRISTIANO SOARES DE MESQUITA,UNIÃO,44,5,20261004T180840,455075734f68543756534e644e777778317550756b2b316433346e344e51703373426257554b61554c57303d,Totalizado
Águas Vermelhas,MG,0213,0179,6259,Deputado Estadual,7,20000,FLAVIA FERREIRA BORJA PINTO,PODE,20,4,20261004T180840,455075734f68543756534e644e777778317550756b2b316433346e344e51703373426257554b61554c57303d,Totalizado
Águas Vermelhas,MG,0213,0179,6259,Deputado Estadual,7,13450,CARLOS MAGNO RIBEIRO COSTA,PT,13,3,20261004T180840,455075734f68543756534e644e777778317550756b2b316433346e344e51703373426257554b61554c57303d,Totalizado
Águas Vermelhas,MG,0213,0179,6259,Deputado Estadual,7,22010,EDUARDO HENRIQUE DE AZEVEDO,PL,22,2,20261004T180840,455075734f68543756534e644e777778317550756b2b316433346e344e51703373426257554b61554c57303d,Totalizado
Águas Vermelhas,MG,0213,0179,6259,Deputado Estadual,7,22123,ANTÔNIO CARLOS ARANTES,PL,22,2,20261004T180840,455075734f68543756534e644e777778317550756b2b316433346e344e51703373426257554b61554c57303d,Totalizado
Águas Vermelhas,MG,0213,0179,6259,Deputado Estadual,7,25222,ROBERTO DIAS DE ANDRADE,PRD,25,2,20261004T180840,455075734f68543756534e644e777778317550756b2b316433346e344e51703373426257554b61554c57303d,Totalizado
Águas Vermelhas,MG,0213,0179,6259,Deputado Estadual,7,40777,ANTONIO AUGUSTO RESENDE MAIA,PSB,40,2,20261004T180840,455075734f68543756534e644e777778317550756b2b316433346e344e51703373426257554b61554c57303d,Totalizado
Águas Vermelhas,MG,0213,0179,6259,Deputado Estadual,7,11111,JOSE GUILHERME FERREIRA FILHO,PP,11,1,20261004T180840,455075734f68543756534e644e777778317550756b2b316433346e344e51703373426257554b61554c57303d,Totalizado
Águas Vermelhas,MG,0213,0179,6259,Deputado Estadual,7,12100,MARCIA MARIA DE SOUZA CARDOSO,PDT,12,1,20261004T180840,455075734f68543756534e644e777778317550756b2b316433346e344e51703373426257554b61554c57303d,Totalizado
Águas Vermelhas,MG,0213,0179,6259,Deputado Estadual,7,12345,BRUNO MARTUCHELE DE SALES,PDT,12,1,20261004T180840,455075734f68543756534e644e777778317550756b2b316433346e344e51703373426257554b61554c57303d,Totalizado
Águas Vermelhas,MG,0213,0179,6259,Deputado Estadual,7,13130,MACAE MARIA EVARISTO DOS SANTOS,PT,13,1,20261004T180840,455075734f68543756534e644e777778317550756b2b316433346e344e51703373426257554b61554c57303d,Totalizado
Águas Vermelhas,MG,0213,0179,6259,Deputado Estadual,7,13579,WHELTON PIMENTEL DE FREITAS,PT,13,1,20261004T180840,455075734f68543756534e644e777778317550756b2b316433346e344e51703373426257554b61554c57303d,Totalizado
Águas Vermelhas,MG,0213,0179,6259,Deputado Estadual,7,15111,ARLEN DE PAULO SANTIAGO FILHO,MDB,15,1,20261004T180840,455075734f68543756534e644e777778317550756b2b316433346e344e51703373426257554b61554c57303d,Totalizado
Águas Vermelhas,MG,0213,0179,6259,Deputado Estadual,7,22111,PHABLO GOMES ALMEIDA,PL,22,1,20261004T180840,455075734f68543756534e644e777778317550756b2b316433346e344e51703373426257554b61554c57303d,Totalizado
Águas Vermelhas,MG,0213,0179,6259,Deputado Estadual,7,22122,WASHINGTON FERNANDO RODRIGUES,PL,22,1,20261004T180840,455075734f68543756534e644e777778317550756b2b316433346e344e51703373426257554b61554c57303d,Totalizado
Águas Vermelhas,MG,0213,0179,6259,Deputado Estadual,7,35190,THIAGO GREGORIO CEZARIO DA SILVA,DEMOCRATA,35,1,20261004T180840,455075734f68543756534e644e777778317550756b2b316433346e344e51703373426257554b61554c57303d,Totalizado
Águas Vermelhas,MG,0213,0179,6259,Deputado Estadual,7,55210,GILBERTO WAGNER MARTINS PEREIRA ANTUNES,PSD,55,1,20261004T180840,455075734f68543756534e644e777778317550756b2b316433346e344e51703373426257554b61554c57303d,Totalizado
Águas Vermelhas,MG,0213,0179,6259,Deputado Estadual,7,70122,RODNEY MARCELO FLORENTINO MARTINS,AVANTE,70,1,20261004T180840,455075734f68543756534e644e777778317550756b2b316433346e344e51703373426257554b61554c57303d,Totalizado
